primary,target_mode,lead,model,pooled_test_accuracy,sharpe,ann_return,max_drawdown,sortino,hit_rate,pct_traded,n_oos_days
EUR/USD,binary,1,SVM (RBF),0.5047619047619047,0.35306724285416763,0.01879212941268671,-0.10490422802505761,0.4679931034239539,0.5061058344640434,0.8773809523809524,840.0
EUR/USD,binary,1,MLP neural net,0.4988095238095238,0.32234631057332747,0.017343562376253674,-0.09433752903784343,0.43431135510290103,0.5034106412005457,0.8726190476190476,840.0
EUR/USD,binary,1,"Logit (statsmodels, PCA)",0.4880952380952381,-0.13000226350986055,-0.007170568348304429,-0.11328874563564484,-0.1778910273130082,0.4880503144654088,0.9464285714285714,840.0
EUR/USD,binary,1,"Probit (statsmodels, PCA)",0.48928571428571427,-0.13298761016713934,-0.007342057508790245,-0.10944227581295474,-0.18203801029342515,0.487468671679198,0.95,840.0
EUR/USD,binary,1,Random forest,0.49166666666666664,-0.14934224643026325,-0.008138907383586802,-0.13153053342475285,-0.20546402830173435,0.4885786802030457,0.9380952380952381,840.0
EUR/USD,binary,1,"Logistic (sklearn, on global PCA)",0.4928571428571429,-0.19389763610876432,-0.010587465850028122,-0.10642568796404173,-0.26405053273574813,0.48557089084065247,0.9488095238095238,840.0
EUR/USD,binary,1,Gradient boosting (sklearn),0.49166666666666664,-0.3973699428632805,-0.022101351898327737,-0.1380047676044387,-0.5468843024539327,0.49158653846153844,0.9904761904761905,840.0
EUR/USD,binary,1,Ensemble (weighted train acc),0.4785714285714286,-0.40565101132254816,-0.022002425237667156,-0.1276935401378979,-0.5563040209111065,0.4815270935960591,0.9666666666666667,840.0
EUR/USD,binary,1,Ensemble (mean proba),0.4738095238095238,-0.4158349060545375,-0.022734008481899548,-0.13394047506288909,-0.5734954009165397,0.47718865598027127,0.9654761904761905,840.0
EUR/USD,binary,1,Hist gradient boosting,0.475,-0.9185070825404282,-0.05025112456912473,-0.21534587628532142,-1.2422972396691638,0.4746376811594203,0.9857142857142858,840.0
EUR/USD,binary,1,XGBoost,0.46785714285714286,-0.9884443954419774,-0.053869787261607294,-0.21500532533569183,-1.3354680189320312,0.4692400482509047,0.986904761904762,840.0
EUR/USD,binary,2,MLP neural net,0.5190476190476191,0.9135390137001013,0.072480455206968,-0.1726435473225144,1.4645565847056319,0.5181208053691275,0.8869047619047619,840.0
EUR/USD,binary,2,Gradient boosting (sklearn),0.5202380952380953,0.76746803964722,0.06431682751317869,-0.1556169745673881,1.099098170773309,0.5199034981905911,0.986904761904762,840.0
EUR/USD,binary,2,Ensemble (weighted train acc),0.513095238095238,0.28755449098575203,0.023413558960245107,-0.17808995165179253,0.40219949309773073,0.5158150851581509,0.9785714285714285,840.0
EUR/USD,binary,2,Ensemble (mean proba),0.5083333333333333,0.05781233847640724,0.004654204045626331,-0.20696510352069641,0.07993350247593639,0.5086633663366337,0.9619047619047619,840.0
EUR/USD,binary,2,SVM (RBF),0.5178571428571429,0.046747711136156486,0.003723530929833352,-0.201144421821293,0.06212910750668182,0.5157232704402516,0.9464285714285714,840.0
EUR/USD,binary,2,Random forest,0.5083333333333333,-0.029493506139777827,-0.00235764660885851,-0.2314245730311455,-0.04024685312573227,0.5056320400500626,0.9511904761904761,840.0
EUR/USD,binary,2,XGBoost,0.5047619047619047,-0.16640487989634167,-0.01339356671939429,-0.24768775533090115,-0.2308850556083265,0.5036319612590799,0.9833333333333333,840.0
EUR/USD,binary,2,"Probit (statsmodels, PCA)",0.4988095238095238,-0.20534514911726348,-0.016250024336213365,-0.17716953623403042,-0.28274302686297464,0.5024813895781638,0.9595238095238096,840.0
EUR/USD,binary,2,"Logit (statsmodels, PCA)",0.49404761904761907,-0.30131152204168954,-0.023881181125899875,-0.1771695362340303,-0.41720990107395917,0.4981549815498155,0.9678571428571429,840.0
EUR/USD,binary,2,"Logistic (sklearn, on global PCA)",0.5047619047619047,-0.38968217264243465,-0.030627902858287093,-0.19044837679513127,-0.5327533797522032,0.5061124694376528,0.9738095238095238,840.0
EUR/USD,binary,2,Hist gradient boosting,0.4976190476190476,-0.4592361194789075,-0.03654987905176055,-0.3257421163110713,-0.6442020134702962,0.4951807228915663,0.9880952380952381,840.0
EUR/USD,binary,3,Gradient boosting (sklearn),0.5119047619047619,-0.38788115032565296,-0.03929086828830153,-0.44719461871781774,-0.5158299408909461,0.5102040816326531,0.9916666666666667,840.0
EUR/USD,binary,3,"Logit (statsmodels, PCA)",0.49523809523809526,-0.4685999063387718,-0.04712741412800192,-0.325249582296794,-0.6339146167442313,0.4987745098039216,0.9714285714285714,840.0
EUR/USD,binary,3,"Probit (statsmodels, PCA)",0.49523809523809526,-0.5886575021343585,-0.058178383324830496,-0.3462679515273227,-0.7879321863750347,0.4963235294117647,0.9714285714285714,840.0
EUR/USD,binary,3,Hist gradient boosting,0.49166666666666664,-0.636093935314036,-0.06362776379180801,-0.4536047589697706,-0.8844750067398556,0.4897959183673469,0.9916666666666667,840.0
EUR/USD,binary,3,"Logistic (sklearn, on global PCA)",0.49047619047619045,-0.6951572899022306,-0.06786461054900561,-0.35237798402361364,-0.9406530013125097,0.4907292954264524,0.9630952380952381,840.0
EUR/USD,binary,3,Ensemble (weighted train acc),0.49404761904761907,-0.8081226740413291,-0.07979593422132647,-0.4839988924798464,-1.069684054786014,0.49570552147239266,0.9702380952380952,840.0
EUR/USD,binary,3,Ensemble (mean proba),0.49642857142857144,-0.822724257387787,-0.08131939331829219,-0.47202302710392763,-1.0970119973906751,0.4926829268292683,0.9761904761904762,840.0
EUR/USD,binary,3,XGBoost,0.4857142857142857,-0.9553728350899892,-0.09403121801233583,-0.5113447517522172,-1.270155445012707,0.48677884615384615,0.9904761904761905,840.0
EUR/USD,binary,3,Random forest,0.49642857142857144,-0.9754367980070228,-0.09533735122779108,-0.5103212967157906,-1.2814110631885185,0.4963144963144963,0.969047619047619,840.0
EUR/USD,binary,3,MLP neural net,0.4797619047619048,-1.147500922215689,-0.10753436065652089,-0.47091062455707766,-1.5245796485884135,0.48128342245989303,0.8904761904761904,840.0
EUR/USD,binary,3,SVM (RBF),0.48214285714285715,-1.2330148567318535,-0.11877525961454527,-0.4661973105598878,-1.657697904015477,0.4808877928483354,0.9654761904761905,840.0
EUR/USD,binary,4,Hist gradient boosting,0.49047619047619045,-0.31467393696992685,-0.03739232944131787,-0.369558697021672,-0.4812286934722269,0.4904306220095694,0.9952380952380953,840.0
EUR/USD,binary,4,MLP neural net,0.5023809523809524,-0.7680735694074723,-0.08717304284259131,-0.4966677594779755,-1.048710730833898,0.5006369426751592,0.9345238095238095,840.0
EUR/USD,binary,4,Gradient boosting (sklearn),0.48214285714285715,-0.8008131207139074,-0.09217315197504783,-0.39594567870250597,-1.165623665784838,0.48028673835125446,0.9964285714285714,840.0
EUR/USD,binary,4,"Logistic (sklearn, on global PCA)",0.4857142857142857,-0.8237031927470276,-0.09402465748919608,-0.4683034722454559,-1.1653669018819057,0.48418491484184917,0.9785714285714285,840.0
EUR/USD,binary,4,"Logit (statsmodels, PCA)",0.48095238095238096,-0.9364405287497255,-0.10637106255544326,-0.4864056327855969,-1.3213259740110932,0.4848851269649335,0.9845238095238096,840.0
EUR/USD,binary,4,"Probit (statsmodels, PCA)",0.4785714285714286,-0.9846435907818992,-0.11154712881030837,-0.48709326891631755,-1.3902234871156596,0.4825090470446321,0.986904761904762,840.0
EUR/USD,binary,4,Ensemble (weighted train acc),0.4880952380952381,-1.042716551927198,-0.11782217289990582,-0.510572810646486,-1.4699675969236252,0.48477466504263095,0.9773809523809524,840.0
EUR/USD,binary,4,Ensemble (mean proba),0.4797619047619048,-1.1868976117022996,-0.13236486809037873,-0.5357204785795723,-1.6624707015496551,0.48175182481751827,0.9785714285714285,840.0
EUR/USD,binary,4,XGBoost,0.4785714285714286,-1.2379899782950445,-0.13886427513500876,-0.5199288967880424,-1.75882701060877,0.47909199522102747,0.9964285714285714,840.0
EUR/USD,binary,4,SVM (RBF),0.4642857142857143,-1.3039348205858738,-0.14533890432255892,-0.4761484964782313,-1.8629349216188045,0.46480582524271846,0.9809523809523809,840.0
EUR/USD,binary,4,Random forest,0.4738095238095238,-1.3192549504444742,-0.1458974781682829,-0.5219445987997655,-1.8652035139196568,0.47317073170731705,0.9761904761904762,840.0
EUR/USD,binary,5,Hist gradient boosting,0.4880952380952381,-0.42001475007016403,-0.05562295572693887,-0.45597015606523283,-0.643183771805922,0.4880668257756563,0.9976190476190476,840.0
EUR/USD,binary,5,"Logit (statsmodels, PCA)",0.513095238095238,-0.6445286186341632,-0.0837403326140107,-0.5196918050855692,-0.9107909894541265,0.5103030303030303,0.9821428571428571,840.0
EUR/USD,binary,5,"Probit (statsmodels, PCA)",0.5095238095238095,-0.7001868138652511,-0.0906878227214366,-0.5254800704631883,-0.9936254123735817,0.5066505441354293,0.9845238095238096,840.0
EUR/USD,binary,5,MLP neural net,0.5214285714285715,-0.8356555943485731,-0.10492542524631832,-0.5804170881850408,-1.0863736697470832,0.5137254901960784,0.9107142857142857,840.0
EUR/USD,binary,5,Ensemble (mean proba),0.4880952380952381,-0.9356616355638147,-0.11917786666074182,-0.555386230078946,-1.3105249465155733,0.4854014598540146,0.9785714285714285,840.0
EUR/USD,binary,5,"Logistic (sklearn, on global PCA)",0.4976190476190476,-1.0010275328604497,-0.12649533790816136,-0.5793947418558505,-1.4301362796477783,0.4963768115942029,0.9857142857142858,840.0
EUR/USD,binary,5,Ensemble (weighted train acc),0.4797619047619048,-1.0139424136883242,-0.1284548300545746,-0.5614846614838731,-1.4298207564518384,0.4806763285024155,0.9857142857142858,840.0
EUR/USD,binary,5,Gradient boosting (sklearn),0.46785714285714286,-1.1341291993060245,-0.1425645593692525,-0.5501469692649041,-1.6025514328924384,0.4688995215311005,0.9952380952380953,840.0
EUR/USD,binary,5,SVM (RBF),0.48928571428571427,-1.1544179380814992,-0.14425144904139453,-0.5333486290256593,-1.6335242737309748,0.48592411260709917,0.9726190476190476,840.0
EUR/USD,binary,5,Random forest,0.4773809523809524,-1.4024605983588339,-0.17215952487780495,-0.5767598691943618,-1.9595997713492017,0.4743276283618582,0.9738095238095238,840.0
EUR/USD,binary,5,XGBoost,0.46785714285714286,-1.541689698052812,-0.18876031680877903,-0.6347085826082433,-2.167141798053596,0.46467065868263474,0.9940476190476191,840.0
EUR/USD,binary,6,"Probit (statsmodels, PCA)",0.5226190476190476,-0.1460281580509156,-0.021354854210275054,-0.5350405621277361,-0.2090412412637806,0.5240963855421686,0.9880952380952381,840.0
EUR/USD,binary,6,"Logit (statsmodels, PCA)",0.5214285714285715,-0.21809483879537903,-0.03174370997186993,-0.5388574573822895,-0.3128944947781776,0.5199034981905911,0.986904761904762,840.0
EUR/USD,binary,6,MLP neural net,0.5357142857142857,-0.23190946025451054,-0.03266912474071604,-0.6088881062576628,-0.29734243918265246,0.5337662337662338,0.9166666666666666,840.0
EUR/USD,binary,6,"Logistic (sklearn, on global PCA)",0.5047619047619047,-0.29028809506728737,-0.04194525273972871,-0.5335585954234215,-0.42302989681301895,0.5078787878787879,0.9821428571428571,840.0
EUR/USD,binary,6,SVM (RBF),0.4976190476190476,-0.9686048151053122,-0.13273951545649187,-0.5470277761762319,-1.3835682195089114,0.49877750611246946,0.9738095238095238,840.0
EUR/USD,binary,6,Gradient boosting (sklearn),0.4785714285714286,-1.2045725416123603,-0.1623164305053667,-0.5992689780701769,-1.847817095323357,0.47601918465227816,0.9928571428571429,840.0
EUR/USD,binary,6,Ensemble (mean proba),0.48214285714285715,-1.3057054479751518,-0.17551148937234662,-0.6608211246010117,-1.8879132850410836,0.4837153196622437,0.986904761904762,840.0
EUR/USD,binary,6,Ensemble (weighted train acc),0.48214285714285715,-1.3358601906268759,-0.17870492497378465,-0.6572435963782253,-1.9323158305302832,0.4812121212121212,0.9821428571428571,840.0
EUR/USD,binary,6,Hist gradient boosting,0.46785714285714286,-1.44874148076211,-0.19280043107014444,-0.6574061587450786,-2.1513118969834277,0.4700956937799043,0.9952380952380953,840.0
EUR/USD,binary,6,Random forest,0.47023809523809523,-1.553962786218342,-0.20492157712072134,-0.6557283088142463,-2.240595357692505,0.4710843373493976,0.9880952380952381,840.0
EUR/USD,binary,6,XGBoost,0.4654761904761905,-1.5719745483084466,-0.20717019915856538,-0.6993255870747167,-2.3502495236687677,0.4658682634730539,0.9940476190476191,840.0
EUR/USD,binary,7,"Probit (statsmodels, PCA)",0.5202380952380953,0.2608089169050387,0.04240866587472292,-0.5232318154139051,0.407559341381051,0.5206812652068127,0.9785714285714285,840.0
EUR/USD,binary,7,"Logistic (sklearn, on global PCA)",0.5178571428571429,0.2064131051799088,0.033403936741594586,-0.5034038898241182,0.31949151717096475,0.5199034981905911,0.986904761904762,840.0
EUR/USD,binary,7,"Logit (statsmodels, PCA)",0.5214285714285715,0.0871930942314768,0.013984810695642391,-0.5230803714259675,0.13482214834295436,0.5175757575757576,0.9821428571428571,840.0
EUR/USD,binary,7,MLP neural net,0.5083333333333333,-0.7070310062952159,-0.10347495549443075,-0.5657498817222131,-0.9034949047062196,0.5187096774193548,0.9226190476190477,840.0
EUR/USD,binary,7,Hist gradient boosting,0.48095238095238096,-0.9338911458191478,-0.13810363037972417,-0.6531341190066582,-1.461838753682796,0.48086124401913877,0.9952380952380953,840.0
EUR/USD,binary,7,Gradient boosting (sklearn),0.4869047619047619,-0.947673549728285,-0.14002902735039635,-0.6259300095089522,-1.4427691996604857,0.48739495798319327,0.9916666666666667,840.0
EUR/USD,binary,7,Ensemble (weighted train acc),0.49047619047619045,-0.9731877403302538,-0.1435238415277188,-0.6216347281526639,-1.442252483748242,0.4897466827503016,0.986904761904762,840.0
EUR/USD,binary,7,Ensemble (mean proba),0.49047619047619045,-0.9853026562351094,-0.1451304163468139,-0.6237955853871612,-1.4609050058595314,0.4897466827503016,0.986904761904762,840.0
EUR/USD,binary,7,SVM (RBF),0.475,-1.1238662134486388,-0.16241784193828535,-0.6103071498572381,-1.5720520148546846,0.4731051344743276,0.9738095238095238,840.0
EUR/USD,binary,7,XGBoost,0.4630952380952381,-1.2376517832044585,-0.17848774701462777,-0.681837098838156,-1.9378615861383472,0.4639423076923077,0.9904761904761905,840.0
EUR/USD,binary,7,Random forest,0.46190476190476193,-1.4789959260427807,-0.2078104871759302,-0.6508084803782885,-2.2511195723332906,0.45843520782396086,0.9738095238095238,840.0
EUR/USD,binary,8,"Probit (statsmodels, PCA)",0.5321428571428571,0.9378409470571969,0.16931345254887797,-0.48667393840440154,1.6245537937749208,0.5351089588377724,0.9833333333333333,840.0
EUR/USD,binary,8,Gradient boosting (sklearn),0.5119047619047619,0.827976416175012,0.14898295610604584,-0.3437544472838663,1.3678846567626666,0.513126491646778,0.9976190476190476,840.0
EUR/USD,binary,8,"Logistic (sklearn, on global PCA)",0.5333333333333333,0.8268951100855649,0.14806227681494555,-0.43046778464002344,1.3990097010430511,0.5349397590361445,0.9880952380952381,840.0
EUR/USD,binary,8,Hist gradient boosting,0.5166666666666667,0.6770725783062159,0.12025338855296552,-0.45806990748220855,1.1304427887486608,0.5179425837320574,0.9952380952380953,840.0
EUR/USD,binary,8,"Logit (statsmodels, PCA)",0.5285714285714286,0.62701912987151,0.11108639005983934,-0.47920227746348065,1.0535131207791513,0.5306122448979592,0.9916666666666667,840.0
EUR/USD,binary,8,Ensemble (mean proba),0.5154761904761904,0.4653663856386906,0.08057822384535651,-0.5006863629962653,0.7858147722170236,0.5175332527206772,0.9845238095238096,840.0
EUR/USD,binary,8,XGBoost,0.5166666666666667,0.41733943003180607,0.0718783867877939,-0.43447561795536727,0.715708816812131,0.5149700598802395,0.9940476190476191,840.0
EUR/USD,binary,8,Ensemble (weighted train acc),0.5142857142857142,0.4154699515180093,0.07106161945733525,-0.4886579157409876,0.6977028621220738,0.5162846803377563,0.986904761904762,840.0
EUR/USD,binary,8,MLP neural net,0.5095238095238095,0.3484870423992073,0.0588824901828644,-0.49673735439917,0.47052261854350297,0.5205655526992288,0.9261904761904762,840.0
EUR/USD,binary,8,Random forest,0.49642857142857144,-0.09958228028259086,-0.016490009724058008,-0.558311458793754,-0.15737378850171083,0.5012224938875306,0.9738095238095238,840.0
EUR/USD,binary,8,SVM (RBF),0.5083333333333333,-0.38735429900262963,-0.06239794325808867,-0.5841194163613018,-0.5311575346085856,0.5072815533980582,0.9809523809523809,840.0
EUR/USD,binary,9,"Probit (statsmodels, PCA)",0.5654761904761905,1.5649553771324145,0.3127492522190236,-0.3456775746477867,2.7111674952848177,0.5654261704681873,0.9916666666666667,840.0
EUR/USD,binary,9,"Logit (statsmodels, PCA)",0.5678571428571428,1.5181263720033313,0.3018997440335669,-0.33788813533389994,2.634082454869587,0.5664670658682635,0.9940476190476191,840.0
EUR/USD,binary,9,"Logistic (sklearn, on global PCA)",0.5488095238095239,1.0622715547358412,0.20400198620914933,-0.3639075974891053,1.8377522308630445,0.5495169082125604,0.9857142857142858,840.0
EUR/USD,binary,9,XGBoost,0.5119047619047619,0.7845148983942916,0.14730312248194433,-0.3943785642602188,1.3660239351217822,0.5119331742243437,0.9976190476190476,840.0
EUR/USD,binary,9,Ensemble (mean proba),0.5273809523809524,0.6930066699306328,0.12807441718058454,-0.4308708672119873,1.2439075634921515,0.5223700120918985,0.9845238095238096,840.0
EUR/USD,binary,9,Ensemble (weighted train acc),0.5190476190476191,0.6227384590691074,0.1147131619430124,-0.4233152908656427,1.0901340554425905,0.520048602673147,0.9797619047619047,840.0
EUR/USD,binary,9,Gradient boosting (sklearn),0.5119047619047619,0.5716216504863159,0.1055378601762389,-0.45431881109886385,1.0045081142431116,0.511377245508982,0.9940476190476191,840.0
EUR/USD,binary,9,Hist gradient boosting,0.5047619047619047,0.2573623478959581,0.04609501997353638,-0.45644424088782176,0.44799678981096774,0.5035971223021583,0.9928571428571429,840.0
EUR/USD,binary,9,Random forest,0.5202380952380953,0.09920450158445572,0.017321991905594913,-0.5142504359566018,0.15350951093186233,0.5164034021871203,0.9797619047619047,840.0
EUR/USD,binary,9,SVM (RBF),0.5464285714285714,-0.023650698975808113,-0.004110811215025767,-0.57409584422524,-0.030773549261849168,0.5469879518072289,0.9880952380952381,840.0
EUR/USD,binary,9,MLP neural net,0.5190476190476191,-0.14548067641136023,-0.02455633631812626,-0.4661203892759249,-0.2094728567024499,0.5143979057591623,0.9095238095238095,840.0
EUR/USD,binary,10,"Probit (statsmodels, PCA)",0.530952380952381,1.0656255184916323,0.21124534346763135,-0.3686686348563314,1.9219103287263577,0.5321992709599028,0.9797619047619047,840.0
EUR/USD,binary,10,"Logit (statsmodels, PCA)",0.5285714285714286,0.9460939798607052,0.18780020030803568,-0.39588056592987,1.672161658003176,0.5282791817087846,0.9892857142857143,840.0
EUR/USD,binary,10,Hist gradient boosting,0.49523809523809526,0.7752865742324728,0.15184782563757038,-0.3896049248597585,1.432154791746669,0.4964200477326969,0.9976190476190476,840.0
EUR/USD,binary,10,Ensemble (mean proba),0.5214285714285715,0.7282893297779715,0.1416171574330667,-0.43729915965300215,1.248079491418643,0.5175757575757576,0.9821428571428571,840.0
EUR/USD,binary,10,"Logistic (sklearn, on global PCA)",0.5202380952380953,0.7171426080748121,0.1395957336034772,-0.4739984217194092,1.3153486408373565,0.5186522262334536,0.9892857142857143,840.0
EUR/USD,binary,10,Ensemble (weighted train acc),0.513095238095238,0.7028506646915068,0.13636440596568722,-0.4319674936037081,1.2045109802195049,0.5152253349573691,0.9773809523809524,840.0
EUR/USD,binary,10,XGBoost,0.5071428571428571,0.5470622151422742,0.1049599772233647,-0.471621143073931,0.9023231602736411,0.5083732057416268,0.9952380952380953,840.0
EUR/USD,binary,10,Gradient boosting (sklearn),0.5214285714285715,0.4801957382171025,0.09146090256768136,-0.557835399199435,0.7807050346036415,0.5215311004784688,0.9952380952380953,840.0
EUR/USD,binary,10,SVM (RBF),0.5416666666666666,0.401631549242537,0.07573976656179648,-0.5609238456636905,0.5290132191365483,0.5411622276029056,0.9833333333333333,840.0
EUR/USD,binary,10,MLP neural net,0.5321428571428571,0.3077526899255777,0.056183076753201666,-0.614251405768213,0.40359042881497237,0.5348258706467661,0.9571428571428572,840.0
EUR/USD,binary,10,Random forest,0.5095238095238095,0.11211387416411421,0.02055853002084662,-0.5309738779878009,0.17057040557692824,0.5066666666666667,0.9821428571428571,840.0
EUR/USD,ternary,1,Ensemble (weighted train acc),0.8666666666666667,0.5683985600588052,0.0010831842451308749,0.0,,1.0,0.001282051282051282,780.0
EUR/USD,ternary,1,Ensemble (mean proba),0.8653846153846154,0.5683985600588052,0.0010831842451308749,0.0,,1.0,0.001282051282051282,780.0
EUR/USD,ternary,1,"MNLogit (statsmodels, PCA)",0.8256410256410256,0.22411991676622572,0.0027007974155712766,-0.012626425546433118,0.09422785820943896,0.5,0.05384615384615385,780.0
EUR/USD,ternary,1,Gradient boosting (sklearn),0.7935897435897435,0.11752946738436489,0.0017910120890141101,-0.014954450212349313,0.052574829232874015,0.5138888888888888,0.09230769230769231,780.0
EUR/USD,ternary,1,Hist gradient boosting,0.8256410256410256,-0.22797329395710644,-0.0023429399624249614,-0.024688643791943243,-0.08328431174127746,0.46153846153846156,0.05,780.0
EUR/USD,ternary,1,"Logistic (sklearn, on global PCA)",0.4807692307692308,-0.34128233400952646,-0.010698904008217602,-0.07020881384661692,-0.33754127104645243,0.46439628482972134,0.41410256410256413,780.0
EUR/USD,ternary,1,XGBoost,0.8538461538461538,-0.6457512639095168,-0.0029565327494607274,-0.011367581860750042,-0.12804895503193875,0.4444444444444444,0.011538461538461539,780.0
EUR/USD,ternary,1,Random forest,0.867948717948718,,0.0,0.0,,,0.0,780.0
EUR/USD,ternary,1,MLP neural net,0.8666666666666667,,0.0,0.0,,,0.0,780.0
EUR/USD,ternary,1,SVM (RBF),0.867948717948718,,0.0,0.0,,,0.0,780.0
EUR/USD,ternary,2,XGBoost,0.625,-0.32711872504181727,-0.011577029873151012,-0.13441338295349559,-0.19948405730872096,0.5111111111111111,0.16071428571428573,840.0
EUR/USD,ternary,2,Hist gradient boosting,0.5630952380952381,-0.43161567591638533,-0.022655768155925515,-0.139121261278211,-0.3115685642329895,0.49407114624505927,0.3011904761904762,840.0
EUR/USD,ternary,2,SVM (RBF),0.7119047619047619,-0.547722557505166,-0.0024964406074805545,-0.008331831715876703,,0.0,0.0011904761904761906,840.0
EUR/USD,ternary,2,MLP neural net,0.7095238095238096,-0.5477225575051663,-0.002409070568346494,-0.00803988501616959,,0.0,0.0011904761904761906,840.0
EUR/USD,ternary,2,"MNLogit (statsmodels, PCA)",0.5845238095238096,-0.6999650089023935,-0.0340749343089608,-0.16519424193521648,-0.4338169809905057,0.5217391304347826,0.24642857142857144,840.0
EUR/USD,ternary,2,"Logistic (sklearn, on global PCA)",0.3464285714285714,-1.0237501758379115,-0.06049457771425082,-0.2880315613558785,-0.9516079063407639,0.49414519906323184,0.5083333333333333,840.0
EUR/USD,ternary,2,Ensemble (weighted train acc),0.6273809523809524,-1.4789147718742952,-0.0590902103196328,-0.22787353679491318,-0.7516726248027141,0.4017094017094017,0.1392857142857143,840.0
EUR/USD,ternary,2,Gradient boosting (sklearn),0.5511904761904762,-1.6275410787129618,-0.08157661768887425,-0.29124899614368904,-1.2192932836781034,0.4398496240601504,0.31666666666666665,840.0
EUR/USD,ternary,2,Ensemble (mean proba),0.6297619047619047,-1.6714600121977787,-0.0650327926655696,-0.22463493345571994,-0.8347041021739343,0.39473684210526316,0.1357142857142857,840.0
EUR/USD,ternary,2,Random forest,0.6833333333333333,-1.7637722139126215,-0.03075635661960119,-0.10121482954139549,-0.4948195907120204,0.16666666666666666,0.02142857142857143,840.0
EUR/USD,ternary,3,"Logistic (sklearn, on global PCA)",0.3202380952380952,0.17537919948678726,0.014509877814272265,-0.20010795159754113,0.17792951828073847,0.5102459016393442,0.580952380952381,840.0
EUR/USD,ternary,3,MLP neural net,0.5892857142857143,0.021057284300199097,0.00032039347122503337,-0.023190586812018354,0.003334967773949153,0.5,0.007142857142857143,840.0
EUR/USD,ternary,3,SVM (RBF),0.5654761904761905,-0.03451285212037362,-0.0007705121751550026,-0.05852156480095749,-0.01467344791641926,0.5178571428571429,0.06666666666666667,840.0
EUR/USD,ternary,3,"MNLogit (statsmodels, PCA)",0.475,-0.05698964105084047,-0.0039726814475501415,-0.15764660477561954,-0.0406430454097322,0.5343511450381679,0.3119047619047619,840.0
EUR/USD,ternary,3,Hist gradient boosting,0.4630952380952381,-0.06140033852493248,-0.004440004004996667,-0.18349830090501695,-0.04794086697420362,0.5116279069767442,0.35833333333333334,840.0
EUR/USD,ternary,3,XGBoost,0.5059523809523809,-0.1711129795781958,-0.011921932316869222,-0.19209209188906595,-0.11982837145699783,0.4957627118644068,0.28095238095238095,840.0
EUR/USD,ternary,3,Ensemble (mean proba),0.5071428571428571,-0.38782566850960704,-0.02421230290467591,-0.17869484344868536,-0.23065958172073783,0.4861878453038674,0.2154761904761905,840.0
EUR/USD,ternary,3,Ensemble (weighted train acc),0.5035714285714286,-0.4300645325937283,-0.02705150716728677,-0.18305545465083184,-0.26464767893592117,0.4789473684210526,0.2261904761904762,840.0
EUR/USD,ternary,3,Gradient boosting (sklearn),0.46904761904761905,-0.5016203307485099,-0.03772330872787888,-0.2737964754922009,-0.4061595077517972,0.5060240963855421,0.3952380952380952,840.0
EUR/USD,ternary,3,Random forest,0.5630952380952381,-0.9675118110081647,-0.051706033337132085,-0.1960520840549973,-0.39282248846709295,0.3466666666666667,0.08928571428571429,840.0
EUR/USD,ternary,4,SVM (RBF),0.49404761904761907,0.6524746495360335,0.02399150349980972,-0.06962999573230322,0.36327009636352825,0.5267857142857143,0.13333333333333333,840.0
EUR/USD,ternary,4,"MNLogit (statsmodels, PCA)",0.44166666666666665,0.3905184275791431,0.03512659522105155,-0.17879413355738294,0.318710336761618,0.5527950310559007,0.38333333333333336,840.0
EUR/USD,ternary,4,"Logistic (sklearn, on global PCA)",0.30952380952380953,0.27167662215233435,0.02714649341357367,-0.1953598774523826,0.2787275611214331,0.5421686746987951,0.5928571428571429,840.0
EUR/USD,ternary,4,Hist gradient boosting,0.4095238095238095,0.0336039793167735,0.003097082552223407,-0.25837158351552414,0.03201624529837437,0.5180412371134021,0.46190476190476193,840.0
EUR/USD,ternary,4,MLP neural net,0.5154761904761904,-0.11006907520171154,-0.002593923374365259,-0.05369920697927888,-0.02252646452591698,0.5,0.0380952380952381,840.0
EUR/USD,ternary,4,Ensemble (mean proba),0.45714285714285713,-0.2510746400249638,-0.01968542010148333,-0.2152739557051453,-0.1645399630098069,0.5219298245614035,0.2714285714285714,840.0
EUR/USD,ternary,4,Ensemble (weighted train acc),0.44642857142857145,-0.46994111857877935,-0.03659489973207197,-0.23404832308490664,-0.31770559235817053,0.510548523206751,0.28214285714285714,840.0
EUR/USD,ternary,4,XGBoost,0.44047619047619047,-0.5811527754024507,-0.04803444020705161,-0.29219971202599326,-0.44842692876175944,0.49645390070921985,0.3357142857142857,840.0
EUR/USD,ternary,4,Random forest,0.4988095238095238,-0.9275083405198176,-0.045911719009633534,-0.2308751813542611,-0.387180923091154,0.4727272727272727,0.13095238095238096,840.0
EUR/USD,ternary,4,Gradient boosting (sklearn),0.4119047619047619,-1.4513728631958496,-0.12626433613196908,-0.4427784301230092,-1.2642545960906737,0.4656084656084656,0.45,840.0
EUR/USD,ternary,5,"Logistic (sklearn, on global PCA)",0.3619047619047619,0.4011789361628719,0.04670903100733259,-0.25316965981054607,0.4229835389416242,0.5434782608695652,0.6023809523809524,840.0
EUR/USD,ternary,5,"MNLogit (statsmodels, PCA)",0.4023809523809524,0.2970726803277435,0.032711384948659106,-0.20064497776903534,0.28221093374065076,0.5318066157760815,0.46785714285714286,840.0
EUR/USD,ternary,5,Hist gradient boosting,0.37976190476190474,0.15611516403439019,0.015833778507219565,-0.17994765253450307,0.16238858448536775,0.5034802784222738,0.513095238095238,840.0
EUR/USD,ternary,5,MLP neural net,0.46904761904761905,0.11687884144104083,0.007598588789462735,-0.1256922438959498,0.039736280231739265,0.5454545454545454,0.05238095238095238,840.0
EUR/USD,ternary,5,Ensemble (weighted train acc),0.3976190476190476,-0.07119773633422756,-0.006964666619644233,-0.2245925162670156,-0.06569465720428393,0.49127906976744184,0.4095238095238095,840.0
EUR/USD,ternary,5,Ensemble (mean proba),0.4023809523809524,-0.07358519875689915,-0.007133424352239182,-0.22259738412265617,-0.06708751499505065,0.49554896142433236,0.4011904761904762,840.0
EUR/USD,ternary,5,Gradient boosting (sklearn),0.3904761904761905,-0.7314423775276819,-0.0767330854628292,-0.3289799951147999,-0.8141898263239749,0.4588744588744589,0.55,840.0
EUR/USD,ternary,5,SVM (RBF),0.4083333333333333,-0.7386369723972026,-0.0423495835989568,-0.26547135856910353,-0.5261767138460539,0.4888888888888889,0.21428571428571427,840.0
EUR/USD,ternary,5,XGBoost,0.4011904761904762,-0.7828699498072015,-0.0763436462713849,-0.38240692134960386,-0.7594162008330196,0.47368421052631576,0.4523809523809524,840.0
EUR/USD,ternary,5,Random forest,0.4166666666666667,-1.1155424041915571,-0.08958161888341476,-0.3310616574262961,-0.7561217789792809,0.4215686274509804,0.24285714285714285,840.0
EUR/USD,ternary,6,MLP neural net,0.42738095238095236,0.41878885056996223,0.027519445184530422,-0.1120784782113784,0.18410107970379358,0.47619047619047616,0.075,840.0
EUR/USD,ternary,6,"MNLogit (statsmodels, PCA)",0.34404761904761905,0.31797400180332563,0.04001567573602882,-0.3135348279347573,0.32369291299069747,0.5446428571428571,0.5333333333333333,840.0
EUR/USD,ternary,6,"Logistic (sklearn, on global PCA)",0.31666666666666665,0.31727868477153043,0.04082481939934701,-0.31327401808033195,0.35227708106395483,0.540952380952381,0.625,840.0
EUR/USD,ternary,6,SVM (RBF),0.3821428571428571,-0.2555999448882345,-0.017592467658751443,-0.21162437008222124,-0.217313139885562,0.5066666666666667,0.26785714285714285,840.0
EUR/USD,ternary,6,Ensemble (mean proba),0.3357142857142857,-1.0704101697541988,-0.10806229976714732,-0.44476050837729386,-1.0138262089347032,0.44972067039106145,0.4261904761904762,840.0
EUR/USD,ternary,6,Ensemble (weighted train acc),0.33095238095238094,-1.2424093398618532,-0.12529389972582994,-0.47866489319116945,-1.180955942801903,0.44173441734417346,0.4392857142857143,840.0
EUR/USD,ternary,6,Gradient boosting (sklearn),0.35714285714285715,-1.4158203027297651,-0.15538883543341886,-0.5268075545369093,-1.5361338721282407,0.43526785714285715,0.5333333333333333,840.0
EUR/USD,ternary,6,Hist gradient boosting,0.3142857142857143,-1.643316112885439,-0.17220834203633217,-0.5865292225279326,-1.8077972694448652,0.4488517745302714,0.5702380952380952,840.0
EUR/USD,ternary,6,Random forest,0.35119047619047616,-1.6670685722111165,-0.14675224447998292,-0.4631453677063907,-1.356088002656696,0.41379310344827586,0.3107142857142857,840.0
EUR/USD,ternary,6,XGBoost,0.319047619047619,-1.9887764265427215,-0.20501230485145072,-0.6081371652129675,-2.1272551569773515,0.41299303944315546,0.513095238095238,840.0
EUR/USD,ternary,7,"MNLogit (statsmodels, PCA)",0.35119047619047616,-0.2567533358044539,-0.03392319093842899,-0.4163981953570025,-0.27295868402098844,0.5178197064989518,0.5678571428571428,840.0
EUR/USD,ternary,7,MLP neural net,0.3952380952380952,-0.30013520371744856,-0.02672925920436875,-0.15756646383675998,-0.16679886384383555,0.48201438848920863,0.16547619047619047,840.0
EUR/USD,ternary,7,SVM (RBF),0.3821428571428571,-0.3242704857429509,-0.022754080370996577,-0.2767852635598087,-0.25438494953074753,0.4928909952606635,0.2511904761904762,840.0
EUR/USD,ternary,7,"Logistic (sklearn, on global PCA)",0.33690476190476193,-0.494098436288356,-0.06630915959038308,-0.45048158856269505,-0.5603301171022069,0.5113636363636364,0.6285714285714286,840.0
EUR/USD,ternary,7,Hist gradient boosting,0.3357142857142857,-0.8488945110544615,-0.10092477826977186,-0.5699393162651001,-0.9768328218826905,0.47121535181236673,0.5583333333333333,840.0
EUR/USD,ternary,7,XGBoost,0.33095238095238094,-1.274613820761606,-0.14445719919420408,-0.6060031183520811,-1.476921499504357,0.4364508393285372,0.49642857142857144,840.0
EUR/USD,ternary,7,Ensemble (mean proba),0.3345238095238095,-1.345523533462156,-0.14865206205871717,-0.5501634909883437,-1.367380637649862,0.4461538461538462,0.4642857142857143,840.0
EUR/USD,ternary,7,Gradient boosting (sklearn),0.34404761904761905,-1.4834636823050347,-0.16799581804105645,-0.586816487400129,-1.6623041672172916,0.43392070484581496,0.5404761904761904,840.0
EUR/USD,ternary,7,Ensemble (weighted train acc),0.3357142857142857,-1.4861556265558,-0.16261355565746494,-0.5714620772362364,-1.5165166661670968,0.43333333333333335,0.4642857142857143,840.0
EUR/USD,ternary,7,Random forest,0.3464285714285714,-1.856992073013451,-0.16262950209192817,-0.5217449258400362,-1.4901756268890918,0.4352517985611511,0.33095238095238094,840.0
EUR/USD,ternary,8,Hist gradient boosting,0.35595238095238096,0.35872167672825267,0.0501548897224684,-0.4016847219180789,0.43643065541158604,0.5210643015521065,0.5369047619047619,840.0
EUR/USD,ternary,8,MLP neural net,0.4452380952380952,0.3473364141447344,0.036090160006316374,-0.3520599499166146,0.2548490573392754,0.5104895104895105,0.17023809523809524,840.0
EUR/USD,ternary,8,"MNLogit (statsmodels, PCA)",0.35833333333333334,0.20194119180515868,0.02891987614055469,-0.40275493360866166,0.21569926088331384,0.5352697095435685,0.5738095238095238,840.0
EUR/USD,ternary,8,"Logistic (sklearn, on global PCA)",0.34404761904761905,0.1719140528829256,0.02537468687006017,-0.3875333815975789,0.20629919247873385,0.523719165085389,0.6273809523809524,840.0
EUR/USD,ternary,8,Ensemble (mean proba),0.36904761904761907,0.07630406584754318,0.00966516340281487,-0.4370995582532343,0.08453842943195645,0.5149051490514905,0.4392857142857143,840.0
EUR/USD,ternary,8,Gradient boosting (sklearn),0.38333333333333336,0.011484398573695301,0.0015123730772539368,-0.40913544033759175,0.013678707584951624,0.48699763593380613,0.5035714285714286,840.0
EUR/USD,ternary,8,Ensemble (weighted train acc),0.36428571428571427,-0.12089834330847614,-0.01565655687461298,-0.43358073811046083,-0.13181462254578943,0.5,0.4452380952380952,840.0
EUR/USD,ternary,8,Random forest,0.3607142857142857,-0.5113319895685506,-0.049474757088334376,-0.3633669216225529,-0.46258868418861404,0.4730290456431535,0.2869047619047619,840.0
EUR/USD,ternary,8,XGBoost,0.3547619047619048,-0.5366980286426541,-0.06901460186679431,-0.5394453027662607,-0.6254008283189101,0.4844124700239808,0.49642857142857144,840.0
EUR/USD,ternary,8,SVM (RBF),0.3904761904761905,-0.6229083943413217,-0.05321025884814301,-0.4044322187999728,-0.5094764808152731,0.4921875,0.3047619047619048,840.0
EUR/USD,ternary,9,Gradient boosting (sklearn),0.36547619047619045,1.4459797070432472,0.22490504074340434,-0.21699101931636589,2.1323033503135673,0.5429864253393665,0.5261904761904762,840.0
EUR/USD,ternary,9,"Logistic (sklearn, on global PCA)",0.32857142857142857,1.2335002318504078,0.1973749879577682,-0.3558957396833867,1.8296654091207594,0.5638095238095238,0.625,840.0
EUR/USD,ternary,9,"MNLogit (statsmodels, PCA)",0.3595238095238095,1.198085735739193,0.1911931910917557,-0.3966649378235172,1.6292874060083533,0.5687885010266941,0.5797619047619048,840.0
EUR/USD,ternary,9,Ensemble (weighted train acc),0.34404761904761905,1.11072749182656,0.15823647825579967,-0.3035234007077833,1.378293358468063,0.5636363636363636,0.4583333333333333,840.0
EUR/USD,ternary,9,Hist gradient boosting,0.3738095238095238,1.0919008824180063,0.1756765742158497,-0.3218027092637732,1.3320512374228761,0.5522388059701493,0.5583333333333333,840.0
EUR/USD,ternary,9,Ensemble (mean proba),0.3488095238095238,1.0079726218357417,0.1404091446719311,-0.33584761794048346,1.2301243777124606,0.5523560209424084,0.45476190476190476,840.0
EUR/USD,ternary,9,XGBoost,0.35595238095238096,0.7506672596933095,0.11270703249451253,-0.3482545520080518,0.8554589387530351,0.5466970387243736,0.5226190476190476,840.0
EUR/USD,ternary,9,SVM (RBF),0.3464285714285714,-0.04801042091498403,-0.004739622689157175,-0.4046991201574093,-0.04031997840955945,0.5269230769230769,0.30952380952380953,840.0
EUR/USD,ternary,9,MLP neural net,0.3630952380952381,-0.24203412342943514,-0.01931720869629605,-0.23668124302194948,-0.15175295528090454,0.4745762711864407,0.14047619047619048,840.0
EUR/USD,ternary,9,Random forest,0.33690476190476193,-0.36501957859623546,-0.03912540006304732,-0.38440618725043585,-0.33630775508466015,0.5128205128205128,0.37142857142857144,840.0
EUR/USD,ternary,10,"Logistic (sklearn, on global PCA)",0.3523809523809524,1.1148330827797117,0.1910991901146224,-0.42576768542733145,1.640097744177772,0.5451127819548872,0.6333333333333333,840.0
EUR/USD,ternary,10,"MNLogit (statsmodels, PCA)",0.35833333333333334,0.8871891200045061,0.14827209223175286,-0.4609256853593734,1.2009054482092982,0.5431372549019607,0.6071428571428571,840.0
EUR/USD,ternary,10,Ensemble (mean proba),0.3547619047619048,0.5175153930661922,0.07523133184701614,-0.46788544708246615,0.6109278281693751,0.5268542199488491,0.4654761904761905,840.0
EUR/USD,ternary,10,Hist gradient boosting,0.3630952380952381,0.3704930825536848,0.05875566333442461,-0.5204395175348886,0.46229935550228285,0.5021008403361344,0.5666666666666667,840.0
EUR/USD,ternary,10,Ensemble (weighted train acc),0.3464285714285714,0.36914606219673324,0.054337358914965606,-0.4809445833768513,0.41459955211631655,0.52,0.47619047619047616,840.0
EUR/USD,ternary,10,Random forest,0.3416666666666667,0.289883098687209,0.03557433119040798,-0.37071640293819086,0.27986019918603994,0.5168918918918919,0.3523809523809524,840.0
EUR/USD,ternary,10,XGBoost,0.3345238095238095,0.18480976756971393,0.027303906143070655,-0.5191681792649484,0.21322900090015043,0.5066964285714286,0.5333333333333333,840.0
EUR/USD,ternary,10,Gradient boosting (sklearn),0.3357142857142857,0.1000710638894057,0.016012419927025512,-0.47472535079268463,0.13610959215006946,0.4906015037593985,0.6333333333333333,840.0
EUR/USD,ternary,10,MLP neural net,0.3630952380952381,-0.07723156999496746,-0.008001246978834309,-0.32735188753020816,-0.06274964666526062,0.408,0.1488095238095238,840.0
EUR/USD,ternary,10,SVM (RBF),0.36547619047619045,-0.19280917628296285,-0.020837126653374227,-0.4220162245448287,-0.15682405027372787,0.5228215767634855,0.2869047619047619,840.0
GBP/USD,binary,1,MLP neural net,0.46785714285714286,-0.0427819452896,-0.003347280804974484,-0.15085784469179608,-0.07043835842884534,0.4713375796178344,0.9345238095238095,840.0
GBP/USD,binary,1,SVM (RBF),0.5178571428571429,-0.2910709194308365,-0.018940715207154568,-0.14951917224100575,-0.35683015378261895,0.5185185185185185,0.8035714285714286,840.0
GBP/USD,binary,1,"Logistic (sklearn, on global PCA)",0.48095238095238096,-0.3090815578139695,-0.023894638818160563,-0.12569966867000737,-0.4163383497869272,0.48271604938271606,0.9642857142857143,840.0
GBP/USD,binary,1,"Logit (statsmodels, PCA)",0.4880952380952381,-0.3280397418415074,-0.025508741589593265,-0.15770117965450992,-0.4364027385858622,0.48954489544895446,0.9678571428571429,840.0
GBP/USD,binary,1,"Probit (statsmodels, PCA)",0.4880952380952381,-0.3835699467821927,-0.029871705418023198,-0.1567716268200754,-0.5134775554073141,0.48651960784313725,0.9714285714285714,840.0
GBP/USD,binary,1,Gradient boosting (sklearn),0.48333333333333334,-0.7874251527491705,-0.06057166871007125,-0.20961821052541885,-1.0090707338326192,0.48184019370460046,0.9833333333333333,840.0
GBP/USD,binary,1,Ensemble (mean proba),0.4845238095238095,-0.9074653853611445,-0.06926253907132462,-0.2282440584968849,-1.1551782649879954,0.47530864197530864,0.9642857142857143,840.0
GBP/USD,binary,1,Ensemble (weighted train acc),0.4738095238095238,-0.9076906437254298,-0.06910805499669315,-0.2179021686708803,-1.1487614435442408,0.4740740740740741,0.9642857142857143,840.0
GBP/USD,binary,1,XGBoost,0.4857142857142857,-0.912967555814923,-0.07013025035549014,-0.22115718191215628,-1.1476957742992249,0.4855072463768116,0.9857142857142858,840.0
GBP/USD,binary,1,Random forest,0.47619047619047616,-1.037775665405254,-0.07813381352734594,-0.23998332168919856,-1.3142536421908213,0.4745341614906832,0.9583333333333334,840.0
GBP/USD,binary,1,Hist gradient boosting,0.4738095238095238,-1.1082580769754034,-0.08476844436596087,-0.2788586588611919,-1.3986537987394143,0.4735576923076923,0.9904761904761905,840.0
GBP/USD,binary,2,MLP neural net,0.4988095238095238,0.1933410187569584,0.02197417206260388,-0.2292648057096418,0.29342629659666897,0.5019305019305019,0.925,840.0
GBP/USD,binary,2,"Logistic (sklearn, on global PCA)",0.5071428571428571,0.10263133569350018,0.012114738796027646,-0.2607086494344838,0.13582087789710134,0.5080946450809465,0.955952380952381,840.0
GBP/USD,binary,2,"Logit (statsmodels, PCA)",0.5154761904761904,0.08336099159182202,0.009902048713820388,-0.2917915968582615,0.10438072480631373,0.5160891089108911,0.9619047619047619,840.0
GBP/USD,binary,2,"Probit (statsmodels, PCA)",0.5142857142857142,0.07327101682828066,0.008730736979585485,-0.2917915968582616,0.09197805977474174,0.5179233621755254,0.9630952380952381,840.0
GBP/USD,binary,2,Random forest,0.5059523809523809,0.007587103185211844,0.0008974986405614338,-0.2580174149784983,0.009533006617292018,0.511742892459827,0.9630952380952381,840.0
GBP/USD,binary,2,Ensemble (weighted train acc),0.5142857142857142,-0.18794956453167352,-0.022136922224487487,-0.24504847887329106,-0.23898161647408023,0.5115151515151515,0.9821428571428571,840.0
GBP/USD,binary,2,Ensemble (mean proba),0.5178571428571429,-0.1984442980315918,-0.023188027458721838,-0.2501251249115176,-0.24824450016524627,0.5141451414514145,0.9678571428571429,840.0
GBP/USD,binary,2,Gradient boosting (sklearn),0.4976190476190476,-0.2559899570858419,-0.029978104934494598,-0.22714044274023903,-0.34098227416474647,0.49760191846522783,0.9928571428571429,840.0
GBP/USD,binary,2,SVM (RBF),0.5,-0.26617970348298076,-0.030448754870545436,-0.34141601430336654,-0.3278550395653904,0.49810844892812106,0.944047619047619,840.0
GBP/USD,binary,2,XGBoost,0.5,-0.2827831039023897,-0.033130492486058594,-0.2369127568003836,-0.36569734603125537,0.5017964071856288,0.9940476190476191,840.0
GBP/USD,binary,2,Hist gradient boosting,0.47619047619047616,-0.7546566147342159,-0.08556498353802677,-0.3019496383269815,-0.9857364487953514,0.47642079806529625,0.9845238095238096,840.0
GBP/USD,binary,3,"Logistic (sklearn, on global PCA)",0.5369047619047619,1.3045756105671829,0.21453208484647757,-0.25312069691790307,1.8055787677991633,0.5420219244823387,0.9773809523809524,840.0
GBP/USD,binary,3,"Probit (statsmodels, PCA)",0.5321428571428571,0.9286490362537201,0.14886620371234094,-0.274531224426274,1.242466646179382,0.5316301703163017,0.9785714285714285,840.0
GBP/USD,binary,3,"Logit (statsmodels, PCA)",0.5321428571428571,0.863514387668883,0.13788811910605947,-0.27453122442627564,1.1606551257825701,0.5273390036452005,0.9797619047619047,840.0
GBP/USD,binary,3,SVM (RBF),0.5059523809523809,0.2105619195841131,0.03166689480991858,-0.3051177820448543,0.2799156093634842,0.5067319461444308,0.9726190476190476,840.0
GBP/USD,binary,3,MLP neural net,0.5095238095238095,0.1772929334881131,0.02648078675340182,-0.4233588456329598,0.22641646046352315,0.51125,0.9523809523809523,840.0
GBP/USD,binary,3,Gradient boosting (sklearn),0.5035714285714286,0.05763460148128929,0.0086627662257861,-0.31258850570713936,0.07768330306018542,0.5035971223021583,0.9928571428571429,840.0
GBP/USD,binary,3,Ensemble (mean proba),0.5059523809523809,0.05621975238413779,0.008387503485841163,-0.37931260583109117,0.07468952129308393,0.503030303030303,0.9821428571428571,840.0
GBP/USD,binary,3,Hist gradient boosting,0.5,0.010206157531696675,0.0015360703165876455,-0.3288171868778549,0.01375778368451343,0.5011961722488039,0.9952380952380953,840.0
GBP/USD,binary,3,Ensemble (weighted train acc),0.5047619047619047,0.008488609526908645,0.0012607113739713238,-0.37612034381167936,0.011246656692679416,0.503037667071689,0.9797619047619047,840.0
GBP/USD,binary,3,XGBoost,0.5,-0.021527575442516846,-0.003226613838858916,-0.3369363264933557,-0.028576530043308734,0.49939975990396157,0.9916666666666667,840.0
GBP/USD,binary,3,Random forest,0.4988095238095238,-0.3241829510108967,-0.04696396965557781,-0.3658487789801269,-0.41852474250396143,0.4919653893695921,0.9630952380952381,840.0
GBP/USD,binary,4,"Logistic (sklearn, on global PCA)",0.5321428571428571,0.8964668125683142,0.1680491238714108,-0.29303182608170086,1.2431715420788225,0.5298416565164433,0.9773809523809524,840.0
GBP/USD,binary,4,"Logit (statsmodels, PCA)",0.5321428571428571,0.8075839292016882,0.1508676391307875,-0.32961208526257835,1.1114178979805935,0.5322777101096224,0.9773809523809524,840.0
GBP/USD,binary,4,"Probit (statsmodels, PCA)",0.5321428571428571,0.7996407062443699,0.14996201594656422,-0.3364504906174609,1.105796682070428,0.5321212121212121,0.9821428571428571,840.0
GBP/USD,binary,4,MLP neural net,0.5083333333333333,-0.02628847046376582,-0.004514383254743959,-0.5094851341130595,-0.03317411787696999,0.510939510939511,0.925,840.0
GBP/USD,binary,4,XGBoost,0.5023809523809524,-0.2351150920882877,-0.040182383900303376,-0.41958700881418554,-0.3082700992988701,0.503015681544029,0.986904761904762,840.0
GBP/USD,binary,4,Ensemble (mean proba),0.5083333333333333,-0.3363876781965604,-0.05700418702709242,-0.48794620609215067,-0.4348221045517488,0.5103280680437424,0.9797619047619047,840.0
GBP/USD,binary,4,SVM (RBF),0.5023809523809524,-0.4841267415584434,-0.0810206572978095,-0.502021392279004,-0.6364001411800574,0.501207729468599,0.9857142857142858,840.0
GBP/USD,binary,4,Gradient boosting (sklearn),0.5047619047619047,-0.547842603612159,-0.09156155320819048,-0.4887417641868891,-0.7349148056723556,0.5059952038369304,0.9928571428571429,840.0
GBP/USD,binary,4,Hist gradient boosting,0.49404761904761907,-0.5713354236536907,-0.0953297651820455,-0.39403586618950115,-0.7569690888653943,0.4946236559139785,0.9964285714285714,840.0
GBP/USD,binary,4,Ensemble (weighted train acc),0.5023809523809524,-0.5746223563718768,-0.09502055454134517,-0.4995880404948866,-0.7451017087399848,0.5,0.9785714285714285,840.0
GBP/USD,binary,4,Random forest,0.5059523809523809,-0.6216667651786134,-0.10257011955488937,-0.4666923170355425,-0.80059715383702,0.5042424242424243,0.9821428571428571,840.0
GBP/USD,binary,5,"Logistic (sklearn, on global PCA)",0.5083333333333333,0.6758929949989652,0.1437651818128014,-0.35137737541837466,0.9663258305292773,0.5108695652173914,0.9857142857142858,840.0
GBP/USD,binary,5,"Probit (statsmodels, PCA)",0.5095238095238095,0.5328712098830732,0.11155803300462819,-0.4548869363346605,0.7337267333707379,0.5108958837772397,0.9833333333333333,840.0
GBP/USD,binary,5,"Logit (statsmodels, PCA)",0.5119047619047619,0.482682801787509,0.10032216910130898,-0.4614661756529179,0.6688377055919557,0.5084337349397591,0.9880952380952381,840.0
GBP/USD,binary,5,Hist gradient boosting,0.530952380952381,0.41795230893886226,0.0866806947226908,-0.36780872986817303,0.5685561835627638,0.5323741007194245,0.9928571428571429,840.0
GBP/USD,binary,5,XGBoost,0.5261904761904762,0.3057156383478344,0.06079568438176031,-0.3094989320032756,0.425503541087462,0.5269461077844312,0.9940476190476191,840.0
GBP/USD,binary,5,MLP neural net,0.5107142857142857,0.11629737759958392,0.02315091537114511,-0.659441028239795,0.14552373049995354,0.5094816687737042,0.9416666666666667,840.0
GBP/USD,binary,5,Random forest,0.5011904761904762,0.028763512158689133,0.005633960775621505,-0.39024558340764715,0.039758429491463215,0.5006105006105006,0.975,840.0
GBP/USD,binary,5,Ensemble (mean proba),0.5214285714285715,-0.11367646756024978,-0.022186870652875945,-0.5503529069818273,-0.14018532001033046,0.5176613885505481,0.9773809523809524,840.0
GBP/USD,binary,5,Ensemble (weighted train acc),0.5154761904761904,-0.12243202107601733,-0.023880548323184425,-0.5155362447679316,-0.15078313999200404,0.5177045177045178,0.975,840.0
GBP/USD,binary,5,Gradient boosting (sklearn),0.5023809523809524,-0.3987527113512944,-0.076293574069486,-0.4731896938132927,-0.49919267937839384,0.5011990407673861,0.9928571428571429,840.0
GBP/USD,binary,5,SVM (RBF),0.4797619047619048,-0.686517944249253,-0.1269730455058301,-0.5708305482534086,-0.8815518776327926,0.4822954822954823,0.975,840.0
GBP/USD,binary,6,"Probit (statsmodels, PCA)",0.5202380952380953,0.7891902225498625,0.18880934204735644,-0.5052495830863558,1.0251974638308001,0.5234657039711191,0.9892857142857143,840.0
GBP/USD,binary,6,"Logit (statsmodels, PCA)",0.5154761904761904,0.6940364886767824,0.16418607984436262,-0.5052495830863555,0.9036142316640063,0.519277108433735,0.9880952380952381,840.0
GBP/USD,binary,6,Hist gradient boosting,0.5202380952380953,0.6580491715532062,0.1557235316339065,-0.3589130441075261,0.8628301356951775,0.5197132616487455,0.9964285714285714,840.0
GBP/USD,binary,6,"Logistic (sklearn, on global PCA)",0.5119047619047619,0.5701195604121422,0.13333511721376756,-0.4355860088406456,0.7669281384914103,0.5096385542168674,0.9880952380952381,840.0
GBP/USD,binary,6,XGBoost,0.513095238095238,0.4190752437960167,0.0962722941942391,-0.3585594784053273,0.5523278711075886,0.5138387484957883,0.9892857142857143,840.0
GBP/USD,binary,6,Gradient boosting (sklearn),0.5071428571428571,0.31947825799633334,0.07268243539482966,-0.3585594784053273,0.42575589884518616,0.5083932853717026,0.9928571428571429,840.0
GBP/USD,binary,6,Ensemble (weighted train acc),0.5047619047619047,0.11696814012782304,0.02601176716470044,-0.4505621404176654,0.15480748947703657,0.5059952038369304,0.9928571428571429,840.0
GBP/USD,binary,6,Ensemble (mean proba),0.5059523809523809,0.06156204785985024,0.013367017626100264,-0.4904981586913332,0.08025410650025619,0.5042424242424243,0.9821428571428571,840.0
GBP/USD,binary,6,Random forest,0.49642857142857144,-0.46882666897906394,-0.09598324040609096,-0.497492950111887,-0.5886484851547299,0.4975609756097561,0.9761904761904762,840.0
GBP/USD,binary,6,SVM (RBF),0.48095238095238096,-0.517770355899917,-0.10707494342496326,-0.6413952617518865,-0.6492545310663447,0.4805352798053528,0.9785714285714285,840.0
GBP/USD,binary,6,MLP neural net,0.4583333333333333,-1.0623434885524905,-0.20436590065904425,-0.7528926550243626,-1.3244012170271178,0.4541935483870968,0.9226190476190477,840.0
GBP/USD,binary,7,"Logistic (sklearn, on global PCA)",0.5154761904761904,0.7507603448395733,0.19324277493318975,-0.5782546788152361,0.9575731606502537,0.5163240628778718,0.9845238095238096,840.0
GBP/USD,binary,7,Ensemble (mean proba),0.5178571428571429,0.48327415431422455,0.12138717918378439,-0.48253236626356466,0.6244689613435477,0.5144927536231884,0.9857142857142858,840.0
GBP/USD,binary,7,XGBoost,0.49642857142857144,0.45358328898024297,0.11260181389819368,-0.4615500225684339,0.8001180272831548,0.4945717732207479,0.986904761904762,840.0
GBP/USD,binary,7,Ensemble (weighted train acc),0.5119047619047619,0.30600863340890644,0.07514709135465414,-0.4609201941348554,0.396751180421296,0.5072463768115942,0.9857142857142858,840.0
GBP/USD,binary,7,"Probit (statsmodels, PCA)",0.5071428571428571,0.26729491624993673,0.06530199211007437,-0.6027459760884216,0.3328460194712379,0.5060532687651331,0.9833333333333333,840.0
GBP/USD,binary,7,"Logit (statsmodels, PCA)",0.5059523809523809,0.2336626335626354,0.05685217847304225,-0.6080074079068295,0.29134805110778966,0.5036407766990292,0.9809523809523809,840.0
GBP/USD,binary,7,Gradient boosting (sklearn),0.5023809523809524,0.030373311226340016,0.007238706782156656,-0.5117738466842916,0.03995793384140993,0.5011961722488039,0.9952380952380953,840.0
GBP/USD,binary,7,Hist gradient boosting,0.4869047619047619,-0.14754132464820552,-0.03445325539400135,-0.48900645892301264,-0.21520076669877355,0.4892086330935252,0.9928571428571429,840.0
GBP/USD,binary,7,MLP neural net,0.513095238095238,-0.20074252811548574,-0.04583146910101776,-0.70968188930425,-0.23412536844160928,0.5149544863459038,0.9154761904761904,840.0
GBP/USD,binary,7,SVM (RBF),0.4976190476190476,-0.29059924392829767,-0.06638708277513727,-0.6867360389864043,-0.36056175318203837,0.4939759036144578,0.9880952380952381,840.0
GBP/USD,binary,7,Random forest,0.475,-0.7387113645533039,-0.16039204520705486,-0.5573570529988117,-1.0140656717007104,0.4703030303030303,0.9821428571428571,840.0
GBP/USD,binary,8,"Logistic (sklearn, on global PCA)",0.5035714285714286,0.4337204214291687,0.1154017750959837,-0.6081833296794288,0.5416573078078244,0.5042321644498187,0.9845238095238096,840.0
GBP/USD,binary,8,"Probit (statsmodels, PCA)",0.5119047619047619,0.38587840296029063,0.10181513376953233,-0.6622585035645061,0.4686490389114192,0.5084541062801933,0.9857142857142858,840.0
GBP/USD,binary,8,MLP neural net,0.5226190476190476,0.3842328584961368,0.09861547734214904,-0.6214412720684909,0.4437729761816567,0.5236220472440944,0.9071428571428571,840.0
GBP/USD,binary,8,Ensemble (mean proba),0.5023809523809524,0.2768135270456174,0.07197290829889802,-0.5434627726192118,0.3843563418727722,0.5006016847172082,0.9892857142857143,840.0
GBP/USD,binary,8,"Logit (statsmodels, PCA)",0.5059523809523809,0.23936121703681504,0.0619779868055943,-0.6648491730971159,0.2913795759356905,0.5048309178743962,0.9857142857142858,840.0
GBP/USD,binary,8,Gradient boosting (sklearn),0.49642857142857144,0.19310658864757152,0.04990470961519877,-0.47447613248310694,0.26911525707989636,0.49761336515513127,0.9976190476190476,840.0
GBP/USD,binary,8,XGBoost,0.5083333333333333,0.17956970275516743,0.046284816763436876,-0.492984197664346,0.25087391501607487,0.5059952038369304,0.9928571428571429,840.0
GBP/USD,binary,8,Ensemble (weighted train acc),0.4988095238095238,0.14957219377403802,0.0379973466829262,-0.5461728497318253,0.20413688318509812,0.49878934624697335,0.9833333333333333,840.0
GBP/USD,binary,8,SVM (RBF),0.5,0.11766867873306705,0.02256084759528898,-0.46252249663792544,0.16034271868562058,0.5064432989690721,0.9238095238095239,840.0
GBP/USD,binary,8,Hist gradient boosting,0.4845238095238095,-0.464444721549319,-0.11039807830804949,-0.5566163225004432,-0.655814571523125,0.48448687350835323,0.9976190476190476,840.0
GBP/USD,binary,8,Random forest,0.475,-0.6284025231068142,-0.14463356193300292,-0.5192182257143407,-0.8786601900218244,0.4725274725274725,0.975,840.0
GBP/USD,binary,9,"Logistic (sklearn, on global PCA)",0.5071428571428571,0.5576730210650683,0.15780261558952824,-0.6090793123196795,0.6833977294635086,0.5066828675577156,0.9797619047619047,840.0
GBP/USD,binary,9,"Probit (statsmodels, PCA)",0.5083333333333333,0.29734152789742857,0.08141541938796881,-0.6587170976259024,0.3546053807550281,0.5084337349397591,0.9880952380952381,840.0
GBP/USD,binary,9,"Logit (statsmodels, PCA)",0.4988095238095238,0.1403887783443564,0.0375874060930903,-0.6587170976259024,0.1683313904091571,0.49939540507859737,0.9845238095238096,840.0
GBP/USD,binary,9,Ensemble (weighted train acc),0.49642857142857144,-0.10577536062374196,-0.02734907257641528,-0.7355507337786344,-0.1265395128739514,0.4975845410628019,0.9857142857142858,840.0
GBP/USD,binary,9,SVM (RBF),0.4928571428571429,-0.12493708233609614,-0.024709850860210603,-0.4321312138774832,-0.1761721475447505,0.49417852522639066,0.9202380952380952,840.0
GBP/USD,binary,9,Ensemble (mean proba),0.4988095238095238,-0.1334416864902013,-0.03446577684976948,-0.7362214881579446,-0.16023090188667982,0.49454545454545457,0.9821428571428571,840.0
GBP/USD,binary,9,MLP neural net,0.5214285714285715,-0.21658805156312905,-0.054460033647137585,-0.733657557791803,-0.24149314886246193,0.5184243964421855,0.9369047619047619,840.0
GBP/USD,binary,9,XGBoost,0.5023809523809524,-0.23500978091667432,-0.059833563906177445,-0.7358849560374383,-0.2780539708406821,0.5,0.9880952380952381,840.0
GBP/USD,binary,9,Hist gradient boosting,0.5071428571428571,-0.6872069955849995,-0.16541455419537954,-0.7454266020733122,-0.7996744621185924,0.5041916167664671,0.9940476190476191,840.0
GBP/USD,binary,9,Gradient boosting (sklearn),0.47619047619047616,-0.6993429095497031,-0.16835738040604475,-0.7679781230404581,-0.8511382079205863,0.47607655502392343,0.9952380952380953,840.0
GBP/USD,binary,9,Random forest,0.4666666666666667,-1.3987137544434414,-0.30525809170118023,-0.7780209910946684,-1.6401471199746311,0.4644149577804584,0.986904761904762,840.0
GBP/USD,binary,10,"Logistic (sklearn, on global PCA)",0.5178571428571429,1.0977410850952776,0.3392482949014548,-0.4717051841693328,1.5228337979427247,0.5168269230769231,0.9904761904761905,840.0
GBP/USD,binary,10,SVM (RBF),0.5154761904761904,0.9057704113108431,0.27878503175752045,-0.44422938521843913,1.4303733381301837,0.5180722891566265,0.9880952380952381,840.0
GBP/USD,binary,10,"Logit (statsmodels, PCA)",0.5095238095238095,0.5841401541873681,0.17195515264198025,-0.5413599580340227,0.7542981003409278,0.5096618357487923,0.9857142857142858,840.0
GBP/USD,binary,10,"Probit (statsmodels, PCA)",0.5047619047619047,0.23864999652980526,0.06726979059053195,-0.6393705110061775,0.28599369716173817,0.5072289156626506,0.9880952380952381,840.0
GBP/USD,binary,10,Ensemble (weighted train acc),0.5107142857142857,-0.02059074420693124,-0.005617144269495,-0.6527298405544666,-0.02437089848250649,0.5090036014405762,0.9916666666666667,840.0
GBP/USD,binary,10,Ensemble (mean proba),0.5083333333333333,-0.03832707092751863,-0.01043114071566098,-0.6616841388003671,-0.04534919905349355,0.5090252707581228,0.9892857142857143,840.0
GBP/USD,binary,10,Hist gradient boosting,0.5,-0.03946880029338046,-0.010738682888249085,-0.6184314972652478,-0.04702359953148133,0.5,0.9952380952380953,840.0
GBP/USD,binary,10,XGBoost,0.5119047619047619,-0.2556647929428081,-0.06750082034386629,-0.7123469748932527,-0.29420005871813226,0.5120481927710844,0.9880952380952381,840.0
GBP/USD,binary,10,Random forest,0.49523809523809526,-0.3559129770831649,-0.09184297432602895,-0.7131484618849777,-0.43225208170632484,0.49754901960784315,0.9714285714285714,840.0
GBP/USD,binary,10,MLP neural net,0.5238095238095238,-0.565629797378728,-0.13984503687264127,-0.8262782109826089,-0.6104006317983482,0.520253164556962,0.9404761904761905,840.0
GBP/USD,binary,10,Gradient boosting (sklearn),0.5011904761904762,-0.8564332932401365,-0.20828597404142113,-0.8060010993956991,-0.9864955783323286,0.5017964071856288,0.9940476190476191,840.0
GBP/USD,ternary,1,"MNLogit (statsmodels, PCA)",0.736904761904762,1.0688338551145957,0.02228667570265186,-0.007057355332504289,0.8818475218864561,0.5625,0.0380952380952381,840.0
GBP/USD,ternary,1,Ensemble (weighted train acc),0.7273809523809524,0.16552760931872132,0.0020209688170349516,-0.01630372512782896,0.04370440085319112,0.4230769230769231,0.030952380952380953,840.0
GBP/USD,ternary,1,"Logistic (sklearn, on global PCA)",0.3464285714285714,0.1256383276790856,0.00606228693334443,-0.10812233243430325,0.11725167546542897,0.5087719298245614,0.40714285714285714,840.0
GBP/USD,ternary,1,XGBoost,0.7035714285714286,0.06415123367395964,0.0011481185651249781,-0.025206783076374473,0.026507501257415456,0.4918032786885246,0.07261904761904762,840.0
GBP/USD,ternary,1,Hist gradient boosting,0.5916666666666667,-0.011926006364833194,-0.0004229706551615031,-0.047321811455712015,-0.008099007332327962,0.5095238095238095,0.25,840.0
GBP/USD,ternary,1,Ensemble (mean proba),0.7333333333333333,-0.4190425277449007,-0.00403479237112514,-0.019715255951404886,-0.0854711586200673,0.3333333333333333,0.025,840.0
GBP/USD,ternary,1,Gradient boosting (sklearn),0.6202380952380953,-0.6398997953354246,-0.026795827248672466,-0.1077839287662804,-0.4006113937797887,0.457286432160804,0.2369047619047619,840.0
GBP/USD,ternary,1,Random forest,0.7726190476190476,-0.8723946507074155,-0.0011363877025971636,-0.0040531911050061264,-0.3056828671244294,0.25,0.004761904761904762,840.0
GBP/USD,ternary,1,MLP neural net,0.7773809523809524,,0.0,0.0,,,0.0,840.0
GBP/USD,ternary,1,SVM (RBF),0.7797619047619048,,0.0,0.0,,,0.0,840.0
GBP/USD,ternary,2,Hist gradient boosting,0.44285714285714284,0.7900958161740832,0.0632474638164775,-0.1068692704532096,0.7135365612821988,0.5457317073170732,0.3904761904761905,840.0
GBP/USD,ternary,2,"Logistic (sklearn, on global PCA)",0.34523809523809523,0.6253413431621648,0.05654629735823091,-0.22249744439748131,0.458088417029142,0.5539772727272727,0.41904761904761906,840.0
GBP/USD,ternary,2,Ensemble (mean proba),0.49166666666666664,0.4844051809700844,0.031069113994441233,-0.1014938504120595,0.28714012704625475,0.543046357615894,0.17976190476190476,840.0
GBP/USD,ternary,2,SVM (RBF),0.580952380952381,0.4340573116626138,0.0034792250376423084,-0.005702416023630974,,0.6666666666666666,0.0035714285714285713,840.0
GBP/USD,ternary,2,Ensemble (weighted train acc),0.4785714285714286,0.3044707480978273,0.018066799904530972,-0.1014938504120595,0.16748982572776663,0.546583850931677,0.19166666666666668,840.0
GBP/USD,ternary,2,Random forest,0.5488095238095239,0.18290653099727294,0.006474685227807031,-0.08699867740547562,0.034826923975462824,0.6153846153846154,0.04642857142857143,840.0
GBP/USD,ternary,2,XGBoost,0.46190476190476193,0.0603508840122488,0.003822815457675155,-0.12678674397806555,0.040331709518430355,0.5276595744680851,0.27976190476190477,840.0
GBP/USD,ternary,2,"MNLogit (statsmodels, PCA)",0.5059523809523809,-0.12588588383625066,-0.009778765558181024,-0.22249744439748165,-0.06160597111513356,0.5197368421052632,0.18095238095238095,840.0
GBP/USD,ternary,2,MLP neural net,0.5869047619047619,-0.8425739345528843,-0.002126711409822013,-0.007082041613558188,-0.08912152167777648,0.0,0.0035714285714285713,840.0
GBP/USD,ternary,2,Gradient boosting (sklearn),0.4119047619047619,-0.9189657402756589,-0.07411991459511291,-0.29566925643604236,-0.6846917997468424,0.46368715083798884,0.4261904761904762,840.0
GBP/USD,ternary,3,MLP neural net,0.4785714285714286,0.8677928192762733,0.05450135423693525,-0.045866774460632365,0.6700622597432063,0.5555555555555556,0.04285714285714286,840.0
GBP/USD,ternary,3,Hist gradient boosting,0.3607142857142857,0.6246652867353695,0.07956168387842322,-0.28044158367672634,0.5504392513663321,0.5511111111111111,0.5357142857142857,840.0
GBP/USD,ternary,3,SVM (RBF),0.4369047619047619,0.4189340742894079,0.012437492679434392,-0.061642571257117695,0.21851310131247295,0.5517241379310345,0.06904761904761905,840.0
GBP/USD,ternary,3,Ensemble (mean proba),0.34404761904761905,0.2608332314663293,0.029369694683333947,-0.3051177820448543,0.1853323786358665,0.5537459283387622,0.36547619047619045,840.0
GBP/USD,ternary,3,"Logistic (sklearn, on global PCA)",0.2761904761904762,0.04960896509345981,0.006044000892092116,-0.2743217461716403,0.048459592372965724,0.5113871635610766,0.575,840.0
GBP/USD,ternary,3,XGBoost,0.3535714285714286,0.01127239364118417,0.0013433107667697453,-0.29222436322240086,0.00915102383085414,0.5314861460957179,0.4726190476190476,840.0
GBP/USD,ternary,3,Ensemble (weighted train acc),0.34404761904761905,0.0046043101492667495,0.0005291437946861599,-0.3051177820448543,0.0034284461451036924,0.5315315315315315,0.3964285714285714,840.0
GBP/USD,ternary,3,"MNLogit (statsmodels, PCA)",0.35,-0.3501635268093869,-0.03976199389966495,-0.3051177820448542,-0.27731834346626694,0.5043227665706052,0.41309523809523807,840.0
GBP/USD,ternary,3,Random forest,0.3821428571428571,-0.5486466623227947,-0.05297144690241751,-0.31652944974681374,-0.2906864620141428,0.5,0.2,840.0
GBP/USD,ternary,3,Gradient boosting (sklearn),0.3333333333333333,-0.7837783846455356,-0.0957290527066218,-0.3326468105719491,-0.7826478174229842,0.4846153846153846,0.6190476190476191,840.0
GBP/USD,ternary,4,"MNLogit (statsmodels, PCA)",0.3130952380952381,0.44746338912702033,0.0662026363017143,-0.29303182608170075,0.4494901740192952,0.5279642058165548,0.5321428571428571,840.0
GBP/USD,ternary,4,"Logistic (sklearn, on global PCA)",0.2904761904761905,0.371390670366222,0.05649278272960201,-0.29303182608170086,0.4032730403406466,0.5155038759689923,0.6142857142857143,840.0
GBP/USD,ternary,4,MLP neural net,0.4083333333333333,0.24726850582108795,0.017289434841673446,-0.11984357868456053,0.09338972389459362,0.5476190476190477,0.1,840.0
GBP/USD,ternary,4,SVM (RBF),0.3464285714285714,-0.04054664008020308,-0.0023165959667797997,-0.1480290294361033,-0.037319875563961165,0.5113122171945701,0.2630952380952381,840.0
GBP/USD,ternary,4,Hist gradient boosting,0.3130952380952381,-0.28540923684732095,-0.0431853369869073,-0.3364622085742405,-0.31379867913155135,0.5130890052356021,0.6821428571428572,840.0
GBP/USD,ternary,4,Ensemble (mean proba),0.33214285714285713,-0.30873162411034794,-0.042042665679624114,-0.35869738940528495,-0.27860632641022587,0.514018691588785,0.5095238095238095,840.0
GBP/USD,ternary,4,Random forest,0.3380952380952381,-0.39983900225178665,-0.044917345273347564,-0.31269205069575734,-0.2976527235761059,0.5075757575757576,0.3142857142857143,840.0
GBP/USD,ternary,4,XGBoost,0.32857142857142857,-0.4117236469125568,-0.060511262236444874,-0.4028542903267752,-0.4042929490877033,0.518796992481203,0.6333333333333333,840.0
GBP/USD,ternary,4,Gradient boosting (sklearn),0.36904761904761907,-0.4574669825967691,-0.06850831097118082,-0.39960134125751456,-0.4719161755779314,0.5055147058823529,0.6476190476190476,840.0
GBP/USD,ternary,4,Ensemble (weighted train acc),0.32976190476190476,-0.49612677904185803,-0.06950573519017067,-0.4114361859842881,-0.44950581020596053,0.5108695652173914,0.5476190476190477,840.0
GBP/USD,ternary,5,"MNLogit (statsmodels, PCA)",0.31785714285714284,0.638805209486139,0.1124890074342626,-0.4639267211274126,0.5952706699784899,0.5316205533596838,0.6023809523809524,840.0
GBP/USD,ternary,5,"Logistic (sklearn, on global PCA)",0.30714285714285716,0.5852781635375789,0.10152599956360686,-0.46392672112741284,0.5476862111715725,0.5352380952380953,0.625,840.0
GBP/USD,ternary,5,Hist gradient boosting,0.32142857142857145,0.40154958736123175,0.07265574307495437,-0.2208765697792272,0.465599074306996,0.5120593692022264,0.6416666666666667,840.0
GBP/USD,ternary,5,SVM (RBF),0.3380952380952381,0.2673535586453,0.02223338348165438,-0.16394775698797925,0.256538289556964,0.5016722408026756,0.35595238095238096,840.0
GBP/USD,ternary,5,Ensemble (mean proba),0.34523809523809523,0.24095474363546318,0.037943263294061946,-0.3701325838814058,0.22141087157014827,0.5169300225733634,0.5273809523809524,840.0
GBP/USD,ternary,5,XGBoost,0.34523809523809523,0.2017009585268449,0.035192474616470903,-0.33038054427166064,0.20956226041952183,0.5095419847328244,0.6238095238095238,840.0
GBP/USD,ternary,5,Ensemble (weighted train acc),0.34285714285714286,0.16819121606986892,0.02681498927254289,-0.3856440679766229,0.15991522568790487,0.5096774193548387,0.5535714285714286,840.0
GBP/USD,ternary,5,Random forest,0.3416666666666667,-0.21504673841683397,-0.029894882702482306,-0.2888421028599437,-0.1782942089165389,0.4985835694050991,0.42023809523809524,840.0
GBP/USD,ternary,5,Gradient boosting (sklearn),0.32142857142857145,-0.4058638673420697,-0.06459857472004726,-0.3474368014388687,-0.4391318454386557,0.47731397459165154,0.655952380952381,840.0
GBP/USD,ternary,5,MLP neural net,0.3535714285714286,-0.608107482353679,-0.07689869854020326,-0.4465806003154258,-0.237397907154195,0.4642857142857143,0.1,840.0
GBP/USD,ternary,6,Gradient boosting (sklearn),0.3464285714285714,0.4075917391957848,0.08098248070069913,-0.46394604729621913,0.4161139046034205,0.5351170568561873,0.7119047619047619,840.0
GBP/USD,ternary,6,"MNLogit (statsmodels, PCA)",0.34285714285714286,0.23027197254192047,0.04450719363120603,-0.494282166846987,0.22219012530428953,0.5186567164179104,0.638095238095238,840.0
GBP/USD,ternary,6,"Logistic (sklearn, on global PCA)",0.3345238095238095,0.1378017587788846,0.02571686925531025,-0.4884817702347689,0.1287032592221176,0.5155038759689923,0.6142857142857143,840.0
GBP/USD,ternary,6,Hist gradient boosting,0.3607142857142857,0.06683794950927761,0.013507073529254177,-0.3712357444145681,0.0752757462669481,0.4957983193277311,0.7083333333333334,840.0
GBP/USD,ternary,6,XGBoost,0.33690476190476193,-0.13230042039153486,-0.025321861324881234,-0.41823424647849594,-0.14352511175307,0.5083333333333333,0.7142857142857143,840.0
GBP/USD,ternary,6,Random forest,0.3404761904761905,-0.2558000700316775,-0.040640158109591096,-0.38540629899565326,-0.22036254461036103,0.5025125628140703,0.4738095238095238,840.0
GBP/USD,ternary,6,MLP neural net,0.3380952380952381,-0.2961376211505876,-0.04554520698487452,-0.5144722433790907,-0.13637407533770252,0.5488721804511278,0.15833333333333333,840.0
GBP/USD,ternary,6,Ensemble (mean proba),0.34285714285714286,-0.3093018977925483,-0.05601972955537582,-0.4566166586153577,-0.29541861360782884,0.5068493150684932,0.6083333333333333,840.0
GBP/USD,ternary,6,Ensemble (weighted train acc),0.33690476190476193,-0.38850148711335325,-0.07038925747157232,-0.4368668289598471,-0.38094759473166867,0.5,0.6309523809523809,840.0
GBP/USD,ternary,6,SVM (RBF),0.3261904761904762,-0.41074389750761636,-0.042521700168098975,-0.29071118769869786,-0.4462360365830282,0.46649484536082475,0.46190476190476193,840.0
GBP/USD,ternary,7,Random forest,0.35,0.4600696407198824,0.07634424092694747,-0.22669715881088104,0.5120379696368621,0.4939759036144578,0.49404761904761907,840.0
GBP/USD,ternary,7,Hist gradient boosting,0.36547619047619045,0.24573546939583063,0.05380176897975475,-0.3954496189298058,0.2979799706234503,0.49477351916376305,0.6833333333333333,840.0
GBP/USD,ternary,7,SVM (RBF),0.3392857142857143,-0.05222653785347827,-0.0067434662142282775,-0.2660936724992552,-0.05761704373235233,0.48668280871670705,0.49166666666666664,840.0
GBP/USD,ternary,7,Gradient boosting (sklearn),0.3535714285714286,-0.05232229851801484,-0.010298398806176556,-0.4955115020478109,-0.06015161523568833,0.5050847457627119,0.7023809523809523,840.0
GBP/USD,ternary,7,XGBoost,0.3678571428571429,-0.15373616908566157,-0.030017731487623767,-0.41354622422678466,-0.1855926325478678,0.49225473321858865,0.6916666666666667,840.0
GBP/USD,ternary,7,"Logistic (sklearn, on global PCA)",0.319047619047619,-0.19416677520362627,-0.03952898557337259,-0.5384456405395395,-0.1909251629505834,0.49168207024029575,0.6440476190476191,840.0
GBP/USD,ternary,7,Ensemble (weighted train acc),0.3535714285714286,-0.3650417858350656,-0.07133158022221786,-0.49803698747544367,-0.3439219174076861,0.4911242603550296,0.6035714285714285,840.0
GBP/USD,ternary,7,Ensemble (mean proba),0.35833333333333334,-0.3990965951245235,-0.07654728589925897,-0.5010520790908659,-0.3708311832646149,0.4868686868686869,0.5892857142857143,840.0
GBP/USD,ternary,7,"MNLogit (statsmodels, PCA)",0.32857142857142857,-0.5617214485248022,-0.11198361917499522,-0.5609139331055508,-0.5555648639797204,0.47706422018348627,0.6488095238095238,840.0
GBP/USD,ternary,7,MLP neural net,0.319047619047619,-0.6027673872761959,-0.10351460560779524,-0.5516652821635908,-0.39805489809264843,0.4875444839857651,0.3345238095238095,840.0
GBP/USD,ternary,8,Hist gradient boosting,0.32142857142857145,0.23875429870113227,0.05683912465159402,-0.39496163985556776,0.2948167163184428,0.505654281098546,0.736904761904762,840.0
GBP/USD,ternary,8,MLP neural net,0.35119047619047616,-0.008713703736973647,-0.0016499286948438163,-0.5667866083017796,-0.004879159141831401,0.5363636363636364,0.2619047619047619,840.0
GBP/USD,ternary,8,SVM (RBF),0.3119047619047619,-0.01870801700962379,-0.002529334166040176,-0.3281250139231059,-0.025006364603535627,0.47121535181236673,0.5583333333333333,840.0
GBP/USD,ternary,8,XGBoost,0.30238095238095236,-0.07918020727954286,-0.017981258204714523,-0.3815716694120317,-0.09537766644021063,0.48414023372287146,0.7130952380952381,840.0
GBP/USD,ternary,8,Ensemble (weighted train acc),0.30238095238095236,-0.1331936524521346,-0.027708890348542514,-0.4764090682703438,-0.14279232721585008,0.48703703703703705,0.6428571428571429,840.0
GBP/USD,ternary,8,Random forest,0.2988095238095238,-0.17177114400888224,-0.028485763067820802,-0.3544845003665058,-0.2089770663484572,0.47345132743362833,0.5380952380952381,840.0
GBP/USD,ternary,8,Gradient boosting (sklearn),0.3107142857142857,-0.38991412415960325,-0.08572509503060799,-0.46519735660948025,-0.45625719181603097,0.4796084828711256,0.7297619047619047,840.0
GBP/USD,ternary,8,Ensemble (mean proba),0.305952380952381,-0.45435983384654316,-0.08873540009532532,-0.5267403873775454,-0.47280156406905466,0.4793233082706767,0.6333333333333333,840.0
GBP/USD,ternary,8,"Logistic (sklearn, on global PCA)",0.31785714285714284,-0.45938876332101497,-0.09591798936386897,-0.5918710540914196,-0.4626283197240085,0.47668393782383417,0.6892857142857143,840.0
GBP/USD,ternary,8,"MNLogit (statsmodels, PCA)",0.3202380952380952,-0.7489449302656472,-0.15602007204402057,-0.6368116995637466,-0.778534891310165,0.474025974025974,0.7333333333333333,840.0
GBP/USD,ternary,9,"Logistic (sklearn, on global PCA)",0.3392857142857143,0.8318785753458691,0.18567343258325741,-0.41676851210455956,0.9642254663409074,0.5146299483648882,0.6916666666666667,840.0
GBP/USD,ternary,9,MLP neural net,0.33690476190476193,0.7613155530990903,0.09663386185311751,-0.26645897057059287,0.6859461861907871,0.4791666666666667,0.22857142857142856,840.0
GBP/USD,ternary,9,"MNLogit (statsmodels, PCA)",0.325,0.4668555487446663,0.10521131562588537,-0.4729770060794358,0.5498841907595446,0.5032679738562091,0.7285714285714285,840.0
GBP/USD,ternary,9,XGBoost,0.3119047619047619,0.22989924474376555,0.049712264512764115,-0.43028244162201357,0.32811279128021587,0.4768976897689769,0.7214285714285714,840.0
GBP/USD,ternary,9,Ensemble (mean proba),0.32976190476190476,0.09124869127538689,0.01785974183760497,-0.45206838697423024,0.10773729647238013,0.47547169811320755,0.6309523809523809,840.0
GBP/USD,ternary,9,Hist gradient boosting,0.32976190476190476,0.05405094230616607,0.011399416077230162,-0.40775642019265623,0.06715959168263244,0.49122807017543857,0.7464285714285714,840.0
GBP/USD,ternary,9,Ensemble (weighted train acc),0.3261904761904762,-0.0034420798107091975,-0.0006698588113346338,-0.4639745496338923,-0.004079000673246269,0.47794117647058826,0.6476190476190476,840.0
GBP/USD,ternary,9,SVM (RBF),0.3142857142857143,-0.004401929441840554,-0.0006871345722749833,-0.30308488312117554,-0.005475657111964716,0.48440748440748443,0.5726190476190476,840.0
GBP/USD,ternary,9,Random forest,0.2988095238095238,-0.7830772993489636,-0.11292219541882853,-0.438788237291605,-0.7831638062053137,0.4650112866817156,0.5273809523809524,840.0
GBP/USD,ternary,9,Gradient boosting (sklearn),0.2988095238095238,-0.8954552127385792,-0.18024796374583396,-0.5811674297902978,-1.1188779862968345,0.4466338259441708,0.725,840.0
GBP/USD,ternary,10,"Logistic (sklearn, on global PCA)",0.32261904761904764,1.3327602265634475,0.2909289513848956,-0.43413394914151693,2.1260885150296325,0.4981481481481482,0.6428571428571429,840.0
GBP/USD,ternary,10,"MNLogit (statsmodels, PCA)",0.31547619047619047,0.9018350395399222,0.1983429918251549,-0.46791977990035893,1.3410630322587498,0.486013986013986,0.680952380952381,840.0
GBP/USD,ternary,10,MLP neural net,0.37023809523809526,0.6566789148115744,0.11800105944249006,-0.493617771750428,0.4778001565217715,0.5467836257309941,0.40714285714285714,840.0
GBP/USD,ternary,10,SVM (RBF),0.36904761904761907,0.2744053764913375,0.04722945795314937,-0.3501611441971012,0.33796785232110116,0.5071574642126789,0.5821428571428572,840.0
GBP/USD,ternary,10,Ensemble (mean proba),0.32976190476190476,-0.1637893594476951,-0.03338373179211407,-0.5325424147386901,-0.18208388394507713,0.48867924528301887,0.6309523809523809,840.0
GBP/USD,ternary,10,Ensemble (weighted train acc),0.3238095238095238,-0.34271773830154445,-0.06963981200428926,-0.5600556538833756,-0.3907307078473734,0.48381294964028776,0.6619047619047619,840.0
GBP/USD,ternary,10,Hist gradient boosting,0.2988095238095238,-0.6740180003270149,-0.14392625131008974,-0.6508411963824481,-0.8638622630860645,0.46337579617834396,0.7476190476190476,840.0
GBP/USD,ternary,10,XGBoost,0.31547619047619047,-0.8927169335326842,-0.168254063634668,-0.6746201606707388,-1.0214992311604902,0.4791666666666667,0.7428571428571429,840.0
GBP/USD,ternary,10,Random forest,0.33214285714285713,-1.2470186916414683,-0.20751692097986307,-0.640827009105807,-1.2103557345461968,0.45253863134657835,0.5392857142857143,840.0
GBP/USD,ternary,10,Gradient boosting (sklearn),0.3238095238095238,-1.4218664279725024,-0.25783790682082086,-0.7939722858638263,-1.549150239871619,0.4813664596273292,0.7666666666666667,840.0
USD/JPY,binary,1,Ensemble (mean proba),0.4988095238095238,0.8105697828172804,0.05141789664158103,-0.05421420211274264,1.2138002090065787,0.5006321112515802,0.9416666666666667,840.0
USD/JPY,binary,1,SVM (RBF),0.5202380952380953,0.6951684876628877,0.03698719858478183,-0.052801292897998175,0.9886328337923416,0.5172413793103449,0.8630952380952381,840.0
USD/JPY,binary,1,Ensemble (weighted train acc),0.4988095238095238,0.5330042948732406,0.03393850168011814,-0.07208847623832038,0.7488426483647942,0.4968632371392723,0.9488095238095238,840.0
USD/JPY,binary,1,"Logit (statsmodels, PCA)",0.5035714285714286,0.4602362720968434,0.02976073735769713,-0.08741045165357597,0.7001971805960817,0.5055624227441285,0.9630952380952381,840.0
USD/JPY,binary,1,XGBoost,0.4976190476190476,0.4315920923479233,0.02827137537098512,-0.0665546759514325,0.6388540362446634,0.49516908212560384,0.9857142857142858,840.0
USD/JPY,binary,1,"Probit (statsmodels, PCA)",0.5023809523809524,0.41068676514369357,0.026315894975397658,-0.08653299142865978,0.6201007894903154,0.5061881188118812,0.9619047619047619,840.0
USD/JPY,binary,1,"Logistic (sklearn, on global PCA)",0.5011904761904762,0.3033947680208757,0.018938686792708603,-0.05962233289652075,0.47404645536684537,0.5037220843672456,0.9595238095238096,840.0
USD/JPY,binary,1,Gradient boosting (sklearn),0.5,0.2675093872953565,0.017436698690858732,-0.11445116306697956,0.3446637379412585,0.5006002400960384,0.9916666666666667,840.0
USD/JPY,binary,1,Random forest,0.49523809523809526,0.1900714114552603,0.011630569323960449,-0.08500611066071029,0.24527889593383667,0.5006257822277848,0.9511904761904761,840.0
USD/JPY,binary,1,MLP neural net,0.48928571428571427,-0.161498622054245,-0.010071633662421475,-0.1229948780498833,-0.22442311101066903,0.48787061994609165,0.8833333333333333,840.0
USD/JPY,binary,1,Hist gradient boosting,0.49047619047619045,-0.2280039852063293,-0.01463940790944318,-0.1090378033159225,-0.2993691738801913,0.49101796407185627,0.9940476190476191,840.0
USD/JPY,binary,2,MLP neural net,0.513095238095238,0.6133975160179841,0.052573363176544374,-0.20312090289988682,0.8361078593430926,0.5194986072423399,0.8547619047619047,840.0
USD/JPY,binary,2,Ensemble (mean proba),0.5119047619047619,0.5400763670269074,0.04696110014767574,-0.1511144921520059,0.7880120903592172,0.5129151291512916,0.9678571428571429,840.0
USD/JPY,binary,2,"Probit (statsmodels, PCA)",0.5107142857142857,0.4471615319804116,0.040165560750600626,-0.13258474348065574,0.6651391505056434,0.5141451414514145,0.9678571428571429,840.0
USD/JPY,binary,2,Ensemble (weighted train acc),0.5095238095238095,0.42915535934689125,0.03840865941358662,-0.1449375869883721,0.5904573141939601,0.5129151291512916,0.9678571428571429,840.0
USD/JPY,binary,2,"Logit (statsmodels, PCA)",0.513095238095238,0.4253177133484214,0.03817856337913228,-0.13034282431850386,0.6323196557465106,0.5129151291512916,0.9678571428571429,840.0
USD/JPY,binary,2,"Logistic (sklearn, on global PCA)",0.513095238095238,0.33215592116075077,0.029659014690015528,-0.14141527002359455,0.49094388641230413,0.5128205128205128,0.975,840.0
USD/JPY,binary,2,Random forest,0.5226190476190476,0.2825518250121107,0.02513946960257951,-0.14009053719914544,0.35333497014429827,0.5181476846057572,0.9511904761904761,840.0
USD/JPY,binary,2,SVM (RBF),0.5154761904761904,0.09439735914822042,0.00826362662798763,-0.18797424047454003,0.1218751060128886,0.5119798234552333,0.944047619047619,840.0
USD/JPY,binary,2,Hist gradient boosting,0.5047619047619047,0.06652155193670424,0.005902539446076105,-0.14171447756847222,0.08991093533561535,0.503030303030303,0.9821428571428571,840.0
USD/JPY,binary,2,XGBoost,0.5095238095238095,-0.06857031656077409,-0.0060508706461430695,-0.14069659009562907,-0.08977244687156292,0.5066666666666667,0.9821428571428571,840.0
USD/JPY,binary,2,Gradient boosting (sklearn),0.4976190476190476,-0.62162225726903,-0.05360955840112991,-0.23126989998164538,-0.7805298740319285,0.4975903614457831,0.9880952380952381,840.0
USD/JPY,binary,3,Ensemble (mean proba),0.5404761904761904,1.47004889913866,0.1691193917527669,-0.15778123571932678,2.2912723810294104,0.5375153751537516,0.9678571428571429,840.0
USD/JPY,binary,3,"Logit (statsmodels, PCA)",0.5333333333333333,1.3339908948108545,0.15337232514595978,-0.1833467709211053,2.052747122743266,0.5358444714459295,0.9797619047619047,840.0
USD/JPY,binary,3,"Probit (statsmodels, PCA)",0.5345238095238095,1.318800718146813,0.1519915250256607,-0.1864195403572496,2.040623325470654,0.532608695652174,0.9857142857142858,840.0
USD/JPY,binary,3,Ensemble (weighted train acc),0.5238095238095238,1.307367436223009,0.15020066272494415,-0.15778123571932645,1.9988847072670053,0.5325153374233129,0.9702380952380952,840.0
USD/JPY,binary,3,"Logistic (sklearn, on global PCA)",0.5273809523809524,1.217953839128385,0.13895672774626133,-0.17878932132323266,1.8857480296718017,0.5296251511487303,0.9845238095238096,840.0
USD/JPY,binary,3,Random forest,0.5285714285714286,0.6017598277651547,0.06582965989043066,-0.19800403876015937,0.7877218502335647,0.5275,0.9523809523809523,840.0
USD/JPY,binary,3,MLP neural net,0.49166666666666664,0.5842039340785791,0.06280781424640747,-0.21735634618898125,0.8832554325468287,0.4986910994764398,0.9095238095238095,840.0
USD/JPY,binary,3,XGBoost,0.5190476190476191,0.5693933498530217,0.06293166674955675,-0.1952652921473853,0.7779298273439469,0.5187424425634825,0.9845238095238096,840.0
USD/JPY,binary,3,Hist gradient boosting,0.5166666666666667,0.4880482999349763,0.054032047364549696,-0.18205891633392235,0.6595578807136238,0.5155875299760192,0.9928571428571429,840.0
USD/JPY,binary,3,SVM (RBF),0.5083333333333333,0.44894983080869566,0.0487727123237196,-0.18845021840432585,0.6173342593614338,0.5156445556946183,0.9511904761904761,840.0
USD/JPY,binary,3,Gradient boosting (sklearn),0.5166666666666667,-0.024999677584376937,-0.00268404130860167,-0.3238638903548323,-0.03095627013807938,0.5169082125603864,0.9857142857142858,840.0
USD/JPY,binary,4,XGBoost,0.5416666666666666,1.7581740303956035,0.24771600892969015,-0.1810159899734749,2.557496096950361,0.5418181818181819,0.9821428571428571,840.0
USD/JPY,binary,4,"Logit (statsmodels, PCA)",0.55,1.6349107828730456,0.2293756619367351,-0.19558327571840817,2.364660202512303,0.551640340218712,0.9797619047619047,840.0
USD/JPY,binary,4,"Probit (statsmodels, PCA)",0.5488095238095239,1.5718151107608458,0.21998734071717108,-0.1955832757184085,2.2858681525325486,0.5504252733900364,0.9797619047619047,840.0
USD/JPY,binary,4,Ensemble (weighted train acc),0.530952380952381,1.4818426397564501,0.20572515271164948,-0.1955832757184084,2.1464843376219354,0.5311355311355311,0.975,840.0
USD/JPY,binary,4,Ensemble (mean proba),0.5321428571428571,1.465381314898619,0.2022110972546851,-0.19558327571840806,2.1136725780470065,0.5342298288508558,0.9738095238095238,840.0
USD/JPY,binary,4,Gradient boosting (sklearn),0.530952380952381,1.4475853200562687,0.20127248948012633,-0.18212218857772122,2.1438105703668118,0.53125,0.9904761904761905,840.0
USD/JPY,binary,4,"Logistic (sklearn, on global PCA)",0.5464285714285714,1.3800529516619056,0.19123794126117644,-0.19558327571840817,2.01060785482128,0.5461165048543689,0.9809523809523809,840.0
USD/JPY,binary,4,SVM (RBF),0.5321428571428571,1.3100262618801508,0.18008840692421524,-0.23420993815731705,1.7733398092190755,0.5343980343980343,0.969047619047619,840.0
USD/JPY,binary,4,Hist gradient boosting,0.5166666666666667,1.0235746166674824,0.13891535618712636,-0.1907999977314463,1.4669327016283966,0.5191846522781774,0.9928571428571429,840.0
USD/JPY,binary,4,Random forest,0.5154761904761904,1.015162874125577,0.13635029444430558,-0.2082363092317081,1.4325692741893672,0.5183823529411765,0.9714285714285714,840.0
USD/JPY,binary,4,MLP neural net,0.5107142857142857,0.6395017158608133,0.08287476907623881,-0.31287750825425165,0.9248379287559206,0.512853470437018,0.9261904761904762,840.0
USD/JPY,binary,5,Hist gradient boosting,0.5642857142857143,2.123854701169638,0.34445133855011933,-0.21057613133347441,3.177274671918459,0.5652694610778443,0.9940476190476191,840.0
USD/JPY,binary,5,XGBoost,0.569047619047619,2.0305815652254524,0.32756026225670754,-0.22665017453320213,2.946986155938234,0.5700598802395209,0.9940476190476191,840.0
USD/JPY,binary,5,Ensemble (weighted train acc),0.569047619047619,1.9981386695036953,0.32112237273010624,-0.233867158300755,2.880680151365687,0.5688405797101449,0.9857142857142858,840.0
USD/JPY,binary,5,Gradient boosting (sklearn),0.5523809523809524,1.9852040871584236,0.3188137969697693,-0.21057613133347397,3.1264431096612126,0.5523465703971119,0.9892857142857143,840.0
USD/JPY,binary,5,Ensemble (mean proba),0.5619047619047619,1.9209429635050859,0.30634402225764523,-0.23386715830075477,2.7705414062763967,0.5650060753341434,0.9797619047619047,840.0
USD/JPY,binary,5,"Logit (statsmodels, PCA)",0.5571428571428572,1.7661886469999566,0.27841432364726515,-0.23386715830075444,2.5485167651290785,0.5614457831325301,0.9880952380952381,840.0
USD/JPY,binary,5,"Probit (statsmodels, PCA)",0.5595238095238095,1.7523010431535742,0.2765478892801827,-0.233867158300755,2.532815518391435,0.5600961538461539,0.9904761904761905,840.0
USD/JPY,binary,5,"Logistic (sklearn, on global PCA)",0.555952380952381,1.7017325975773427,0.266933811055291,-0.23386715830075477,2.4567102356143113,0.5556900726392252,0.9833333333333333,840.0
USD/JPY,binary,5,SVM (RBF),0.5583333333333333,1.38676311183898,0.2124119447147741,-0.27806434337480923,1.8529761226294637,0.559074299634592,0.9773809523809524,840.0
USD/JPY,binary,5,Random forest,0.5333333333333333,1.2220825752130755,0.18615969767293827,-0.2596736262857755,1.7536897217471223,0.5334143377885784,0.9797619047619047,840.0
USD/JPY,binary,5,MLP neural net,0.5214285714285715,1.2196452811214327,0.18137910105438504,-0.32125802888476107,1.9691187644451813,0.5242346938775511,0.9333333333333333,840.0
USD/JPY,binary,6,"Logit (statsmodels, PCA)",0.5785714285714286,2.2212410053719758,0.3993539611800745,-0.2761848895680433,3.2426025269926404,0.5847457627118644,0.9833333333333333,840.0
USD/JPY,binary,6,"Probit (statsmodels, PCA)",0.5821428571428572,2.124508462010911,0.3802969828215177,-0.27618488956804366,3.126649140425425,0.5800240673886883,0.9892857142857143,840.0
USD/JPY,binary,6,"Logistic (sklearn, on global PCA)",0.575,1.9482494883480683,0.3422418467663877,-0.2761848895680432,2.8287232953873915,0.5754257907542579,0.9785714285714285,840.0
USD/JPY,binary,6,Random forest,0.5476190476190477,1.840743384129574,0.3194055092856585,-0.2772336130516527,2.9584493932802944,0.549636803874092,0.9833333333333333,840.0
USD/JPY,binary,6,Gradient boosting (sklearn),0.55,1.7738080098221118,0.30972817419190934,-0.3009307827097597,2.7830674873721435,0.5502392344497608,0.9952380952380953,840.0
USD/JPY,binary,6,Ensemble (weighted train acc),0.5452380952380952,1.7457806503287432,0.30091966999163233,-0.26037078960850546,2.757944360522877,0.5457831325301205,0.9880952380952381,840.0
USD/JPY,binary,6,Hist gradient boosting,0.5285714285714286,1.6943898879828991,0.2939547875359598,-0.2662322048203978,2.8179415613404095,0.5306122448979592,0.9916666666666667,840.0
USD/JPY,binary,6,SVM (RBF),0.5547619047619048,1.6574390469210751,0.2849322940170189,-0.3147439505012619,2.280317618991708,0.5577156743620899,0.9797619047619047,840.0
USD/JPY,binary,6,XGBoost,0.5333333333333333,1.5876760864190376,0.27266300440534863,-0.2624281977448061,2.542625694034596,0.5348557692307693,0.9904761904761905,840.0
USD/JPY,binary,6,Ensemble (mean proba),0.5428571428571428,1.5827339879823852,0.2690865041270132,-0.26421353328490804,2.42283439196735,0.5424757281553398,0.9809523809523809,840.0
USD/JPY,binary,6,MLP neural net,0.555952380952381,1.21959396117106,0.19789391003998458,-0.27618488956804343,1.7428686057370124,0.5538057742782152,0.9071428571428571,840.0
USD/JPY,binary,7,"Probit (statsmodels, PCA)",0.5666666666666667,1.721800261646639,0.3223399736002892,-0.3027979883611652,2.5910333509339436,0.5669481302774427,0.986904761904762,840.0
USD/JPY,binary,7,"Logistic (sklearn, on global PCA)",0.5642857142857143,1.6168940632311166,0.30073500108243967,-0.3027979883611649,2.4289225087360666,0.5652694610778443,0.9940476190476191,840.0
USD/JPY,binary,7,SVM (RBF),0.555952380952381,1.6110465954311286,0.2996638841219472,-0.3380821933047822,2.1985464755831594,0.553421368547419,0.9916666666666667,840.0
USD/JPY,binary,7,"Logit (statsmodels, PCA)",0.5642857142857143,1.5896637962011215,0.29510966412504014,-0.3027979883611651,2.3659286033996674,0.5650602409638554,0.9880952380952381,840.0
USD/JPY,binary,7,Random forest,0.530952380952381,1.5083704099755395,0.2771831447637747,-0.32421393545172694,2.503239321094638,0.5310596833130329,0.9773809523809524,840.0
USD/JPY,binary,7,Gradient boosting (sklearn),0.525,1.3136097705508103,0.23857199127181739,-0.2589132415697579,2.116572852615749,0.5239234449760766,0.9952380952380953,840.0
USD/JPY,binary,7,Ensemble (mean proba),0.5321428571428571,1.1850436410741152,0.21247976315213069,-0.34744174366742187,1.7955020054114084,0.5321992709599028,0.9797619047619047,840.0
USD/JPY,binary,7,XGBoost,0.5154761904761904,1.1511836881360937,0.20620101083497944,-0.32823566055408515,1.8354995572757369,0.5181159420289855,0.9857142857142858,840.0
USD/JPY,binary,7,Ensemble (weighted train acc),0.530952380952381,1.1389403965321294,0.20401048382714837,-0.3624591182660616,1.7316352916537916,0.53125,0.9904761904761905,840.0
USD/JPY,binary,7,Hist gradient boosting,0.5214285714285715,1.0364387293023936,0.1849947408870143,-0.4100960426688198,1.6186004274436065,0.5209080047789725,0.9964285714285714,840.0
USD/JPY,binary,7,MLP neural net,0.5369047619047619,0.7048389226281608,0.11965044721777285,-0.3189675177829654,1.030061772800679,0.5314136125654451,0.9095238095238095,840.0
USD/JPY,binary,8,"Logit (statsmodels, PCA)",0.5476190476190477,1.6463716586089046,0.3251773295171356,-0.31536986660626765,2.4345241439997376,0.5486618004866181,0.9785714285714285,840.0
USD/JPY,binary,8,Gradient boosting (sklearn),0.5357142857142857,1.6320394838845131,0.3232091590105868,-0.30441309708661735,2.6213868339484536,0.5341317365269461,0.9940476190476191,840.0
USD/JPY,binary,8,SVM (RBF),0.5511904761904762,1.6120644166690599,0.317083725003517,-0.3424945922329571,2.1860116967343157,0.5543345543345544,0.975,840.0
USD/JPY,binary,8,"Probit (statsmodels, PCA)",0.5404761904761904,1.538864254701425,0.3013225046693597,-0.31536986660626765,2.2866804246307613,0.5443499392466585,0.9797619047619047,840.0
USD/JPY,binary,8,"Logistic (sklearn, on global PCA)",0.5404761904761904,1.5126526137328267,0.2962772852350528,-0.3076619355853083,2.250725284585714,0.5446859903381642,0.9857142857142858,840.0
USD/JPY,binary,8,XGBoost,0.5214285714285715,1.4346886487033828,0.27870145468211716,-0.3111234472244302,2.299009826761534,0.5222088835534213,0.9916666666666667,840.0
USD/JPY,binary,8,Hist gradient boosting,0.5261904761904762,1.4183290182156758,0.27185688450653034,-0.2764922647369269,2.2829629417909194,0.5264423076923077,0.9904761904761905,840.0
USD/JPY,binary,8,Ensemble (weighted train acc),0.5273809523809524,1.309246872122271,0.2511392775859709,-0.32307779762722644,1.9640259512963962,0.5309090909090909,0.9821428571428571,840.0
USD/JPY,binary,8,Ensemble (mean proba),0.5285714285714286,1.253727946535186,0.2397587677083548,-0.3230777976272272,1.887948906347055,0.5295536791314838,0.986904761904762,840.0
USD/JPY,binary,8,Random forest,0.513095238095238,1.0203629972967863,0.1911211477251391,-0.3855134845068232,1.5775911360108632,0.5152253349573691,0.9773809523809524,840.0
USD/JPY,binary,8,MLP neural net,0.48333333333333334,0.1965119003357447,0.03382937493377325,-0.32307779762722666,0.311062906455338,0.47870967741935483,0.9226190476190477,840.0
USD/JPY,binary,9,XGBoost,0.5630952380952381,1.7729792375376103,0.3739326834902641,-0.2380559278663552,2.6500853760559555,0.5619735258724429,0.9892857142857143,840.0
USD/JPY,binary,9,Hist gradient boosting,0.5571428571428572,1.7497191418570186,0.3691225949973942,-0.3083510842324775,2.633405445591362,0.5604790419161677,0.9940476190476191,840.0
USD/JPY,binary,9,"Logistic (sklearn, on global PCA)",0.5607142857142857,1.614864701845465,0.33526534895251037,-0.33854197687117316,2.3847537027280867,0.558645707376058,0.9845238095238096,840.0
USD/JPY,binary,9,Ensemble (mean proba),0.555952380952381,1.587771471460367,0.3285624344727984,-0.30915529827628685,2.3275938225040096,0.559610705596107,0.9785714285714285,840.0
USD/JPY,binary,9,"Logit (statsmodels, PCA)",0.5595238095238095,1.5496170332102879,0.3202512765581398,-0.3446333361498828,2.262250602663077,0.5614457831325301,0.9880952380952381,840.0
USD/JPY,binary,9,"Probit (statsmodels, PCA)",0.5583333333333333,1.5053902936897825,0.3091432926469375,-0.3446333361498827,2.1969081703061595,0.5575757575757576,0.9821428571428571,840.0
USD/JPY,binary,9,Ensemble (weighted train acc),0.555952380952381,1.501916947980967,0.30917600048801575,-0.34576492629225497,2.221305234430676,0.5563636363636364,0.9821428571428571,840.0
USD/JPY,binary,9,Gradient boosting (sklearn),0.555952380952381,1.4102241435726226,0.28854617938393257,-0.37584346116978573,2.1021100566003112,0.5567502986857825,0.9964285714285714,840.0
USD/JPY,binary,9,Random forest,0.5345238095238095,1.0542174866407146,0.20726614606031069,-0.4330332467304241,1.5682266625588916,0.5361963190184049,0.9702380952380952,840.0
USD/JPY,binary,9,SVM (RBF),0.5595238095238095,1.028901469729222,0.19697430686455908,-0.34957916387195476,1.2533981391611126,0.5613608748481167,0.9797619047619047,840.0
USD/JPY,binary,9,MLP neural net,0.513095238095238,0.3317929540563252,0.059289733374504605,-0.42535912351530014,0.4862238452858869,0.5148387096774194,0.9226190476190477,840.0
USD/JPY,binary,10,"Logistic (sklearn, on global PCA)",0.5452380952380952,1.5140635673557348,0.32348421721463816,-0.2979205493286945,2.276072625950427,0.5462184873949579,0.9916666666666667,840.0
USD/JPY,binary,10,"Logit (statsmodels, PCA)",0.544047619047619,1.4894943081028138,0.31754238938970425,-0.2979205493286946,2.24663177174244,0.546875,0.9904761904761905,840.0
USD/JPY,binary,10,"Probit (statsmodels, PCA)",0.5404761904761904,1.436244089917209,0.30348707155122967,-0.31314582474114305,2.1567901767640816,0.5454545454545454,0.9821428571428571,840.0
USD/JPY,binary,10,SVM (RBF),0.5523809523809524,1.3905264408662505,0.29266203262184987,-0.3632782805857776,1.996629279046377,0.5542021924482339,0.9773809523809524,840.0
USD/JPY,binary,10,Ensemble (mean proba),0.5452380952380952,1.3354903213106575,0.2810009611601969,-0.31376760327430575,2.0167183738338608,0.5444711538461539,0.9904761904761905,840.0
USD/JPY,binary,10,Ensemble (weighted train acc),0.544047619047619,1.317400969513554,0.27324150521400203,-0.31376760327430553,1.9645747730773837,0.5465538089480049,0.9845238095238096,840.0
USD/JPY,binary,10,Hist gradient boosting,0.5452380952380952,1.0575403293373538,0.2171342724050045,-0.3354566980114151,1.542487880075137,0.5461077844311377,0.9940476190476191,840.0
USD/JPY,binary,10,Random forest,0.5345238095238095,1.0084275956584208,0.2044838779535647,-0.32058704933354,1.4693032875794478,0.535931790499391,0.9773809523809524,840.0
USD/JPY,binary,10,XGBoost,0.5190476190476191,0.9188416236187522,0.18643206445044158,-0.34410969004253356,1.3799478253164674,0.5179425837320574,0.9952380952380953,840.0
USD/JPY,binary,10,Gradient boosting (sklearn),0.5297619047619048,0.838706710735334,0.16841069982570622,-0.35581244458099615,1.2353322299018419,0.5299760191846523,0.9928571428571429,840.0
USD/JPY,binary,10,MLP neural net,0.5095238095238095,0.3872508468072979,0.07428340567826641,-0.35368532602126546,0.5988065834380315,0.50187265917603,0.9535714285714286,840.0
USD/JPY,ternary,1,Ensemble (weighted train acc),0.8083333333333333,0.6666077384253215,0.011980994266694855,-0.003350175746924644,,0.8333333333333334,0.007142857142857143,840.0
USD/JPY,ternary,1,Ensemble (mean proba),0.8095238095238095,0.6666077384253215,0.011980994266694855,-0.003350175746924644,,0.8333333333333334,0.007142857142857143,840.0
USD/JPY,ternary,1,Gradient boosting (sklearn),0.8011904761904762,0.6614525902733805,0.024842291677156902,-0.04955663750088957,0.25959450124810474,0.6071428571428571,0.1,840.0
USD/JPY,ternary,1,XGBoost,0.8666666666666667,0.4948337789966176,0.008866533322455572,-0.007957493161799056,0.6179539940948734,0.6,0.005952380952380952,840.0
USD/JPY,ternary,1,"MNLogit (statsmodels, PCA)",0.7107142857142857,0.43167128622954043,0.017341648160838385,-0.04069243734561678,0.2705593472882906,0.543859649122807,0.1357142857142857,840.0
USD/JPY,ternary,1,"Logistic (sklearn, on global PCA)",0.5095238095238095,0.11816929848742812,0.005966776318857336,-0.08888968408523124,0.12645306812946014,0.512,0.44642857142857145,840.0
USD/JPY,ternary,1,Hist gradient boosting,0.8214285714285714,-0.6068744494694865,-0.016250105317228924,-0.0771507053993773,-0.1275655261819513,0.5740740740740741,0.06428571428571428,840.0
USD/JPY,ternary,1,Random forest,0.8690476190476191,,0.0,0.0,,,0.0,840.0
USD/JPY,ternary,1,MLP neural net,0.8690476190476191,,0.0,0.0,,,0.0,840.0
USD/JPY,ternary,1,SVM (RBF),0.8702380952380953,,0.0,0.0,,,0.0,840.0
USD/JPY,ternary,2,Ensemble (weighted train acc),0.7071428571428572,0.6670511191791321,0.014606564021892421,-0.019747203644245204,0.2645934848394876,0.6666666666666666,0.02142857142857143,840.0
USD/JPY,ternary,2,Ensemble (mean proba),0.705952380952381,0.6663058553575357,0.014590142202455247,-0.019747203644245204,0.2642981441263918,0.6470588235294118,0.02023809523809524,840.0
USD/JPY,ternary,2,"MNLogit (statsmodels, PCA)",0.6607142857142857,0.564418970043082,0.02618594178164324,-0.07248579934779187,0.30582199102692026,0.5428571428571428,0.125,840.0
USD/JPY,ternary,2,SVM (RBF),0.7297619047619047,0.547722557505166,0.0003406470055977717,0.0,,1.0,0.0011904761904761906,840.0
USD/JPY,ternary,2,"Logistic (sklearn, on global PCA)",0.39404761904761904,0.4872587324013828,0.03610135353885169,-0.13748785625222504,0.5606573441825039,0.49765258215962443,0.5071428571428571,840.0
USD/JPY,ternary,2,XGBoost,0.6833333333333333,0.21142765015830853,0.003667266020601856,-0.03288548764467869,0.07847463643442472,0.5882352941176471,0.060714285714285714,840.0
USD/JPY,ternary,2,Gradient boosting (sklearn),0.65,0.006045929681747098,0.0002801484229404405,-0.08828231501265593,0.0031630203624454134,0.48,0.1488095238095238,840.0
USD/JPY,ternary,2,Hist gradient boosting,0.6571428571428571,-0.2512916838701202,-0.011071498995911644,-0.14316617522547692,-0.10522026849929163,0.5346534653465347,0.12023809523809524,840.0
USD/JPY,ternary,2,Random forest,0.7226190476190476,-0.44183455710260067,-0.002433527582623385,-0.014270401998873972,-0.05016845589097876,0.5,0.007142857142857143,840.0
USD/JPY,ternary,2,MLP neural net,0.7273809523809524,,0.0,0.0,,,0.0,840.0
USD/JPY,ternary,3,"Logistic (sklearn, on global PCA)",0.4011904761904762,0.5483728392594363,0.04527061624375639,-0.17858879959937202,0.6102067916896046,0.5073891625615764,0.48333333333333334,840.0
USD/JPY,ternary,3,Random forest,0.6190476190476191,0.2530332187386937,0.004642526328312302,-0.0422778547383158,0.07840757834507708,0.6,0.023809523809523808,840.0
USD/JPY,ternary,3,"MNLogit (statsmodels, PCA)",0.5297619047619048,0.22852022464589702,0.015548112229756494,-0.17215865833874222,0.17609418242198388,0.5161290322580645,0.25833333333333336,840.0
USD/JPY,ternary,3,Gradient boosting (sklearn),0.544047619047619,-0.06796635388678936,-0.003817465583137003,-0.10025598564037908,-0.04040991572038249,0.5352941176470588,0.20238095238095238,840.0
USD/JPY,ternary,3,Hist gradient boosting,0.5357142857142857,-0.0776540025272047,-0.004337259846106778,-0.0929568038085643,-0.05485322515537423,0.5490196078431373,0.24285714285714285,840.0
USD/JPY,ternary,3,XGBoost,0.555952380952381,-0.23223677001777113,-0.009603535692595089,-0.10865335506318696,-0.154044079128058,0.5357142857142857,0.16666666666666666,840.0
USD/JPY,ternary,3,Ensemble (weighted train acc),0.569047619047619,-0.28818409606413986,-0.01220463432011265,-0.09719745912467426,-0.1316238127605273,0.55,0.11904761904761904,840.0
USD/JPY,ternary,3,SVM (RBF),0.6214285714285714,-0.37237435836839916,-0.004913709063787075,-0.027178621719555096,-0.06580610352202888,0.42857142857142855,0.016666666666666666,840.0
USD/JPY,ternary,3,Ensemble (mean proba),0.5678571428571428,-0.5403983575505396,-0.023159767873751624,-0.12361046830758216,-0.25760257525984076,0.5148514851485149,0.12023809523809524,840.0
USD/JPY,ternary,3,MLP neural net,0.6309523809523809,,0.0,0.0,,,0.0,840.0
USD/JPY,ternary,4,"MNLogit (statsmodels, PCA)",0.45357142857142857,1.7138869409397817,0.182997426568277,-0.14346042345552656,1.856375898442215,0.5408805031446541,0.37857142857142856,840.0
USD/JPY,ternary,4,"Logistic (sklearn, on global PCA)",0.3773809523809524,1.5132243695315044,0.18041275887510966,-0.1520976550431855,2.0307331284818377,0.5138888888888888,0.6,840.0
USD/JPY,ternary,4,Ensemble (mean proba),0.48214285714285715,0.8277195666888948,0.07201599127163982,-0.14346042345552623,0.6755489792570982,0.5205479452054794,0.26071428571428573,840.0
USD/JPY,ternary,4,Ensemble (weighted train acc),0.48333333333333334,0.724706894859909,0.06227033943896787,-0.14346042345552645,0.5793999144960993,0.5223214285714286,0.26666666666666666,840.0
USD/JPY,ternary,4,Hist gradient boosting,0.4523809523809524,0.5979089232028629,0.053367081258565374,-0.139039584494821,0.5407893872677536,0.5222929936305732,0.3738095238095238,840.0
USD/JPY,ternary,4,XGBoost,0.4583333333333333,0.22587727077474623,0.021007356508560227,-0.15362600233573265,0.16993671633253424,0.5152671755725191,0.3119047619047619,840.0
USD/JPY,ternary,4,Gradient boosting (sklearn),0.4369047619047619,-0.10665380123782235,-0.010018244736936577,-0.1816825479452462,-0.0829363366879499,0.49158249158249157,0.3535714285714286,840.0
USD/JPY,ternary,4,Random forest,0.4797619047619048,-0.3318193837807658,-0.016684732423635107,-0.123462164978832,-0.13880952643303957,0.4953271028037383,0.12738095238095237,840.0
USD/JPY,ternary,4,SVM (RBF),0.5285714285714286,-0.39390561569068644,-0.015261457055822603,-0.1807858565056143,-0.18722402906042718,0.47368421052631576,0.09047619047619047,840.0
USD/JPY,ternary,4,MLP neural net,0.5404761904761904,,0.0,0.0,,,0.0,840.0
USD/JPY,ternary,5,"MNLogit (statsmodels, PCA)",0.42857142857142855,1.7625033163209396,0.21125600671004552,-0.17244439460981742,2.121560295077023,0.5594594594594594,0.44047619047619047,840.0
USD/JPY,ternary,5,"Logistic (sklearn, on global PCA)",0.38571428571428573,1.6076187552826853,0.21061875078716796,-0.18152153871093446,2.0926923684826115,0.548582995951417,0.5880952380952381,840.0
USD/JPY,ternary,5,SVM (RBF),0.4880952380952381,1.1656600786019764,0.06367152602603854,-0.12283487903259149,0.5998418224378981,0.5853658536585366,0.09761904761904762,840.0
USD/JPY,ternary,5,Ensemble (mean proba),0.4595238095238095,1.1476928051744504,0.11576355991157006,-0.19980951293515026,0.9864987296681079,0.5524193548387096,0.29523809523809524,840.0
USD/JPY,ternary,5,Ensemble (weighted train acc),0.4595238095238095,1.1390747814497724,0.11558571001603557,-0.19151281040160406,0.995445010336371,0.5542635658914729,0.30714285714285716,840.0
USD/JPY,ternary,5,Gradient boosting (sklearn),0.42023809523809524,0.9650731798630585,0.10976247308267872,-0.21500563761007307,1.0017556016673639,0.5292620865139949,0.46785714285714286,840.0
USD/JPY,ternary,5,XGBoost,0.45357142857142857,0.9481754121017881,0.09903764149487393,-0.1744211135701068,0.8303973574137903,0.5407166123778502,0.36547619047619045,840.0
USD/JPY,ternary,5,Hist gradient boosting,0.42023809523809524,0.9331177359530725,0.10997421621879,-0.2122285837894834,0.94752561153673,0.5356265356265356,0.4845238095238095,840.0
USD/JPY,ternary,5,Random forest,0.4785714285714286,0.561239353926781,0.04155256643923955,-0.1152591460609318,0.3469879543240275,0.5076923076923077,0.15476190476190477,840.0
USD/JPY,ternary,5,MLP neural net,0.49166666666666664,0.5433960109804561,0.040976101025018474,-0.14877354269636744,0.25101091813153764,0.45161290322580644,0.07380952380952381,840.0
USD/JPY,ternary,6,SVM (RBF),0.42857142857142855,2.531973262247351,0.17851007803297092,-0.11667800731551348,1.8849439728210182,0.6554054054054054,0.1761904761904762,840.0
USD/JPY,ternary,6,Gradient boosting (sklearn),0.375,2.2134774830547825,0.30343479217261016,-0.1553087320658092,2.3830244240970524,0.5866050808314087,0.5154761904761904,840.0
USD/JPY,ternary,6,Hist gradient boosting,0.41904761904761906,2.1975897332688406,0.3081069676220589,-0.17747766093326478,2.3673255980623917,0.5769230769230769,0.5261904761904762,840.0
USD/JPY,ternary,6,Ensemble (weighted train acc),0.41309523809523807,2.100460939508997,0.24964632008185905,-0.15530873206580909,1.8801069344946622,0.6089743589743589,0.37142857142857144,840.0
USD/JPY,ternary,6,Ensemble (mean proba),0.40714285714285714,2.034433262445349,0.24073457378142593,-0.15530873206580909,1.80724166775838,0.6111111111111112,0.36428571428571427,840.0
USD/JPY,ternary,6,XGBoost,0.41785714285714287,2.0060312638519506,0.25437897643061236,-0.17747766093326456,1.911361213255281,0.5893854748603352,0.4261904761904762,840.0
USD/JPY,ternary,6,"MNLogit (statsmodels, PCA)",0.3880952380952381,1.598122492784276,0.20662209644583074,-0.1742057854595429,1.826140755479433,0.5528846153846154,0.49523809523809526,840.0
USD/JPY,ternary,6,"Logistic (sklearn, on global PCA)",0.36547619047619045,1.4165313372637467,0.18842817046913596,-0.18148707818919863,1.7707111852768853,0.5344129554655871,0.5880952380952381,840.0
USD/JPY,ternary,6,Random forest,0.42142857142857143,1.335692699142926,0.1316706758683308,-0.1553087320658092,0.8530355667582992,0.5973154362416108,0.1773809523809524,840.0
USD/JPY,ternary,6,MLP neural net,0.44285714285714284,0.27203077287048927,0.023149317072269637,-0.1553087320658092,0.11529779097276754,0.48333333333333334,0.07142857142857142,840.0
USD/JPY,ternary,7,"MNLogit (statsmodels, PCA)",0.4011904761904762,1.8243419707556667,0.2601287692609313,-0.222404492744941,2.04677812880836,0.5794871794871795,0.4642857142857143,840.0
USD/JPY,ternary,7,Ensemble (mean proba),0.39404761904761904,1.6385414001451164,0.21469441105187448,-0.19670940104025914,1.765239191899516,0.56797583081571,0.39404761904761904,840.0
USD/JPY,ternary,7,"Logistic (sklearn, on global PCA)",0.3726190476190476,1.5731442895054215,0.23180957082351816,-0.22240449274494078,1.989590708482522,0.5571725571725572,0.5726190476190476,840.0
USD/JPY,ternary,7,SVM (RBF),0.444047619047619,1.563986505261571,0.11085103449170153,-0.11885988151083815,1.1116275695209543,0.5873015873015873,0.15,840.0
USD/JPY,ternary,7,Ensemble (weighted train acc),0.3976190476190476,1.5518188169950773,0.20388222791881305,-0.1967094010402598,1.6839914524312858,0.5611940298507463,0.39880952380952384,840.0
USD/JPY,ternary,7,Random forest,0.4226190476190476,1.5504588462296196,0.1719804970320753,-0.18170244352234033,1.1480340890089495,0.5737704918032787,0.21785714285714286,840.0
USD/JPY,ternary,7,XGBoost,0.3892857142857143,1.5008992849651586,0.2044882077806942,-0.2343948338392725,1.656980309162466,0.5575916230366492,0.45476190476190476,840.0
USD/JPY,ternary,7,Hist gradient boosting,0.3869047619047619,1.4171008320044092,0.21046874086182932,-0.2849542859480483,1.7932524838776207,0.5244444444444445,0.5357142857142857,840.0
USD/JPY,ternary,7,Gradient boosting (sklearn),0.3761904761904762,1.4090549194490924,0.1940015128791026,-0.2206714790722475,1.5949105322493164,0.5635103926096998,0.5154761904761904,840.0
USD/JPY,ternary,7,MLP neural net,0.4523809523809524,0.4700961937178391,0.045410091091813154,-0.1961415555851529,0.2355116843658584,0.5714285714285714,0.09166666666666666,840.0
USD/JPY,ternary,8,SVM (RBF),0.4261904761904762,1.8338789922039898,0.15360124747586656,-0.11758519277954671,1.3896273966016919,0.6304347826086957,0.16428571428571428,840.0
USD/JPY,ternary,8,Ensemble (mean proba),0.3869047619047619,1.4555016677736916,0.201855004030701,-0.2023594073124445,1.4756901936876055,0.5584045584045584,0.41785714285714287,840.0
USD/JPY,ternary,8,Hist gradient boosting,0.38333333333333336,1.4466969270044725,0.20802349572773138,-0.21536913245720268,1.8287482119909693,0.5562770562770563,0.55,840.0
USD/JPY,ternary,8,XGBoost,0.3892857142857143,1.436807635126026,0.2037142023137506,-0.2324707355897082,1.6206939079665141,0.5419847328244275,0.46785714285714286,840.0
USD/JPY,ternary,8,MLP neural net,0.3952380952380952,1.4237049822205081,0.1445070959937238,-0.12150939311751596,0.7888409715790436,0.6477272727272727,0.10476190476190476,840.0
USD/JPY,ternary,8,Ensemble (weighted train acc),0.3892857142857143,1.371295920688408,0.19189541358446927,-0.2159104986004583,1.4379247778681534,0.5540540540540541,0.44047619047619047,840.0
USD/JPY,ternary,8,"MNLogit (statsmodels, PCA)",0.3738095238095238,1.3189592522203468,0.1997958375621416,-0.25691188772598716,1.4386704377746167,0.566350710900474,0.5023809523809524,840.0
USD/JPY,ternary,8,Gradient boosting (sklearn),0.3892857142857143,1.102762690377475,0.1669059159387265,-0.34523566438944553,1.3149936995299958,0.5305263157894737,0.5654761904761905,840.0
USD/JPY,ternary,8,"Logistic (sklearn, on global PCA)",0.3619047619047619,1.0453453569777529,0.16388431360803724,-0.30552387232658096,1.2129633145215213,0.5404858299595142,0.5880952380952381,840.0
USD/JPY,ternary,8,Random forest,0.4119047619047619,1.0268807327712015,0.11512652079486507,-0.1936648138802335,0.7582698309658732,0.5510204081632653,0.23333333333333334,840.0
USD/JPY,ternary,9,Gradient boosting (sklearn),0.3952380952380952,2.0823185016404238,0.35596662659426803,-0.2291820359505926,2.3748938348330055,0.5816993464052288,0.5464285714285714,840.0
USD/JPY,ternary,9,Ensemble (weighted train acc),0.3892857142857143,1.9820481326105288,0.30974736036906303,-0.15734698577939654,2.0342354637996065,0.6074498567335244,0.4154761904761905,840.0
USD/JPY,ternary,9,Ensemble (mean proba),0.3964285714285714,1.9081319003350563,0.29060931864894113,-0.15734698577939654,1.885853195958419,0.6071428571428571,0.4,840.0
USD/JPY,ternary,9,XGBoost,0.375,1.8685237614115178,0.28832935722420383,-0.1521074206641182,2.014479389610094,0.5863874345549738,0.45476190476190476,840.0
USD/JPY,ternary,9,SVM (RBF),0.4238095238095238,1.8549300588429127,0.16251762179728435,-0.1144782438838502,1.4503538623883685,0.6462585034013606,0.175,840.0
USD/JPY,ternary,9,Random forest,0.4011904761904762,1.7429339356464448,0.224493625189653,-0.14811311243546088,1.3702488320741741,0.6022099447513812,0.2154761904761905,840.0
USD/JPY,ternary,9,Hist gradient boosting,0.3892857142857143,1.5078491708116883,0.24942070228774393,-0.17330750028390918,1.8767055700237065,0.5684210526315789,0.5654761904761905,840.0
USD/JPY,ternary,9,"Logistic (sklearn, on global PCA)",0.37023809523809526,1.1622463499765088,0.1908983840062679,-0.31856329597336375,1.3411016461204757,0.558695652173913,0.5476190476190477,840.0
USD/JPY,ternary,9,"MNLogit (statsmodels, PCA)",0.38095238095238093,0.9964799204302512,0.15734460976861686,-0.31856329597336375,1.065435298692744,0.5541561712846348,0.4726190476190476,840.0
USD/JPY,ternary,9,MLP neural net,0.4142857142857143,0.5823832948017148,0.06344158497493502,-0.2118418371057269,0.3090929217618641,0.5119047619047619,0.1,840.0
USD/JPY,ternary,10,Hist gradient boosting,0.3726190476190476,1.8817068573882525,0.3039792183161738,-0.20399723655371238,2.6167478184173354,0.569377990430622,0.4976190476190476,840.0
USD/JPY,ternary,10,Random forest,0.3892857142857143,1.7407663509669995,0.22420102232646122,-0.12626643278245586,1.7364943633209704,0.5978835978835979,0.225,840.0
USD/JPY,ternary,10,SVM (RBF),0.4142857142857143,1.6700499350152218,0.177116512919421,-0.1892650322388183,1.0186605470833032,0.6363636363636364,0.2357142857142857,840.0
USD/JPY,ternary,10,Gradient boosting (sklearn),0.3880952380952381,1.5078340988681413,0.26067282519262847,-0.3749309134952422,1.790501440759526,0.5508474576271186,0.5619047619047619,840.0
USD/JPY,ternary,10,Ensemble (weighted train acc),0.37857142857142856,1.4800197922467642,0.23770268274113415,-0.25154341969755956,1.527254744170205,0.5766016713091922,0.42738095238095236,840.0
USD/JPY,ternary,10,XGBoost,0.3738095238095238,1.3948801418610177,0.22356892389142935,-0.2586689524748703,1.5809415895085508,0.5590361445783133,0.49404761904761907,840.0
USD/JPY,ternary,10,Ensemble (mean proba),0.37857142857142856,1.3638753275023505,0.22074256627853717,-0.2661812619457621,1.4231060467476246,0.5686274509803921,0.425,840.0
USD/JPY,ternary,10,MLP neural net,0.40714285714285714,0.8308506147854645,0.08900257064590167,-0.21347857049011099,0.6360863647734474,0.5480769230769231,0.12380952380952381,840.0
USD/JPY,ternary,10,"Logistic (sklearn, on global PCA)",0.39166666666666666,0.794823007562193,0.13705441682278896,-0.30643428153608043,0.911390659435233,0.5301724137931034,0.5523809523809524,840.0
USD/JPY,ternary,10,"MNLogit (statsmodels, PCA)",0.4035714285714286,0.6608942891762064,0.10934344087935943,-0.306434281536081,0.7062930437206795,0.5331695331695332,0.4845238095238095,840.0
USD/CHF,binary,1,XGBoost,0.5142857142857142,0.7023085599951033,0.04280668382428954,-0.06186355819097322,1.0877921133161013,0.5169491525423728,0.9833333333333333,840.0
USD/CHF,binary,1,Ensemble (mean proba),0.5083333333333333,0.5224844732705782,0.031166397158559622,-0.06389610595720185,0.7753001063021608,0.5105590062111801,0.9583333333333334,840.0
USD/CHF,binary,1,Ensemble (weighted train acc),0.5071428571428571,0.48402514119368345,0.02913212514549013,-0.06389610595720085,0.7185863657735541,0.5074441687344913,0.9595238095238096,840.0
USD/CHF,binary,1,Hist gradient boosting,0.5095238095238095,0.4831552052240733,0.029519868703267615,-0.06505370261857857,0.7298103627266085,0.508495145631068,0.9809523809523809,840.0
USD/CHF,binary,1,MLP neural net,0.5023809523809524,0.28955693130461113,0.01690350805943086,-0.09622051708554602,0.4081381754059202,0.5013262599469496,0.8976190476190476,840.0
USD/CHF,binary,1,Random forest,0.5202380952380953,0.2835551243528537,0.016841647113059688,-0.07190915996229608,0.4141427493481309,0.52,0.9523809523809523,840.0
USD/CHF,binary,1,Gradient boosting (sklearn),0.5083333333333333,0.14079050873136267,0.008486222067860982,-0.11420042233095673,0.19825381241454862,0.5121065375302664,0.9833333333333333,840.0
USD/CHF,binary,1,SVM (RBF),0.5166666666666667,0.04020264773848554,0.002212070464349347,-0.08185571276570747,0.05242952275673685,0.5251396648044693,0.8523809523809524,840.0
USD/CHF,binary,1,"Logistic (sklearn, on global PCA)",0.5011904761904762,0.03697882674073537,0.0021459017655269808,-0.09497567097791348,0.05288765895173718,0.49550706033376124,0.9273809523809524,840.0
USD/CHF,binary,1,"Probit (statsmodels, PCA)",0.5059523809523809,-0.05337507495597202,-0.0031148659183984906,-0.09666022266680319,-0.07525846196966676,0.5050251256281407,0.9476190476190476,840.0
USD/CHF,binary,1,"Logit (statsmodels, PCA)",0.5047619047619047,-0.11346024252507715,-0.006629200803376589,-0.10018444808481308,-0.16024665453221354,0.50375,0.9523809523809523,840.0
USD/CHF,binary,2,Hist gradient boosting,0.5488095238095239,1.9147404001383563,0.17713795476967875,-0.10403059162573447,3.066983569985503,0.5507246376811594,0.9857142857142858,840.0
USD/CHF,binary,2,Ensemble (weighted train acc),0.55,1.7799684508442029,0.16190982420053746,-0.10930373210742961,2.595252808133923,0.5555555555555556,0.9535714285714286,840.0
USD/CHF,binary,2,XGBoost,0.5404761904761904,1.6138433787988915,0.14688348599780277,-0.11098345148750022,2.432781103458989,0.5406060606060606,0.9821428571428571,840.0
USD/CHF,binary,2,Ensemble (mean proba),0.5511904761904762,1.5720625467247278,0.14305797633948325,-0.11811855681037964,2.3177509683334883,0.5500618046971569,0.9630952380952381,840.0
USD/CHF,binary,2,Gradient boosting (sklearn),0.5452380952380952,1.2081367306077266,0.10910411721458568,-0.14474769585491376,1.728442706109625,0.5424757281553398,0.9809523809523809,840.0
USD/CHF,binary,2,Random forest,0.5345238095238095,0.9308681325881486,0.08111916924053664,-0.13946955094414715,1.312516650992527,0.5353535353535354,0.9428571428571428,840.0
USD/CHF,binary,2,"Logistic (sklearn, on global PCA)",0.5273809523809524,0.9070783274650676,0.08044761718138971,-0.14654204533176673,1.3342885162841482,0.5274725274725275,0.975,840.0
USD/CHF,binary,2,"Logit (statsmodels, PCA)",0.5273809523809524,0.9021845939468794,0.08007925147561679,-0.1571600928722514,1.3189758092128312,0.530940594059406,0.9619047619047619,840.0
USD/CHF,binary,2,"Probit (statsmodels, PCA)",0.5273809523809524,0.8203879109167797,0.0723794824466999,-0.1517003070446834,1.1958765387289385,0.5296296296296297,0.9642857142857143,840.0
USD/CHF,binary,2,MLP neural net,0.5154761904761904,0.7210831789482145,0.06113911581956821,-0.1224518116909864,1.026106203704606,0.5228161668839635,0.9130952380952381,840.0
USD/CHF,binary,2,SVM (RBF),0.5166666666666667,0.675094005542265,0.05920986012919571,-0.13683932602322035,1.0094481159036721,0.5201005025125628,0.9476190476190476,840.0
USD/CHF,binary,3,Random forest,0.5488095238095239,1.1045171775109437,0.12489811210721347,-0.18405460983748345,1.5326719757593936,0.5536159600997507,0.9547619047619048,840.0
USD/CHF,binary,3,XGBoost,0.544047619047619,1.0658036060104485,0.12291275501530752,-0.15743479347219302,1.5229909240362398,0.5450180072028812,0.9916666666666667,840.0
USD/CHF,binary,3,Gradient boosting (sklearn),0.544047619047619,1.028399273462667,0.1183114093931219,-0.23114748533214702,1.4524413543782206,0.5475330926594465,0.9892857142857143,840.0
USD/CHF,binary,3,Ensemble (weighted train acc),0.5369047619047619,0.9362525959101954,0.10567856025548372,-0.23591967496164779,1.343922799400624,0.5365853658536586,0.9761904761904762,840.0
USD/CHF,binary,3,"Logistic (sklearn, on global PCA)",0.5261904761904762,0.9310373321576939,0.10583353664478556,-0.18045727054082805,1.3520344914540738,0.528976572133169,0.9654761904761905,840.0
USD/CHF,binary,3,"Logit (statsmodels, PCA)",0.530952380952381,0.890875927740998,0.1005060959205577,-0.205074724648035,1.2822452368560033,0.5312883435582823,0.9702380952380952,840.0
USD/CHF,binary,3,SVM (RBF),0.5345238095238095,0.8415807962831318,0.09388045090741115,-0.19382696307888614,1.2321282535751248,0.5390428211586902,0.9452380952380952,840.0
USD/CHF,binary,3,Ensemble (mean proba),0.5321428571428571,0.8321685729142363,0.09360689528693644,-0.26018234314765576,1.197111050005519,0.5334143377885784,0.9797619047619047,840.0
USD/CHF,binary,3,"Probit (statsmodels, PCA)",0.5261904761904762,0.7451282519048185,0.08338352367992763,-0.20727569915558486,1.0744686478252858,0.5263803680981595,0.9702380952380952,840.0
USD/CHF,binary,3,Hist gradient boosting,0.5238095238095238,0.5655610109083887,0.06342908902587419,-0.19443426024904897,0.8384621490872605,0.5233532934131736,0.9940476190476191,840.0
USD/CHF,binary,3,MLP neural net,0.525,0.3540781929010706,0.03768305161049912,-0.26545926826022814,0.48914209966814803,0.517948717948718,0.9285714285714286,840.0
USD/CHF,binary,4,Random forest,0.5202380952380953,0.8820488788733755,0.1175779866653317,-0.2466305190543855,1.290489516178452,0.5176184690157959,0.9797619047619047,840.0
USD/CHF,binary,4,MLP neural net,0.544047619047619,0.845177624763461,0.10865631163112077,-0.30589174831733545,1.0856969176471698,0.5400516795865633,0.9214285714285714,840.0
USD/CHF,binary,4,XGBoost,0.5238095238095238,0.757409667802798,0.10077157568053874,-0.2465536380588632,1.1071550055736576,0.5245508982035928,0.9940476190476191,840.0
USD/CHF,binary,4,Gradient boosting (sklearn),0.5238095238095238,0.6351737530382127,0.08346462247100117,-0.23927863006296446,0.919941121737736,0.5245508982035928,0.9940476190476191,840.0
USD/CHF,binary,4,Hist gradient boosting,0.5261904761904762,0.6144978088561529,0.08086517690912665,-0.2147577228582117,0.8941015141820621,0.5263157894736842,0.9952380952380953,840.0
USD/CHF,binary,4,Ensemble (weighted train acc),0.5107142857142857,0.41698139139395857,0.05417811631997771,-0.29016608384998666,0.6100754177150682,0.5102533172496985,0.986904761904762,840.0
USD/CHF,binary,4,Ensemble (mean proba),0.5071428571428571,0.38545658795134696,0.04978916246602094,-0.2941236620375156,0.56186970803396,0.5085158150851582,0.9785714285714285,840.0
USD/CHF,binary,4,SVM (RBF),0.5071428571428571,0.27173409944915344,0.03453480482293103,-0.25820274426552836,0.39228158898812776,0.5061425061425061,0.969047619047619,840.0
USD/CHF,binary,4,"Logistic (sklearn, on global PCA)",0.4988095238095238,0.1797551557659575,0.022836690062538967,-0.275277153494224,0.25744013634962865,0.4993939393939394,0.9821428571428571,840.0
USD/CHF,binary,4,"Logit (statsmodels, PCA)",0.49642857142857144,0.053389721855293185,0.006766698644828262,-0.2756877099220437,0.07604716438507687,0.49818181818181817,0.9821428571428571,840.0
USD/CHF,binary,4,"Probit (statsmodels, PCA)",0.49642857142857144,0.016726622587669944,0.0021121151141130223,-0.27408202703562556,0.023861508305378643,0.4963855421686747,0.9880952380952381,840.0
USD/CHF,binary,5,Hist gradient boosting,0.5357142857142857,1.5348865041200426,0.24140022003493034,-0.24741584084207324,2.4347872444755727,0.5364396654719236,0.9964285714285714,840.0
USD/CHF,binary,5,XGBoost,0.5488095238095239,1.3870048945360578,0.2143436462090138,-0.3057407151737036,1.9963578690815065,0.5506024096385542,0.9880952380952381,840.0
USD/CHF,binary,5,Ensemble (weighted train acc),0.5345238095238095,1.2940574424832156,0.19793935386185746,-0.35339454211208954,2.0378521273635104,0.5310596833130329,0.9773809523809524,840.0
USD/CHF,binary,5,Gradient boosting (sklearn),0.530952380952381,0.987344183679782,0.14896168822403277,-0.39379640130264415,1.4325298140876173,0.5313253012048192,0.9880952380952381,840.0
USD/CHF,binary,5,Random forest,0.5238095238095238,0.9107463950518979,0.1338624580674883,-0.34018724760502206,1.2858915316949264,0.5242236024844721,0.9583333333333334,840.0
USD/CHF,binary,5,Ensemble (mean proba),0.5238095238095238,0.8154059683903461,0.12074668422309487,-0.359359063934352,1.2206298166012388,0.5238678090575275,0.9726190476190476,840.0
USD/CHF,binary,5,SVM (RBF),0.5214285714285715,0.6551738858610825,0.0960925241730739,-0.28387110427063855,0.979887886816283,0.5189718482252142,0.9726190476190476,840.0
USD/CHF,binary,5,"Logit (statsmodels, PCA)",0.5023809523809524,0.3756291888064538,0.05420574205981876,-0.3641089639660796,0.5596276722686453,0.4987745098039216,0.9714285714285714,840.0
USD/CHF,binary,5,MLP neural net,0.49642857142857144,0.29808148639902726,0.04163655545873235,-0.34682784714014425,0.43491135869038816,0.5064935064935064,0.9166666666666666,840.0
USD/CHF,binary,5,"Logistic (sklearn, on global PCA)",0.5023809523809524,0.262003610973495,0.037540599738039804,-0.3634390833121417,0.39352248184004673,0.5012106537530266,0.9833333333333333,840.0
USD/CHF,binary,5,"Probit (statsmodels, PCA)",0.49404761904761907,0.1706657423646575,0.02430320494289151,-0.36410896396608006,0.25358074266995756,0.49511002444987773,0.9738095238095238,840.0
USD/CHF,binary,6,XGBoost,0.5154761904761904,1.0129385492041267,0.16850894047466292,-0.361907074798945,1.6399059989189038,0.5161676646706587,0.9940476190476191,840.0
USD/CHF,binary,6,Random forest,0.5095238095238095,0.9713988579540572,0.159599216430921,-0.3777032051130841,1.5751954473875487,0.5096852300242131,0.9833333333333333,840.0
USD/CHF,binary,6,Hist gradient boosting,0.5095238095238095,0.8837247164339139,0.1450718707785228,-0.4545171984543296,1.465432657369855,0.5095923261390888,0.9928571428571429,840.0
USD/CHF,binary,6,Gradient boosting (sklearn),0.513095238095238,0.832602977331541,0.13678803020970065,-0.41497612739359413,1.2984547990685522,0.513095238095238,1.0,840.0
USD/CHF,binary,6,"Logistic (sklearn, on global PCA)",0.5083333333333333,0.7308108698757162,0.11744354060916362,-0.2853773632617743,1.1140778360837726,0.505521472392638,0.9702380952380952,840.0
USD/CHF,binary,6,Ensemble (weighted train acc),0.5059523809523809,0.6600409882888166,0.10583462202702787,-0.41111583929464013,1.0322464728158625,0.5060532687651331,0.9833333333333333,840.0
USD/CHF,binary,6,SVM (RBF),0.5107142857142857,0.6514050924422267,0.10424149283956652,-0.28080213888865624,0.985638136110248,0.5171149144254279,0.9738095238095238,840.0
USD/CHF,binary,6,Ensemble (mean proba),0.5047619047619047,0.5614147143463111,0.08987857079300277,-0.4025058594661396,0.8692053993433395,0.5036407766990292,0.9809523809523809,840.0
USD/CHF,binary,6,"Logit (statsmodels, PCA)",0.5095238095238095,0.5435622647559147,0.08689659025873442,-0.3011599270690376,0.8186788623161884,0.5060679611650486,0.9809523809523809,840.0
USD/CHF,binary,6,"Probit (statsmodels, PCA)",0.4988095238095238,0.4375085940604749,0.06919675109268986,-0.3208032852542133,0.6579935126626058,0.5036407766990292,0.9809523809523809,840.0
USD/CHF,binary,6,MLP neural net,0.5154761904761904,0.35163502059869167,0.054679177453188954,-0.3994103799930172,0.5054144703681365,0.5168539325842697,0.9535714285714286,840.0
USD/CHF,binary,7,Random forest,0.569047619047619,2.031430459406095,0.389636190771508,-0.313503849701373,3.071017879695928,0.5695121951219512,0.9761904761904762,840.0
USD/CHF,binary,7,Hist gradient boosting,0.5428571428571428,1.5570966697841486,0.29094280625766666,-0.28647096794183957,2.5558633002370246,0.5431654676258992,0.9928571428571429,840.0
USD/CHF,binary,7,XGBoost,0.5428571428571428,1.5374843489145007,0.28602546242527827,-0.30634873446000765,2.4175477066519346,0.5433734939759036,0.9880952380952381,840.0
USD/CHF,binary,7,Ensemble (weighted train acc),0.5345238095238095,1.2733152974902326,0.23267072338824235,-0.3321401584767646,1.999626744791122,0.535024154589372,0.9857142857142858,840.0
USD/CHF,binary,7,Gradient boosting (sklearn),0.5428571428571428,1.24740193173671,0.22696628507371708,-0.27073288235990034,1.931357469608187,0.5450180072028812,0.9916666666666667,840.0
USD/CHF,binary,7,Ensemble (mean proba),0.5238095238095238,1.1565463378632352,0.208030780506834,-0.32476638652082745,1.8129884786055734,0.5291970802919708,0.9785714285714285,840.0
USD/CHF,binary,7,MLP neural net,0.5571428571428572,0.9643348871553261,0.1688620488544439,-0.3006181447478551,1.385548802552484,0.5505050505050505,0.9428571428571428,840.0
USD/CHF,binary,7,SVM (RBF),0.5476190476190477,0.6495282674966456,0.11280125279994713,-0.3316673441024909,0.9179398064373813,0.5475330926594465,0.9892857142857143,840.0
USD/CHF,binary,7,"Probit (statsmodels, PCA)",0.5,0.48760152657847844,0.08293140048503567,-0.38120663436800606,0.7549229891160237,0.5024271844660194,0.9809523809523809,840.0
USD/CHF,binary,7,"Logit (statsmodels, PCA)",0.5035714285714286,0.40080047973849997,0.06771686646776565,-0.38956925039360213,0.622790810127457,0.501813784764208,0.9845238095238096,840.0
USD/CHF,binary,7,"Logistic (sklearn, on global PCA)",0.49047619047619045,0.39768973860981094,0.06740582322249944,-0.39923387784706454,0.628769281283878,0.4879807692307692,0.9904761904761905,840.0
USD/CHF,binary,8,Random forest,0.5761904761904761,1.9031429357451644,0.38064435751427617,-0.24618600889385878,2.794429326480948,0.576499388004896,0.9726190476190476,840.0
USD/CHF,binary,8,XGBoost,0.5666666666666667,1.7261800757936974,0.34528557235242774,-0.24930026353950197,2.648642514506192,0.5654261704681873,0.9916666666666667,840.0
USD/CHF,binary,8,Gradient boosting (sklearn),0.5488095238095239,1.5660805251195458,0.3097704996069408,-0.2341400997206694,2.459269734430829,0.5495818399044206,0.9964285714285714,840.0
USD/CHF,binary,8,Hist gradient boosting,0.5273809523809524,1.240182329697533,0.23833283022153573,-0.23354777314960162,2.0491971427858546,0.5281437125748503,0.9940476190476191,840.0
USD/CHF,binary,8,Ensemble (weighted train acc),0.5392857142857143,1.1996671273582948,0.22872392811798425,-0.25388335744605506,1.8537610729525626,0.5389294403892944,0.9785714285714285,840.0
USD/CHF,binary,8,Ensemble (mean proba),0.5321428571428571,1.0525894418787891,0.19857605252582977,-0.26793982053033427,1.6331374729850576,0.5329268292682927,0.9761904761904762,840.0
USD/CHF,binary,8,"Logit (statsmodels, PCA)",0.4976190476190476,0.5777959026766711,0.1047913647097749,-0.37485090411810773,0.9147707374699482,0.5006060606060606,0.9821428571428571,840.0
USD/CHF,binary,8,"Probit (statsmodels, PCA)",0.49166666666666664,0.3994072546175701,0.0709703195854614,-0.41045864550453814,0.6318227257268705,0.48959608323133413,0.9726190476190476,840.0
USD/CHF,binary,8,SVM (RBF),0.5273809523809524,0.31395238508078865,0.05581256606485274,-0.48713870626401645,0.4363640665699594,0.5289156626506024,0.9880952380952381,840.0
USD/CHF,binary,8,"Logistic (sklearn, on global PCA)",0.4880952380952381,0.04571394762439975,0.007917229206239274,-0.36755567255340693,0.07186117212850486,0.4854721549636804,0.9833333333333333,840.0
USD/CHF,binary,8,MLP neural net,0.49047619047619045,-0.30888431950137946,-0.05112362709724472,-0.40254167396062646,-0.4535989583633265,0.48685857321652065,0.9511904761904761,840.0
USD/CHF,binary,9,Random forest,0.575,2.136547637231265,0.45984350846610167,-0.23586306011075864,3.3405150227873697,0.5736906211936662,0.9773809523809524,840.0
USD/CHF,binary,9,Hist gradient boosting,0.5428571428571428,1.9959855152739558,0.4275458028084351,-0.21644661637344165,3.3366385297480448,0.5417661097852029,0.9976190476190476,840.0
USD/CHF,binary,9,XGBoost,0.5523809523809524,1.790487734561387,0.3771131805314467,-0.30007445950163525,2.875156987508909,0.5522208883553421,0.9916666666666667,840.0
USD/CHF,binary,9,Ensemble (weighted train acc),0.5357142857142857,1.5236436825154696,0.31303817109180043,-0.24565284114321573,2.4376895252673068,0.5379975874547648,0.986904761904762,840.0
USD/CHF,binary,9,Ensemble (mean proba),0.530952380952381,1.3902716722378556,0.28239027319696985,-0.24565284114321584,2.2230676537680494,0.533816425120773,0.9857142857142858,840.0
USD/CHF,binary,9,Gradient boosting (sklearn),0.5654761904761905,1.3767609794010187,0.2771290297627904,-0.29264607406615184,1.9619569393126979,0.5652694610778443,0.9940476190476191,840.0
USD/CHF,binary,9,MLP neural net,0.5297619047619048,0.9898200583739285,0.18907464610501923,-0.32168422774313643,1.529714130731395,0.5294855708908407,0.9488095238095238,840.0
USD/CHF,binary,9,"Probit (statsmodels, PCA)",0.5190476190476191,0.9118037476791295,0.17781983565595239,-0.31975619585919246,1.475254192921223,0.5192307692307693,0.9904761904761905,840.0
USD/CHF,binary,9,SVM (RBF),0.5321428571428571,0.8416823979341236,0.16252552181245705,-0.46567458262562733,1.1664687990406761,0.5351941747572816,0.9809523809523809,840.0
USD/CHF,binary,9,"Logit (statsmodels, PCA)",0.5095238095238095,0.7511842786431496,0.14437410965853337,-0.3186158380898345,1.2230851282099278,0.5096153846153846,0.9904761904761905,840.0
USD/CHF,binary,9,"Logistic (sklearn, on global PCA)",0.4880952380952381,0.46549838415822314,0.08642502813864539,-0.2891200830383218,0.7733284929835373,0.48426150121065376,0.9833333333333333,840.0
USD/CHF,binary,10,Random forest,0.5880952380952381,2.5716781492658027,0.599688644448934,-0.2603107542305281,4.049251393457369,0.5877300613496933,0.9702380952380952,840.0
USD/CHF,binary,10,XGBoost,0.555952380952381,1.9207470717629656,0.4267644708708651,-0.3122385048821589,3.0879137773295326,0.5574162679425837,0.9952380952380953,840.0
USD/CHF,binary,10,Ensemble (mean proba),0.5476190476190477,1.8685713097467085,0.411714838692288,-0.3368315339895793,3.102328964007187,0.5429262394195888,0.9845238095238096,840.0
USD/CHF,binary,10,Hist gradient boosting,0.5428571428571428,1.8375386347339817,0.4039612795529668,-0.3698371742342249,3.076182660083925,0.5425149700598803,0.9940476190476191,840.0
USD/CHF,binary,10,Gradient boosting (sklearn),0.5428571428571428,1.8189207073820246,0.40010680377971486,-0.38059553887523057,3.0342507085004438,0.5425149700598803,0.9940476190476191,840.0
USD/CHF,binary,10,Ensemble (weighted train acc),0.5464285714285714,1.8085916347061088,0.39381766671171925,-0.33645786532300037,2.9874555028161445,0.5457831325301205,0.9880952380952381,840.0
USD/CHF,binary,10,"Probit (statsmodels, PCA)",0.5226190476190476,1.6200101082651501,0.3461860212714363,-0.3402027863409103,2.6954013074054086,0.5274725274725275,0.975,840.0
USD/CHF,binary,10,"Logit (statsmodels, PCA)",0.5214285714285715,1.398378172407416,0.2946071652975133,-0.3581960279505897,2.35273373460255,0.5216346153846154,0.9904761904761905,840.0
USD/CHF,binary,10,"Logistic (sklearn, on global PCA)",0.5023809523809524,1.2364360936258543,0.25653431169720275,-0.37305748456379406,2.117227499426235,0.5078787878787879,0.9821428571428571,840.0
USD/CHF,binary,10,MLP neural net,0.5142857142857142,0.8582394016739668,0.16333487410987146,-0.43382204004076064,1.3730130071222109,0.5109961190168176,0.9202380952380952,840.0
USD/CHF,binary,10,SVM (RBF),0.530952380952381,0.8545807259525493,0.17171406439771153,-0.5118988854277617,1.174180604094041,0.5296969696969697,0.9821428571428571,840.0
USD/CHF,ternary,1,"Logistic (sklearn, on global PCA)",0.48333333333333334,0.7980628783685427,0.035095215401707236,-0.06292560190280938,0.9041586330618073,0.5012787723785166,0.4654761904761905,840.0
USD/CHF,ternary,1,"MNLogit (statsmodels, PCA)",0.6869047619047619,0.2303292322821293,0.005417480638700178,-0.040854300988034,0.10924074493577465,0.5063291139240507,0.09404761904761905,840.0
USD/CHF,ternary,1,Gradient boosting (sklearn),0.7202380952380952,0.11783396742797682,0.003159991578605803,-0.06631550293410449,0.07089078113297971,0.5214285714285715,0.16666666666666666,840.0
USD/CHF,ternary,1,Ensemble (mean proba),0.7297619047619047,-0.17624736987277073,-0.0020160897444220227,-0.023959633226840582,-0.04527050781525771,0.5,0.02619047619047619,840.0
USD/CHF,ternary,1,Ensemble (weighted train acc),0.7321428571428571,-0.17624736987277073,-0.0020160897444220227,-0.023959633226840582,-0.04527050781525771,0.5,0.02619047619047619,840.0
USD/CHF,ternary,1,Hist gradient boosting,0.7321428571428571,-0.32010707005854133,-0.0071560606673490845,-0.05771032011542854,-0.15869293494299705,0.5172413793103449,0.1380952380952381,840.0
USD/CHF,ternary,1,XGBoost,0.7988095238095239,-0.35417929280109667,-0.006012297945294343,-0.037870192264734204,-0.11483229321028277,0.4523809523809524,0.05,840.0
USD/CHF,ternary,1,Random forest,0.8369047619047619,,0.0,0.0,,,0.0,840.0
USD/CHF,ternary,1,MLP neural net,0.8321428571428572,,0.0,0.0,,,0.0,840.0
USD/CHF,ternary,1,SVM (RBF),0.8369047619047619,,0.0,0.0,,,0.0,840.0
USD/CHF,ternary,2,Ensemble (mean proba),0.6440476190476191,1.058896876286212,0.04505962812186515,-0.0704653304066214,0.8781667430225691,0.5398230088495575,0.13452380952380952,840.0
USD/CHF,ternary,2,"MNLogit (statsmodels, PCA)",0.6285714285714286,0.8450994664960876,0.042826654831044086,-0.1057277774208295,0.5603166796758338,0.5578231292517006,0.175,840.0
USD/CHF,ternary,2,Ensemble (weighted train acc),0.6416666666666667,0.7779506613617422,0.03318631368546221,-0.07450359318921485,0.6270374640377278,0.512,0.1488095238095238,840.0
USD/CHF,ternary,2,Random forest,0.675,0.5972595732226317,0.005967578004243856,-0.014175308406470521,0.19235463661632649,0.5833333333333334,0.014285714285714285,840.0
USD/CHF,ternary,2,Hist gradient boosting,0.5357142857142857,0.5919768719827017,0.036130567402770986,-0.13025748627512124,0.6095631689239411,0.5224358974358975,0.37142857142857144,840.0
USD/CHF,ternary,2,XGBoost,0.6047619047619047,0.5766000584599165,0.022082009831190685,-0.07171007809136476,0.4455574066065205,0.5157232704402516,0.18928571428571428,840.0
USD/CHF,ternary,2,Gradient boosting (sklearn),0.5738095238095238,0.3873451776903939,0.022545474266673304,-0.11986522793321808,0.3744650453653083,0.48484848484848486,0.3142857142857143,840.0
USD/CHF,ternary,2,"Logistic (sklearn, on global PCA)",0.375,0.06699825451453703,0.004418132323992463,-0.13802374543908058,0.07346039127859584,0.48157248157248156,0.4845238095238095,840.0
USD/CHF,ternary,2,SVM (RBF),0.680952380952381,-0.7767175399921343,-0.0017989902954215209,-0.006228748602542411,-0.07244421589170678,0.25,0.004761904761904762,840.0
USD/CHF,ternary,2,MLP neural net,0.6845238095238095,,0.0,0.0,,,0.0,840.0
USD/CHF,ternary,3,Gradient boosting (sklearn),0.5095238095238095,1.2610419406671232,0.08410717864148798,-0.12977640108678268,1.220277613074967,0.5656934306569343,0.3261904761904762,840.0
USD/CHF,ternary,3,Ensemble (weighted train acc),0.5392857142857143,0.9611047426605965,0.06019086693790343,-0.13257075330942147,0.6946987672163402,0.5502645502645502,0.225,840.0
USD/CHF,ternary,3,XGBoost,0.5297619047619048,0.9288313541627057,0.06369688442531207,-0.11806256309352403,0.7668694116632399,0.5391304347826087,0.27380952380952384,840.0
USD/CHF,ternary,3,Hist gradient boosting,0.47619047619047616,0.855215201601339,0.06607493122640395,-0.1665406200816304,0.8668363031721208,0.5552407932011332,0.42023809523809524,840.0
USD/CHF,ternary,3,Ensemble (mean proba),0.5380952380952381,0.8046454941539554,0.04984019961794339,-0.1325707533094218,0.5609342059581819,0.550561797752809,0.2119047619047619,840.0
USD/CHF,ternary,3,SVM (RBF),0.5869047619047619,0.5581286546410298,0.005223842502610099,-0.009312134104037306,0.1356948530992784,0.42857142857142855,0.008333333333333333,840.0
USD/CHF,ternary,3,"MNLogit (statsmodels, PCA)",0.48928571428571427,0.17346496260585748,0.013528512390458713,-0.16955038172254366,0.13901103093724448,0.4925925925925926,0.32142857142857145,840.0
USD/CHF,ternary,3,"Logistic (sklearn, on global PCA)",0.3630952380952381,0.029640211470774332,0.0027174298659260465,-0.20257648863558808,0.03184928189098302,0.49156118143459915,0.5642857142857143,840.0
USD/CHF,ternary,3,Random forest,0.569047619047619,-0.05998950236692844,-0.0020107510634136405,-0.11744379270119998,-0.023410688554386497,0.49230769230769234,0.07738095238095238,840.0
USD/CHF,ternary,3,MLP neural net,0.5845238095238096,,0.0,0.0,,,0.0,840.0
USD/CHF,ternary,4,XGBoost,0.47619047619047616,1.703372728696614,0.1489858966450257,-0.17583506358922307,1.479354095868049,0.5643939393939394,0.3142857142857143,840.0
USD/CHF,ternary,4,Ensemble (mean proba),0.4845238095238095,1.5484017909645038,0.12434710631742063,-0.16170461634681688,1.2040714628664797,0.5727272727272728,0.2619047619047619,840.0
USD/CHF,ternary,4,Ensemble (weighted train acc),0.4797619047619048,1.3441319428768306,0.10251186838978232,-0.169761239969636,1.0139302944615312,0.5585585585585585,0.2642857142857143,840.0
USD/CHF,ternary,4,Hist gradient boosting,0.4452380952380952,1.2925366266657379,0.11465170529953972,-0.1929653861542604,1.237889054387789,0.5457142857142857,0.4166666666666667,840.0
USD/CHF,ternary,4,"Logistic (sklearn, on global PCA)",0.3964285714285714,0.8320740293263379,0.09077115369038347,-0.2269567066385424,0.8444776230487829,0.5483146067415731,0.5297619047619048,840.0
USD/CHF,ternary,4,Gradient boosting (sklearn),0.49047619047619045,0.7439427432289166,0.06795455920721993,-0.18550580651137571,0.6459966660829503,0.5308219178082192,0.3476190476190476,840.0
USD/CHF,ternary,4,MLP neural net,0.525,0.5477225575051661,7.105449544497766e-05,0.0,,1.0,0.0011904761904761906,840.0
USD/CHF,ternary,4,"MNLogit (statsmodels, PCA)",0.4642857142857143,0.5095434491160269,0.04806613739794008,-0.2089204419567181,0.425129384934688,0.5261324041811847,0.3416666666666667,840.0
USD/CHF,ternary,4,Random forest,0.5095238095238095,0.01113987901684143,0.0004832078860557143,-0.1772531821600527,0.005427872967219483,0.47560975609756095,0.09761904761904762,840.0
USD/CHF,ternary,4,SVM (RBF),0.5107142857142857,-0.16689788016159937,-0.007136022763764127,-0.1776914139417739,-0.07850203875938777,0.43243243243243246,0.0880952380952381,840.0
USD/CHF,ternary,5,XGBoost,0.4297619047619048,1.1453848227804153,0.12942454000548276,-0.2038609294590502,1.179152856087116,0.5459317585301837,0.45357142857142857,840.0
USD/CHF,ternary,5,Hist gradient boosting,0.43333333333333335,0.8321379485114093,0.10094881822030821,-0.2738378132426552,0.9199884283880233,0.5415730337078651,0.5297619047619048,840.0
USD/CHF,ternary,5,Ensemble (weighted train acc),0.4369047619047619,0.8029678144770461,0.08895287624999271,-0.23193354507972253,0.7685711738622761,0.5451977401129944,0.42142857142857143,840.0
USD/CHF,ternary,5,"MNLogit (statsmodels, PCA)",0.42738095238095236,0.7714007375626606,0.0861528065347339,-0.2750636959077417,0.7260241796896156,0.5300859598853869,0.4154761904761905,840.0
USD/CHF,ternary,5,Gradient boosting (sklearn),0.40714285714285714,0.7104756561810525,0.07823039638283857,-0.17528324113034066,0.6930989954995374,0.5529715762273901,0.4607142857142857,840.0
USD/CHF,ternary,5,Random forest,0.4357142857142857,0.6965445612635528,0.045790332327385386,-0.12088649211992564,0.42080492804383773,0.5590062111801242,0.19166666666666668,840.0
USD/CHF,ternary,5,Ensemble (mean proba),0.4369047619047619,0.6843322493300232,0.07557398484759048,-0.224949292325905,0.6516879304187263,0.5362318840579711,0.4107142857142857,840.0
USD/CHF,ternary,5,SVM (RBF),0.43333333333333335,0.5887525700038151,0.035321076111424654,-0.23927930776179862,0.4342421551213091,0.5294117647058824,0.18214285714285713,840.0
USD/CHF,ternary,5,"Logistic (sklearn, on global PCA)",0.3773809523809524,0.28697845864835314,0.03347392500448687,-0.30569531306189346,0.3071039080629455,0.5079006772009029,0.5273809523809524,840.0
USD/CHF,ternary,5,MLP neural net,0.4511904761904762,-1.1974564515517296,-0.027445670402913458,-0.08971619133302222,-0.1859549845252943,0.21428571428571427,0.016666666666666666,840.0
USD/CHF,ternary,6,XGBoost,0.3964285714285714,1.6718183921166114,0.2053063205904131,-0.28899243338479264,1.876061802638421,0.5538847117794486,0.475,840.0
USD/CHF,ternary,6,Hist gradient boosting,0.36666666666666664,1.3741694062628078,0.17320476898850568,-0.3195494298451226,1.602156494151972,0.5495689655172413,0.5523809523809524,840.0
USD/CHF,ternary,6,Ensemble (mean proba),0.39880952380952384,1.3686553698042896,0.15756221550442273,-0.26486809352452356,1.3690100959798084,0.5525525525525525,0.3964285714285714,840.0
USD/CHF,ternary,6,Ensemble (weighted train acc),0.4011904761904762,1.3631028740978088,0.1569981042609747,-0.27368066462451857,1.3758681285933063,0.5483870967741935,0.40595238095238095,840.0
USD/CHF,ternary,6,Random forest,0.3964285714285714,1.178294905243532,0.06967071365567201,-0.11169035562143637,0.887675627670686,0.5485714285714286,0.20833333333333334,840.0
USD/CHF,ternary,6,SVM (RBF),0.3488095238095238,1.166485552878817,0.08805099964749119,-0.17986515319474805,0.9307612342485386,0.5570776255707762,0.26071428571428573,840.0
USD/CHF,ternary,6,Gradient boosting (sklearn),0.39880952380952384,1.0294350432217392,0.13535021564514516,-0.2521170195322381,1.0334305646268291,0.5494252873563218,0.5178571428571429,840.0
USD/CHF,ternary,6,"Logistic (sklearn, on global PCA)",0.34404761904761905,0.6414147130596691,0.086086969601185,-0.24818167436231153,0.7227276231454122,0.5318275154004107,0.5797619047619048,840.0
USD/CHF,ternary,6,"MNLogit (statsmodels, PCA)",0.3678571428571429,0.3618658872949258,0.04521797150659146,-0.26701960127389524,0.3736295279984493,0.5147783251231527,0.48333333333333334,840.0
USD/CHF,ternary,6,MLP neural net,0.40595238095238095,0.04325511393994956,0.0015830197454622663,-0.09558756226486509,0.011420365792002847,0.5945945945945946,0.04404761904761905,840.0
USD/CHF,ternary,7,Hist gradient boosting,0.36904761904761907,2.183272268562597,0.32339794173432845,-0.29489155782109544,2.5563654707313055,0.5882352941176471,0.5666666666666667,840.0
USD/CHF,ternary,7,Gradient boosting (sklearn),0.39166666666666666,2.0937760823848524,0.31598350257426233,-0.3277344281035688,2.4268724769895056,0.5991189427312775,0.5404761904761904,840.0
USD/CHF,ternary,7,Ensemble (weighted train acc),0.37023809523809526,2.001942525275342,0.2623666193435643,-0.3287193661107123,2.0882230648930595,0.5972222222222222,0.42857142857142855,840.0
USD/CHF,ternary,7,Random forest,0.3726190476190476,1.9460854614420593,0.16598881266051646,-0.17180456885471107,1.7935453006554851,0.5971563981042654,0.2511904761904762,840.0
USD/CHF,ternary,7,XGBoost,0.37976190476190474,1.7188076293172208,0.22946291096904292,-0.28583825443160893,1.994003937416935,0.5590361445783133,0.49404761904761907,840.0
USD/CHF,ternary,7,Ensemble (mean proba),0.36666666666666664,1.6166844628477257,0.2073124058315663,-0.34506074055085867,1.6426499176981026,0.5763688760806917,0.41309523809523807,840.0
USD/CHF,ternary,7,SVM (RBF),0.3488095238095238,0.9834672521043265,0.08461892255872172,-0.23220233509289534,0.7486100944173641,0.5616438356164384,0.26071428571428573,840.0
USD/CHF,ternary,7,"Logistic (sklearn, on global PCA)",0.3476190476190476,0.6685906436519617,0.093860333332765,-0.3528744476668987,0.7798969532382538,0.5266393442622951,0.580952380952381,840.0
USD/CHF,ternary,7,"MNLogit (statsmodels, PCA)",0.3547619047619048,0.48940997360186944,0.06553571357916033,-0.33187856085242495,0.5357149368252306,0.5117370892018779,0.5071428571428571,840.0
USD/CHF,ternary,7,MLP neural net,0.37023809523809526,-0.0641360872698283,-0.003408847475791177,-0.24572747421578423,-0.02811790072890919,0.5357142857142857,0.1,840.0
USD/CHF,ternary,8,Random forest,0.38095238095238093,2.5358907603962777,0.23802262409765906,-0.09184736309650765,2.335521114951376,0.6200873362445415,0.2726190476190476,840.0
USD/CHF,ternary,8,XGBoost,0.3738095238095238,2.2088304626298063,0.33730421080251993,-0.25491739383509593,2.513519310125692,0.5598086124401914,0.4976190476190476,840.0
USD/CHF,ternary,8,Gradient boosting (sklearn),0.38571428571428573,1.9052267766960158,0.2806372299785944,-0.2153803119300164,1.9727164003046695,0.6,0.5238095238095238,840.0
USD/CHF,ternary,8,SVM (RBF),0.35714285714285715,1.7514627755542127,0.18755288727546127,-0.2656118381390522,1.4181696413587765,0.5805084745762712,0.28095238095238095,840.0
USD/CHF,ternary,8,Ensemble (mean proba),0.35833333333333334,1.6963045010807267,0.24035135735825053,-0.28544951808647434,1.7714118037769533,0.55,0.42857142857142855,840.0
USD/CHF,ternary,8,Ensemble (weighted train acc),0.3535714285714286,1.602861523715019,0.22144341065102102,-0.29499732580294025,1.6516240883793674,0.5429362880886427,0.4297619047619048,840.0
USD/CHF,ternary,8,Hist gradient boosting,0.35,1.3215429311485358,0.18988657399786768,-0.37249387803473477,1.5928586060893775,0.5162689804772235,0.5488095238095239,840.0
USD/CHF,ternary,8,"MNLogit (statsmodels, PCA)",0.36428571428571427,1.1849054115341047,0.1804007786924915,-0.28784519509645323,1.357125450317604,0.535483870967742,0.5535714285714286,840.0
USD/CHF,ternary,8,"Logistic (sklearn, on global PCA)",0.35714285714285715,0.901025865977906,0.1371998296520851,-0.3141636607475291,1.0817683762048842,0.5167652859960552,0.6035714285714285,840.0
USD/CHF,ternary,8,MLP neural net,0.36904761904761907,0.03965555680446552,0.0022657089785993456,-0.2101792740658467,0.014346940458305148,0.4230769230769231,0.06190476190476191,840.0
USD/CHF,ternary,9,XGBoost,0.37976190476190474,2.8577134125376547,0.5046646080280559,-0.2546552314512288,3.5335266653859465,0.6152263374485597,0.5785714285714286,840.0
USD/CHF,ternary,9,Random forest,0.4095238095238095,2.495639392269205,0.3153059998344925,-0.2677051368177019,2.2160633598661126,0.6387832699619772,0.3130952380952381,840.0
USD/CHF,ternary,9,Ensemble (weighted train acc),0.3904761904761905,2.461509536398842,0.40838083325604835,-0.2748458507835875,2.8087870819430556,0.5901234567901235,0.48214285714285715,840.0
USD/CHF,ternary,9,Hist gradient boosting,0.38333333333333336,2.3715053524122083,0.42400614697564265,-0.29701988507086885,3.119839980322865,0.5652173913043478,0.6023809523809524,840.0
USD/CHF,ternary,9,Ensemble (mean proba),0.38452380952380955,2.2856792508822563,0.36917243667522825,-0.2876509328293493,2.540638459007975,0.5807291666666666,0.45714285714285713,840.0
USD/CHF,ternary,9,Gradient boosting (sklearn),0.4226190476190476,2.2175754325594883,0.3908907479558701,-0.2301765806461079,2.6358751107763854,0.6070038910505836,0.611904761904762,840.0
USD/CHF,ternary,9,SVM (RBF),0.3535714285714286,1.8003174738804504,0.18763402682938035,-0.2903049460550251,1.381459656015482,0.5727699530516432,0.25357142857142856,840.0
USD/CHF,ternary,9,"MNLogit (statsmodels, PCA)",0.3547619047619048,0.9996518499326814,0.16082546996316505,-0.38326032264949594,1.2375196548092895,0.503030303030303,0.5892857142857143,840.0
USD/CHF,ternary,9,"Logistic (sklearn, on global PCA)",0.34285714285714286,0.8394662385968324,0.1326909780244192,-0.3835741401867694,1.0633801097296236,0.49,0.5952380952380952,840.0
USD/CHF,ternary,9,MLP neural net,0.3464285714285714,0.16019578777765905,0.016918096151439688,-0.3294416178519256,0.1129264757772979,0.4025974025974026,0.18333333333333332,840.0
USD/CHF,ternary,10,Gradient boosting (sklearn),0.4023809523809524,2.4926236538678666,0.42783107401140796,-0.2547408300177353,2.7991250623828976,0.5958429561200924,0.5154761904761904,840.0
USD/CHF,ternary,10,Hist gradient boosting,0.3892857142857143,2.068950897039213,0.3733969066175049,-0.20121032197155087,2.6783043103141972,0.5677966101694916,0.5619047619047619,840.0
USD/CHF,ternary,10,Ensemble (weighted train acc),0.3678571428571429,2.0433085357303,0.32201349867146734,-0.36540464085660207,2.0438985639885825,0.591304347826087,0.4107142857142857,840.0
USD/CHF,ternary,10,Random forest,0.39285714285714285,1.9912632124710783,0.2321140799474617,-0.26533440093406335,1.522842888953868,0.61003861003861,0.30833333333333335,840.0
USD/CHF,ternary,10,Ensemble (mean proba),0.36666666666666664,1.8743920633100508,0.2896496571998084,-0.3697153333463077,1.858894195820265,0.5778443113772455,0.3976190476190476,840.0
USD/CHF,ternary,10,XGBoost,0.38333333333333336,1.7181965999674695,0.2708276492044468,-0.30435979578669936,1.8429585750418032,0.5728395061728395,0.48214285714285715,840.0
USD/CHF,ternary,10,SVM (RBF),0.36547619047619045,1.6883996984831078,0.19843037719430767,-0.28817310391191975,1.2185335196961995,0.6150627615062761,0.2845238095238095,840.0
USD/CHF,ternary,10,"Logistic (sklearn, on global PCA)",0.35714285714285715,0.9847678804405364,0.167088945167166,-0.3876741265555711,1.2833265144243875,0.5224171539961013,0.6107142857142858,840.0
USD/CHF,ternary,10,"MNLogit (statsmodels, PCA)",0.34523809523809523,0.9190629824823423,0.14954280896385996,-0.36882564932859996,1.1367798384105217,0.5239130434782608,0.5476190476190477,840.0
USD/CHF,ternary,10,MLP neural net,0.35119047619047616,0.541452650394364,0.06037226981258925,-0.30060423605372544,0.3636420875568732,0.4855072463768116,0.16428571428571428,840.0
AUD/USD,binary,1,Gradient boosting (sklearn),0.5107142857142857,0.6390870632872123,0.05853057649890214,-0.13365221062983734,0.8677538405713511,0.5096852300242131,0.9833333333333333,840.0
AUD/USD,binary,1,Ensemble (mean proba),0.5047619047619047,0.35641823183429444,0.03210182193559641,-0.15385463530432542,0.4758960608558576,0.5024570024570024,0.969047619047619,840.0
AUD/USD,binary,1,Ensemble (weighted train acc),0.5071428571428571,0.2737204621003546,0.024517661137758218,-0.1637290393791634,0.36388064184972646,0.5067319461444308,0.9726190476190476,840.0
AUD/USD,binary,1,SVM (RBF),0.5202380952380953,0.14311206866379034,0.012111413005900795,-0.18990643148183417,0.201386590541446,0.5156462585034014,0.875,840.0
AUD/USD,binary,1,Hist gradient boosting,0.49404761904761907,0.10367856184578887,0.009290228562104819,-0.14501027396468547,0.14055949974976156,0.49095295536791317,0.986904761904762,840.0
AUD/USD,binary,1,"Probit (statsmodels, PCA)",0.4988095238095238,0.09370461477465952,0.008324907957789174,-0.15558610067578948,0.12052828233787741,0.5062814070351759,0.9476190476190476,840.0
AUD/USD,binary,1,"Logit (statsmodels, PCA)",0.5023809523809524,0.054281655373778756,0.004793153805067174,-0.16676200326686652,0.0697795139790593,0.5050125313283208,0.95,840.0
AUD/USD,binary,1,"Logistic (sklearn, on global PCA)",0.5071428571428571,-0.007142704671687274,-0.0006342411050604957,-0.18170972576598166,-0.009124346103042224,0.5049261083743842,0.9666666666666667,840.0
AUD/USD,binary,1,XGBoost,0.5035714285714286,-0.29447872221665555,-0.025644032220852986,-0.1987756006804262,-0.38259553801746926,0.503037667071689,0.9797619047619047,840.0
AUD/USD,binary,1,Random forest,0.5011904761904762,-0.5172787631819197,-0.04439004471985375,-0.18497070986381436,-0.6855201867681814,0.4993804213135068,0.9607142857142857,840.0
AUD/USD,binary,1,MLP neural net,0.4797619047619048,-1.0439939035785226,-0.08501437933967637,-0.31533252922919075,-1.254507663125691,0.47121820615796517,0.8892857142857142,840.0
AUD/USD,binary,2,XGBoost,0.5297619047619048,0.3925042078801984,0.05299864048495628,-0.2979120453834988,0.4982017712328588,0.5315533980582524,0.9809523809523809,840.0
AUD/USD,binary,2,SVM (RBF),0.5321428571428571,0.3503124263005664,0.037379143782618085,-0.17206724875255386,0.4688233093316133,0.538563829787234,0.8952380952380953,840.0
AUD/USD,binary,2,Hist gradient boosting,0.530952380952381,0.2840196815214754,0.037989371144030004,-0.32029474030442984,0.3671047769270364,0.5308343409915357,0.9845238095238096,840.0
AUD/USD,binary,2,Gradient boosting (sklearn),0.5273809523809524,0.14310389423182396,0.01906116872260366,-0.2495750303932026,0.18487893754005494,0.5263157894736842,0.9952380952380953,840.0
AUD/USD,binary,2,Ensemble (weighted train acc),0.5166666666666667,-0.09210667907877645,-0.012016655598940384,-0.3108972051229222,-0.1186098739845427,0.5189718482252142,0.9726190476190476,840.0
AUD/USD,binary,2,Ensemble (mean proba),0.5178571428571429,-0.12527531717402257,-0.016315501857535497,-0.32330275673229236,-0.16131267095913407,0.5220048899755502,0.9738095238095238,840.0
AUD/USD,binary,2,"Logit (statsmodels, PCA)",0.5178571428571429,-0.2570720953905658,-0.03309084224804837,-0.3066626726964987,-0.3223598708292653,0.5183374083129584,0.9738095238095238,840.0
AUD/USD,binary,2,"Probit (statsmodels, PCA)",0.5166666666666667,-0.2833563535566554,-0.03635409707854709,-0.3176484853379036,-0.3555244282215454,0.5152998776009792,0.9726190476190476,840.0
AUD/USD,binary,2,"Logistic (sklearn, on global PCA)",0.5154761904761904,-0.3237580667930434,-0.04172141306386501,-0.298212514117263,-0.4035572286215428,0.5208333333333334,0.9714285714285714,840.0
AUD/USD,binary,2,MLP neural net,0.5238095238095238,-0.42366158331228027,-0.05284165734662627,-0.31778133384534857,-0.503985134493211,0.5201037613488976,0.9178571428571428,840.0
AUD/USD,binary,2,Random forest,0.5035714285714286,-0.6961765225493824,-0.08607751107477413,-0.3825530782643023,-0.839635966025935,0.5037128712871287,0.9619047619047619,840.0
AUD/USD,binary,3,XGBoost,0.5238095238095238,0.4288478910606054,0.07467646803651129,-0.3198075853478408,0.546810951682389,0.5227817745803357,0.9928571428571429,840.0
AUD/USD,binary,3,Gradient boosting (sklearn),0.513095238095238,0.005134137847971796,0.000862109530173738,-0.3991844299615699,0.0065146326373345005,0.5150060024009604,0.9916666666666667,840.0
AUD/USD,binary,3,Hist gradient boosting,0.5023809523809524,-0.11673524496290343,-0.01940096355622123,-0.3630925077410303,-0.150602456369043,0.501207729468599,0.9857142857142858,840.0
AUD/USD,binary,3,"Probit (statsmodels, PCA)",0.49166666666666664,-0.18831216622955563,-0.03096261734041117,-0.4228372835737213,-0.24311288198131437,0.4938875305623472,0.9738095238095238,840.0
AUD/USD,binary,3,"Logit (statsmodels, PCA)",0.49047619047619045,-0.25489395230580136,-0.041747368406038876,-0.4319304964283165,-0.3304798914029534,0.49146341463414633,0.9761904761904762,840.0
AUD/USD,binary,3,Random forest,0.5023809523809524,-0.3857971093180929,-0.06227028751302677,-0.46248841918814865,-0.4674552786527879,0.5018541409147095,0.9630952380952381,840.0
AUD/USD,binary,3,"Logistic (sklearn, on global PCA)",0.4869047619047619,-0.40569039418718056,-0.0652129301128983,-0.46506085581494505,-0.5340161815972847,0.48599269183922045,0.9773809523809524,840.0
AUD/USD,binary,3,Ensemble (weighted train acc),0.4928571428571429,-0.5062372397425942,-0.08099186393448876,-0.3908176042380549,-0.6474551140790874,0.4945188794153471,0.9773809523809524,840.0
AUD/USD,binary,3,SVM (RBF),0.47023809523809523,-0.5288741382649104,-0.0840630457729521,-0.5032173276901688,-0.7811881879435875,0.4705159705159705,0.969047619047619,840.0
AUD/USD,binary,3,Ensemble (mean proba),0.4845238095238095,-0.5698836213420778,-0.09060295276180719,-0.41074433189318693,-0.728572999490906,0.4902439024390244,0.9761904761904762,840.0
AUD/USD,binary,3,MLP neural net,0.5011904761904762,-0.7188083729501199,-0.10932092882992817,-0.5462812902143499,-0.851187980218041,0.5026109660574413,0.9119047619047619,840.0
AUD/USD,binary,4,SVM (RBF),0.5119047619047619,0.005160650239415814,0.0010107495475522033,-0.49996439780236557,0.007485599901044536,0.5108958837772397,0.9833333333333333,840.0
AUD/USD,binary,4,Random forest,0.5083333333333333,-0.15499012744306884,-0.02958868308290863,-0.44510520026488054,-0.1978487156813624,0.5072992700729927,0.9785714285714285,840.0
AUD/USD,binary,4,Ensemble (mean proba),0.49047619047619045,-0.3969320679337661,-0.07475904141248979,-0.4868195420498702,-0.51806468220847,0.4921402660217654,0.9845238095238096,840.0
AUD/USD,binary,4,Ensemble (weighted train acc),0.49404761904761907,-0.41428811238287677,-0.07801412154455278,-0.4886427306081873,-0.5404472302148464,0.4909090909090909,0.9821428571428571,840.0
AUD/USD,binary,4,XGBoost,0.4988095238095238,-0.42876569212011467,-0.08085541831572696,-0.4262528711684216,-0.5578039957183116,0.5,0.9928571428571429,840.0
AUD/USD,binary,4,"Probit (statsmodels, PCA)",0.49523809523809526,-0.48380303743867986,-0.09009894900508675,-0.5197392653255811,-0.6186121064297795,0.49511002444987773,0.9738095238095238,840.0
AUD/USD,binary,4,"Logit (statsmodels, PCA)",0.49642857142857144,-0.5243772990962192,-0.09765896401486929,-0.5292345522027997,-0.6729046729598382,0.4932844932844933,0.975,840.0
AUD/USD,binary,4,MLP neural net,0.5238095238095238,-0.5246798032447361,-0.09542053790351135,-0.5363222758145154,-0.6159667744984807,0.5164690382081687,0.9035714285714286,840.0
AUD/USD,binary,4,Gradient boosting (sklearn),0.49166666666666664,-0.5407894417702719,-0.10085937438054682,-0.46439993618036934,-0.7574867783937407,0.4904306220095694,0.9952380952380953,840.0
AUD/USD,binary,4,"Logistic (sklearn, on global PCA)",0.49047619047619045,-0.6520529579911224,-0.11983409468976403,-0.5188264972522539,-0.8306613844372488,0.48721071863581,0.9773809523809524,840.0
AUD/USD,binary,4,Hist gradient boosting,0.49404761904761907,-0.7753897270242119,-0.14109752118248875,-0.5272808428237719,-0.9921810525864033,0.4957983193277311,0.9916666666666667,840.0
AUD/USD,binary,5,SVM (RBF),0.5011904761904762,0.33017455747380325,0.07647375758071173,-0.5598512487657326,0.48488307521125634,0.5048309178743962,0.9857142857142858,840.0
AUD/USD,binary,5,XGBoost,0.4928571428571429,0.28845002396765185,0.06660382763786599,-0.3806294332730551,0.4395248302571978,0.49278846153846156,0.9904761904761905,840.0
AUD/USD,binary,5,Hist gradient boosting,0.4797619047619048,-0.14795249843634783,-0.032570092356662084,-0.46672318835607984,-0.22684772028198238,0.4784688995215311,0.9952380952380953,840.0
AUD/USD,binary,5,Random forest,0.4869047619047619,-0.3504663650305977,-0.07364677828913235,-0.4099686802154182,-0.48082847357033914,0.4866504854368932,0.9809523809523809,840.0
AUD/USD,binary,5,Ensemble (mean proba),0.4857142857142857,-0.3698123529978068,-0.079379593408193,-0.5780186649929844,-0.48040190822072804,0.4891826923076923,0.9904761904761905,840.0
AUD/USD,binary,5,Ensemble (weighted train acc),0.48928571428571427,-0.37841535437179624,-0.08123190724194151,-0.5805396138182821,-0.49289950640455,0.48739495798319327,0.9916666666666667,840.0
AUD/USD,binary,5,"Probit (statsmodels, PCA)",0.49047619047619045,-0.46219518040741475,-0.0978715164431071,-0.6103626095685508,-0.5944477853782346,0.4939467312348668,0.9833333333333333,840.0
AUD/USD,binary,5,"Logit (statsmodels, PCA)",0.49523809523809526,-0.48560030557614237,-0.10277519399344881,-0.6178050388923876,-0.6281032176536776,0.49399038461538464,0.9904761904761905,840.0
AUD/USD,binary,5,Gradient boosting (sklearn),0.48214285714285715,-0.6689218147560428,-0.13888053417249713,-0.5780223389757094,-0.8734402567415034,0.48325358851674644,0.9952380952380953,840.0
AUD/USD,binary,5,"Logistic (sklearn, on global PCA)",0.4928571428571429,-0.8427873061097507,-0.16979495451944415,-0.6085701599191033,-1.0771796178444155,0.4878640776699029,0.9809523809523809,840.0
AUD/USD,binary,5,MLP neural net,0.5023809523809524,-0.9209777446110382,-0.181503230983321,-0.6835892825052348,-1.0908331558078075,0.49547218628719275,0.9202380952380952,840.0
AUD/USD,binary,6,Gradient boosting (sklearn),0.5047619047619047,1.1772107773449758,0.3337540674383557,-0.39065296491740076,1.7660111712102717,0.5035799522673031,0.9976190476190476,840.0
AUD/USD,binary,6,XGBoost,0.5119047619047619,1.106355616576587,0.31037824593821095,-0.27004176654173817,1.7184544517399925,0.511990407673861,0.9928571428571429,840.0
AUD/USD,binary,6,Random forest,0.5095238095238095,1.0729731716471067,0.28321994002263673,-0.34761541019576647,1.556436730985003,0.5117139334155364,0.9654761904761905,840.0
AUD/USD,binary,6,Hist gradient boosting,0.5035714285714286,0.9576323173464903,0.26376160401038384,-0.2981454237230162,1.4888390512269825,0.5042016806722689,0.9916666666666667,840.0
AUD/USD,binary,6,Ensemble (weighted train acc),0.49404761904761907,0.4055395625184567,0.10193527551825476,-0.5414098526777105,0.528711878662283,0.4957472660996355,0.9797619047619047,840.0
AUD/USD,binary,6,SVM (RBF),0.5059523809523809,0.2916519455775866,0.07403275054356917,-0.6085314428501909,0.4270577384053029,0.5078219013237064,0.9892857142857143,840.0
AUD/USD,binary,6,Ensemble (mean proba),0.49642857142857144,0.27397935187350975,0.06901097914385601,-0.5762208721217117,0.34747769944151125,0.49571603427172584,0.9726190476190476,840.0
AUD/USD,binary,6,MLP neural net,0.5142857142857142,-0.1218738757436824,-0.02872875296400812,-0.5696859828392342,-0.14138313694807583,0.5063613231552163,0.9357142857142857,840.0
AUD/USD,binary,6,"Logit (statsmodels, PCA)",0.4773809523809524,-0.456049794611783,-0.10570059970266132,-0.6290197697720386,-0.576331413522307,0.4825090470446321,0.986904761904762,840.0
AUD/USD,binary,6,"Probit (statsmodels, PCA)",0.48095238095238096,-0.47213716772266157,-0.10914025384864923,-0.6287040192429896,-0.5957627970037506,0.48058252427184467,0.9809523809523809,840.0
AUD/USD,binary,6,"Logistic (sklearn, on global PCA)",0.46904761904761905,-0.6675413064272832,-0.15015213781431225,-0.6329084834398422,-0.8428339154103616,0.46973365617433416,0.9833333333333333,840.0
AUD/USD,binary,7,Gradient boosting (sklearn),0.5226190476190476,0.7434132948319035,0.21737819783699108,-0.6411849444882909,0.9329071858023741,0.5234093637454982,0.9916666666666667,840.0
AUD/USD,binary,7,XGBoost,0.5190476190476191,0.6339496520357004,0.18281598217525952,-0.6513582206119697,0.7887123215431919,0.5204819277108433,0.9880952380952381,840.0
AUD/USD,binary,7,Random forest,0.5202380952380953,0.5071020125608232,0.14100374509412106,-0.6546694294458919,0.6222054044074394,0.5205811138014528,0.9833333333333333,840.0
AUD/USD,binary,7,SVM (RBF),0.5166666666666667,0.47956925471132184,0.13431916031350966,-0.6234499777240429,0.7056895946529627,0.5157004830917874,0.9857142857142858,840.0
AUD/USD,binary,7,Ensemble (weighted train acc),0.513095238095238,0.27025002413356125,0.0741620699794654,-0.6627866060816261,0.3303947296971987,0.5132850241545893,0.9857142857142858,840.0
AUD/USD,binary,7,Ensemble (mean proba),0.5083333333333333,0.1348226211861202,0.03637661478300269,-0.6655142063168762,0.16600931671148414,0.50661853188929,0.9892857142857143,840.0
AUD/USD,binary,7,"Logit (statsmodels, PCA)",0.49642857142857144,-0.023364743549530245,-0.006168111151657829,-0.6409912231424937,-0.02909252468610688,0.4969987995198079,0.9916666666666667,840.0
AUD/USD,binary,7,"Logistic (sklearn, on global PCA)",0.4976190476190476,-0.046288595055853886,-0.012190652928048218,-0.6530869525350882,-0.05779889646957315,0.4969987995198079,0.9916666666666667,840.0
AUD/USD,binary,7,MLP neural net,0.5190476190476191,-0.06982620221878089,-0.0180962663072628,-0.6541139074672622,-0.08066567877475989,0.5181023720349563,0.9535714285714286,840.0
AUD/USD,binary,7,"Probit (statsmodels, PCA)",0.49404761904761907,-0.0822467983194633,-0.0215873686753405,-0.6446505414873154,-0.10294641280336238,0.4946236559139785,0.9964285714285714,840.0
AUD/USD,binary,7,Hist gradient boosting,0.5095238095238095,-0.1557856771192214,-0.040480407673015195,-0.6455748698007578,-0.18663708688811917,0.5083732057416268,0.9952380952380953,840.0
AUD/USD,binary,8,Gradient boosting (sklearn),0.5273809523809524,1.2857792502587775,0.43448283405983745,-0.6913447990856245,1.5994628715723342,0.5268817204301075,0.9964285714285714,840.0
AUD/USD,binary,8,Random forest,0.5369047619047619,1.2141294056712757,0.39254762321183634,-0.6483446171025959,1.4803464500497683,0.5329268292682927,0.9761904761904762,840.0
AUD/USD,binary,8,SVM (RBF),0.5214285714285715,1.1902631282039309,0.28104855946303764,-0.3464503542522289,1.7728702892571468,0.5356679636835279,0.9178571428571428,840.0
AUD/USD,binary,8,XGBoost,0.5178571428571429,1.0015943175503415,0.3242671616917516,-0.6975329944608262,1.2394691327859835,0.5205811138014528,0.9833333333333333,840.0
AUD/USD,binary,8,Ensemble (weighted train acc),0.5214285714285715,0.8445222340173755,0.26753006301961135,-0.6786047123144985,1.0348170255759874,0.5181159420289855,0.9857142857142858,840.0
AUD/USD,binary,8,Ensemble (mean proba),0.5190476190476191,0.8051216176537165,0.2533219463822005,-0.6880833687426636,0.9841275874007017,0.519277108433735,0.9880952380952381,840.0
AUD/USD,binary,8,Hist gradient boosting,0.5059523809523809,0.434396479406688,0.12942373097341342,-0.695621189569404,0.5320908478031127,0.5041916167664671,0.9940476190476191,840.0
AUD/USD,binary,8,MLP neural net,0.5333333333333333,0.39573570272082936,0.11637211820757232,-0.6919398405501058,0.45731317718959086,0.5358490566037736,0.9464285714285714,840.0
AUD/USD,binary,8,"Logit (statsmodels, PCA)",0.5,0.07447452844972033,0.02114378163730568,-0.7228690027234165,0.09088605684578968,0.5018050541516246,0.9892857142857143,840.0
AUD/USD,binary,8,"Logistic (sklearn, on global PCA)",0.5095238095238095,0.04253218000193138,0.0120313394517364,-0.7271773750638001,0.05169145164500326,0.5072115384615384,0.9904761904761905,840.0
AUD/USD,binary,8,"Probit (statsmodels, PCA)",0.4988095238095238,-0.05806952073472173,-0.016184907823690753,-0.7271773750638004,-0.0708086373668725,0.4987951807228916,0.9880952380952381,840.0
AUD/USD,binary,9,Random forest,0.5428571428571428,1.629050404619022,0.6137084960222896,-0.7024254903899911,1.963304532441162,0.5433734939759036,0.9880952380952381,840.0
AUD/USD,binary,9,XGBoost,0.5357142857142857,1.5240328203542486,0.5669793540579675,-0.7288845158692691,1.8592655969320377,0.5340501792114696,0.9964285714285714,840.0
AUD/USD,binary,9,Ensemble (weighted train acc),0.5238095238095238,1.060925631269668,0.36588007299007375,-0.7334927350922198,1.27971634780396,0.5261239368165249,0.9797619047619047,840.0
AUD/USD,binary,9,Hist gradient boosting,0.5154761904761904,1.02243986960893,0.3524699917313785,-0.7446466101896907,1.2573742840254838,0.5167865707434053,0.9928571428571429,840.0
AUD/USD,binary,9,Ensemble (mean proba),0.5238095238095238,0.9993586170834285,0.3412761653055536,-0.7344067471841436,1.2102356241618704,0.5218446601941747,0.9809523809523809,840.0
AUD/USD,binary,9,SVM (RBF),0.5404761904761904,0.9974295221243377,0.3381526680164111,-0.7455591459815538,1.1841346954834666,0.5418181818181819,0.9821428571428571,840.0
AUD/USD,binary,9,Gradient boosting (sklearn),0.530952380952381,0.747243444025949,0.2473479122121376,-0.6964841832056824,0.90281053154459,0.5292712066905615,0.9964285714285714,840.0
AUD/USD,binary,9,"Logit (statsmodels, PCA)",0.49642857142857144,0.07541187102572507,0.022560572227494635,-0.752158349323135,0.09190742698682357,0.4945717732207479,0.986904761904762,840.0
AUD/USD,binary,9,"Logistic (sklearn, on global PCA)",0.4928571428571429,0.0684854970977135,0.020475175750014785,-0.7546687691677789,0.08362210295689448,0.4963942307692308,0.9904761904761905,840.0
AUD/USD,binary,9,"Probit (statsmodels, PCA)",0.49404761904761907,-0.014167732463411376,-0.004182727068930636,-0.7536519285053719,-0.017301034524554802,0.49217809867629364,0.9892857142857143,840.0
AUD/USD,binary,9,MLP neural net,0.5023809523809524,-0.10634312656571131,-0.030243103428491014,-0.7368207231887365,-0.12249739462071602,0.5076335877862596,0.9357142857142857,840.0
AUD/USD,binary,10,MLP neural net,0.5261904761904762,0.590232075915923,0.1936051077490808,-0.7904669206205676,0.6741087603628512,0.5198412698412699,0.9,840.0
AUD/USD,binary,10,SVM (RBF),0.5,0.5565044382834952,0.18604486230299866,-0.7688921009704074,0.6842340979456374,0.49818181818181817,0.9821428571428571,840.0
AUD/USD,binary,10,XGBoost,0.4976190476190476,0.38281979840460034,0.12447117668308261,-0.7874981349078211,0.46445812016648774,0.4957983193277311,0.9916666666666667,840.0
AUD/USD,binary,10,Random forest,0.4869047619047619,0.14286510243748796,0.04462060701445436,-0.7739039725896286,0.17215346615871852,0.4891041162227603,0.9833333333333333,840.0
AUD/USD,binary,10,Hist gradient boosting,0.48214285714285715,-0.012525117872232148,-0.0038521743249908535,-0.7653260586282891,-0.01489669107452273,0.481437125748503,0.9940476190476191,840.0
AUD/USD,binary,10,Ensemble (weighted train acc),0.4797619047619048,-0.06537551107155723,-0.019806665508361188,-0.7795010681726489,-0.07861459441408415,0.4825090470446321,0.986904761904762,840.0
AUD/USD,binary,10,Ensemble (mean proba),0.48095238095238096,-0.08140975963655928,-0.024568999049886076,-0.7840582654449171,-0.09769321758455554,0.48184019370460046,0.9833333333333333,840.0
AUD/USD,binary,10,"Probit (statsmodels, PCA)",0.4857142857142857,-0.20822620723510551,-0.062068035454012516,-0.817808838441855,-0.25406575633313655,0.486810551558753,0.9928571428571429,840.0
AUD/USD,binary,10,Gradient boosting (sklearn),0.4869047619047619,-0.21365259931969133,-0.06378481689556459,-0.7308927023866568,-0.2559389535142371,0.48862275449101794,0.9940476190476191,840.0
AUD/USD,binary,10,"Logit (statsmodels, PCA)",0.4880952380952381,-0.26390399091273364,-0.07750907044106459,-0.8178088384418553,-0.31987619784547705,0.486810551558753,0.9928571428571429,840.0
AUD/USD,binary,10,"Logistic (sklearn, on global PCA)",0.4785714285714286,-0.34674424854767866,-0.09973103396572391,-0.8178088384418551,-0.4160060235017785,0.48009650180940894,0.986904761904762,840.0
AUD/USD,ternary,1,MLP neural net,0.6964285714285714,0.7498702469113091,0.010021258773607489,-0.001540957015409572,,0.75,0.004761904761904762,840.0
AUD/USD,ternary,1,"Logistic (sklearn, on global PCA)",0.39166666666666666,0.12281505353503995,0.007026028117527172,-0.1491931887863761,0.08656426967410216,0.5105105105105106,0.3964285714285714,840.0
AUD/USD,ternary,1,Hist gradient boosting,0.5761904761904761,-0.1516546742433259,-0.007967864623048992,-0.12214325629560963,-0.08109561578749255,0.5050505050505051,0.2357142857142857,840.0
AUD/USD,ternary,1,Gradient boosting (sklearn),0.5892857142857143,-0.26745736346859517,-0.01435128173423783,-0.13267866621681945,-0.14475286960924724,0.4696132596685083,0.2154761904761905,840.0
AUD/USD,ternary,1,"MNLogit (statsmodels, PCA)",0.6583333333333333,-0.337042834071943,-0.01390911091708702,-0.13056775170325519,-0.10133607342074501,0.5,0.09285714285714286,840.0
AUD/USD,ternary,1,Ensemble (mean proba),0.6702380952380952,-0.35433055282153936,-0.013462896402502644,-0.1174217670977139,-0.07047084706293151,0.5294117647058824,0.04047619047619048,840.0
AUD/USD,ternary,1,Ensemble (weighted train acc),0.6738095238095239,-0.3756007806511662,-0.01429863668800857,-0.12187395041505444,-0.07822948738869095,0.5,0.04285714285714286,840.0
AUD/USD,ternary,1,XGBoost,0.6619047619047619,-0.6927896722728184,-0.029773791139781958,-0.14715011012643464,-0.2254608360961023,0.4057971014492754,0.08214285714285714,840.0
AUD/USD,ternary,1,Random forest,0.7011904761904761,,0.0,0.0,,,0.0,840.0
AUD/USD,ternary,1,SVM (RBF),0.7035714285714286,,0.0,0.0,,,0.0,840.0
AUD/USD,ternary,2,Gradient boosting (sklearn),0.4642857142857143,0.25455549981483755,0.023908930543501627,-0.19881448850505146,0.20407613717568374,0.5098684210526315,0.3619047619047619,840.0
AUD/USD,ternary,2,Hist gradient boosting,0.39880952380952384,-0.30087899554854375,-0.02607682189594074,-0.2397735195316104,-0.2212458535803837,0.5243553008595988,0.4154761904761905,840.0
AUD/USD,ternary,2,Ensemble (weighted train acc),0.4654761904761905,-0.3700315548713471,-0.02446110826832082,-0.1921840897859456,-0.17124889613577382,0.5066666666666667,0.17857142857142858,840.0
AUD/USD,ternary,2,"MNLogit (statsmodels, PCA)",0.44642857142857145,-0.4223247135712037,-0.029246741212634153,-0.27463555300743114,-0.18345713344369036,0.5375722543352601,0.20595238095238094,840.0
AUD/USD,ternary,2,Ensemble (mean proba),0.46904761904761905,-0.4470948614382727,-0.028396145812186968,-0.19299739847659214,-0.18908892633391144,0.5223880597014925,0.1595238095238095,840.0
AUD/USD,ternary,2,Random forest,0.5142857142857142,-0.462660988911129,-0.01476104149549029,-0.09968978320139532,-0.11341535314112765,0.4642857142857143,0.03333333333333333,840.0
AUD/USD,ternary,2,SVM (RBF),0.5369047619047619,-0.5973167832264985,-0.0052538501757848355,-0.019545375646484953,-0.04514379281253686,0.25,0.004761904761904762,840.0
AUD/USD,ternary,2,"Logistic (sklearn, on global PCA)",0.34285714285714286,-0.6829509379934552,-0.05654281235053271,-0.2736599311236265,-0.453295231929565,0.5236686390532544,0.4023809523809524,840.0
AUD/USD,ternary,2,XGBoost,0.4583333333333333,-0.8060537674910478,-0.05934082569127441,-0.2524355667497945,-0.40096997423297487,0.5159574468085106,0.22380952380952382,840.0
AUD/USD,ternary,2,MLP neural net,0.5321428571428571,,0.0,0.0,,,0.0,840.0
AUD/USD,ternary,3,MLP neural net,0.43333333333333335,0.5477225575051663,0.005038577102803643,0.0,,1.0,0.0011904761904761906,840.0
AUD/USD,ternary,3,XGBoost,0.33690476190476193,-0.22592257785489278,-0.028798400793234147,-0.38755818429263156,-0.1807894608048206,0.5106951871657754,0.4452380952380952,840.0
AUD/USD,ternary,3,"MNLogit (statsmodels, PCA)",0.3738095238095238,-0.281937968071522,-0.03435832404050587,-0.3962367624428519,-0.20600787836963338,0.5135135135135135,0.3964285714285714,840.0
AUD/USD,ternary,3,Hist gradient boosting,0.33690476190476193,-0.5158968234472024,-0.06509093264474408,-0.40099934020381034,-0.43041550451096455,0.5080091533180778,0.5202380952380953,840.0
AUD/USD,ternary,3,Ensemble (mean proba),0.3333333333333333,-0.5477009600104472,-0.06067787374858813,-0.37259826658697226,-0.35080249528260876,0.5259515570934256,0.34404761904761905,840.0
AUD/USD,ternary,3,"Logistic (sklearn, on global PCA)",0.3202380952380952,-0.6374549728237453,-0.08082430624751791,-0.4185666374328999,-0.5222952378542017,0.5106888361045131,0.5011904761904762,840.0
AUD/USD,ternary,3,Ensemble (weighted train acc),0.3345238095238095,-0.6902828144661235,-0.07783363493988538,-0.37864223959692966,-0.47127610659880953,0.5143769968051118,0.3726190476190476,840.0
AUD/USD,ternary,3,Gradient boosting (sklearn),0.35595238095238096,-0.69395486013725,-0.08945855945205528,-0.40817288903507465,-0.6042306537123485,0.49411764705882355,0.5059523809523809,840.0
AUD/USD,ternary,3,Random forest,0.35833333333333334,-0.744054402692445,-0.07339376565005118,-0.33122807387508124,-0.35202515423565534,0.5214723926380368,0.19404761904761905,840.0
AUD/USD,ternary,3,SVM (RBF),0.375,-1.036617238926763,-0.043810266786797336,-0.1804901400395137,-0.3496506722259633,0.42105263157894735,0.06785714285714285,840.0
AUD/USD,ternary,4,MLP neural net,0.40595238095238095,0.1840148500603515,0.007825198124995492,-0.10241692687894455,0.08817894477146998,0.4883720930232558,0.05119047619047619,840.0
AUD/USD,ternary,4,"MNLogit (statsmodels, PCA)",0.31666666666666665,-0.411669741312766,-0.06315352561974474,-0.5276057782098966,-0.37879731612293294,0.4880174291938998,0.5464285714285714,840.0
AUD/USD,ternary,4,"Logistic (sklearn, on global PCA)",0.305952380952381,-0.5737672356581037,-0.08786855861407983,-0.5615130239380768,-0.5511279677880638,0.48380566801619435,0.5880952380952381,840.0
AUD/USD,ternary,4,SVM (RBF),0.34523809523809523,-0.822798239906663,-0.074008964233097,-0.2771028382370694,-0.5894060833186885,0.4959016393442623,0.2904761904761905,840.0
AUD/USD,ternary,4,Gradient boosting (sklearn),0.3404761904761905,-0.9184531769975026,-0.14248600160867453,-0.5076015858540514,-0.8833490450264819,0.4743083003952569,0.6023809523809524,840.0
AUD/USD,ternary,4,Ensemble (mean proba),0.29523809523809524,-0.9193192674072569,-0.1313420429331379,-0.49024781678728635,-0.7871763777490444,0.4603960396039604,0.48095238095238096,840.0
AUD/USD,ternary,4,Ensemble (weighted train acc),0.30357142857142855,-0.9877700130577318,-0.14351786886120455,-0.4914584884351374,-0.879773811862567,0.46543778801843316,0.5166666666666667,840.0
AUD/USD,ternary,4,Random forest,0.3523809523809524,-1.078644513793137,-0.11766153319531314,-0.38262465090131736,-0.716793371830749,0.468503937007874,0.30238095238095236,840.0
AUD/USD,ternary,4,Hist gradient boosting,0.3047619047619048,-1.080523086420984,-0.16918914627014536,-0.5063577735949437,-1.1486364661225201,0.4649122807017544,0.6785714285714286,840.0
AUD/USD,ternary,4,XGBoost,0.31666666666666665,-1.1140668940436793,-0.17145523459359846,-0.5283338924242661,-1.1134591344374347,0.4689922480620155,0.6142857142857143,840.0
AUD/USD,ternary,5,Random forest,0.3357142857142857,0.16773720327606811,0.0234927255050541,-0.3472921315548315,0.14259220048988694,0.5227963525835866,0.39166666666666666,840.0
AUD/USD,ternary,5,"Logistic (sklearn, on global PCA)",0.31666666666666665,-0.08832702001112043,-0.01661746678489917,-0.5900593792917479,-0.08901393796178197,0.5054945054945055,0.65,840.0
AUD/USD,ternary,5,SVM (RBF),0.3488095238095238,-0.1069525709395521,-0.012963393380474364,-0.21493115902985083,-0.10911766037763147,0.5097493036211699,0.42738095238095236,840.0
AUD/USD,ternary,5,MLP neural net,0.3142857142857143,-0.16397787212685103,-0.014006255596749284,-0.19851720049726818,-0.1337715465403092,0.4900662251655629,0.17976190476190476,840.0
AUD/USD,ternary,5,Gradient boosting (sklearn),0.3357142857142857,-0.20874200653140143,-0.04143071666743725,-0.5781720178384946,-0.21812861959838334,0.4991055456171735,0.6654761904761904,840.0
AUD/USD,ternary,5,Hist gradient boosting,0.2773809523809524,-0.3334179289959402,-0.0542622979175682,-0.3654132445665508,-0.40418684549433953,0.4853195164075993,0.6892857142857143,840.0
AUD/USD,ternary,5,Ensemble (mean proba),0.2976190476190476,-0.414207026475784,-0.07520126457710208,-0.6034726562546167,-0.3974185618039005,0.4990059642147117,0.5988095238095238,840.0
AUD/USD,ternary,5,"MNLogit (statsmodels, PCA)",0.32142857142857145,-0.4947494272391639,-0.09016571226949022,-0.5859188859289415,-0.4975043144005934,0.4856046065259117,0.6202380952380953,840.0
AUD/USD,ternary,5,Ensemble (weighted train acc),0.2916666666666667,-0.5591779654788124,-0.09858894349557545,-0.6030440231249901,-0.52885319215764,0.494,0.5952380952380952,840.0
AUD/USD,ternary,5,XGBoost,0.2916666666666667,-0.7052481525458177,-0.12255277164141154,-0.5693864362827096,-0.7526346202805382,0.4703703703703704,0.6428571428571429,840.0
AUD/USD,ternary,6,Gradient boosting (sklearn),0.3392857142857143,1.3028584648944355,0.30278661871736645,-0.27493807737812226,1.896949383310048,0.5073409461663948,0.7297619047619047,840.0
AUD/USD,ternary,6,Hist gradient boosting,0.32857142857142857,1.0758400951276939,0.21595711819813967,-0.24586819502515456,1.6771785432715727,0.5072933549432739,0.7345238095238096,840.0
AUD/USD,ternary,6,Random forest,0.35,0.9136232207671832,0.15023215484482466,-0.30632439592096783,1.2494553242146729,0.4883116883116883,0.4583333333333333,840.0
AUD/USD,ternary,6,Ensemble (weighted train acc),0.33214285714285713,0.9001299105990573,0.1749155736882937,-0.32790698663111495,1.3006725335817926,0.48333333333333334,0.6428571428571429,840.0
AUD/USD,ternary,6,Ensemble (mean proba),0.3345238095238095,0.898042632338274,0.1781579184350004,-0.3738564882588843,1.1890550521752663,0.4821092278719397,0.6321428571428571,840.0
AUD/USD,ternary,6,XGBoost,0.30714285714285716,0.694840999095915,0.13869693768299762,-0.33884027681646334,1.0408672728541655,0.48414023372287146,0.7130952380952381,840.0
AUD/USD,ternary,6,SVM (RBF),0.3380952380952381,0.2268142356437762,0.03219311030587657,-0.3355886770486798,0.26932330217836287,0.4988344988344988,0.5107142857142857,840.0
AUD/USD,ternary,6,MLP neural net,0.2988095238095238,0.1992720387002127,0.027644320122218513,-0.32128996429822454,0.18372596643134498,0.4585365853658537,0.24404761904761904,840.0
AUD/USD,ternary,6,"Logistic (sklearn, on global PCA)",0.31666666666666665,0.10197012066676585,0.0219256758131392,-0.6221736830902707,0.10781570624838593,0.4728813559322034,0.7023809523809523,840.0
AUD/USD,ternary,6,"MNLogit (statsmodels, PCA)",0.32142857142857145,-0.06715422228360972,-0.014541461785141485,-0.6378547306869855,-0.07260849307132874,0.4723127035830619,0.7309523809523809,840.0
AUD/USD,ternary,7,Ensemble (weighted train acc),0.3404761904761905,1.1001854404973987,0.25703910688817055,-0.42299801299402207,1.2736991107574713,0.5183150183150184,0.65,840.0
AUD/USD,ternary,7,Ensemble (mean proba),0.3464285714285714,0.8782749109664777,0.19874165233023366,-0.41309550209175727,1.0032470789040182,0.50853889943074,0.6273809523809524,840.0
AUD/USD,ternary,7,XGBoost,0.3261904761904762,0.8492575351361795,0.19948909104460077,-0.4175248577446855,1.0234728693213864,0.5103806228373703,0.6880952380952381,840.0
AUD/USD,ternary,7,SVM (RBF),0.3678571428571429,0.8394457399170505,0.1405006770568198,-0.26208112836537956,0.9966522679665384,0.5427251732101617,0.5154761904761904,840.0
AUD/USD,ternary,7,Gradient boosting (sklearn),0.3488095238095238,0.7935781816243206,0.18997129452485373,-0.3865671862668214,0.9884088669658315,0.5,0.7142857142857143,840.0
AUD/USD,ternary,7,Random forest,0.36904761904761907,0.7621637514410555,0.1340897414449167,-0.2802987833495595,0.9752088775186316,0.49502487562189057,0.4785714285714286,840.0
AUD/USD,ternary,7,"MNLogit (statsmodels, PCA)",0.3416666666666667,0.6324855170886601,0.1513734517760119,-0.5700457429532575,0.6875644259728602,0.5053191489361702,0.6714285714285714,840.0
AUD/USD,ternary,7,"Logistic (sklearn, on global PCA)",0.33214285714285713,0.49592441899741996,0.1170895722415306,-0.5923348278748106,0.5214608602472091,0.5035714285714286,0.6666666666666666,840.0
AUD/USD,ternary,7,Hist gradient boosting,0.319047619047619,0.360463195356493,0.07752835839655492,-0.41213349437282754,0.4140701252387453,0.5041876046901173,0.7107142857142857,840.0
AUD/USD,ternary,7,MLP neural net,0.35119047619047616,-0.14458003060897795,-0.011570938798070807,-0.17025721878897515,-0.10183422027227207,0.4731182795698925,0.11071428571428571,840.0
AUD/USD,ternary,8,SVM (RBF),0.3333333333333333,0.9492466091854845,0.1573340572273485,-0.28975318342174794,1.201973962769525,0.5399159663865546,0.5666666666666667,840.0
AUD/USD,ternary,8,"Logistic (sklearn, on global PCA)",0.3333333333333333,0.9286766162144573,0.2416913918049033,-0.6058729006488914,1.0571325631497273,0.520259319286872,0.7345238095238096,840.0
AUD/USD,ternary,8,XGBoost,0.3261904761904762,0.8983149909753677,0.23264841657780377,-0.624583802667877,1.007511145168365,0.5191986644407346,0.7130952380952381,840.0
AUD/USD,ternary,8,Ensemble (weighted train acc),0.34404761904761905,0.8477053777971509,0.21898285199905332,-0.6246693289362688,0.903181959446046,0.5238907849829352,0.6976190476190476,840.0
AUD/USD,ternary,8,Hist gradient boosting,0.3107142857142857,0.8150789297287212,0.2093431376361441,-0.5447206349309721,0.9808936324556367,0.49455676516329705,0.7654761904761904,840.0
AUD/USD,ternary,8,Random forest,0.3535714285714286,0.8129940227633042,0.16198988364685096,-0.44743552021017796,0.8777703412133385,0.5123595505617977,0.5297619047619048,840.0
AUD/USD,ternary,8,Ensemble (mean proba),0.3392857142857143,0.7382136256673261,0.18435767724224417,-0.6143417067574135,0.7710098164553235,0.5247863247863248,0.6964285714285714,840.0
AUD/USD,ternary,8,"MNLogit (statsmodels, PCA)",0.3238095238095238,0.6067083306379049,0.15829866749500665,-0.640950956633967,0.6876801006530218,0.5062695924764891,0.7595238095238095,840.0
AUD/USD,ternary,8,Gradient boosting (sklearn),0.3416666666666667,0.4334102426693197,0.11697043295992704,-0.6956226968071276,0.4319914204971794,0.5211038961038961,0.7333333333333333,840.0
AUD/USD,ternary,8,MLP neural net,0.3261904761904762,-0.7130273509244406,-0.09001202784621276,-0.46083468138167827,-0.3008502571557233,0.456,0.1488095238095238,840.0
AUD/USD,ternary,9,Gradient boosting (sklearn),0.35,1.6249935931212802,0.4162394090564796,-0.32116206786042667,2.499153973692962,0.5362776025236593,0.7547619047619047,840.0
AUD/USD,ternary,9,Ensemble (mean proba),0.35714285714285715,1.539029425894375,0.36812391532004574,-0.31374103650160523,2.178618838606625,0.5202952029520295,0.6452380952380953,840.0
AUD/USD,ternary,9,Ensemble (weighted train acc),0.3523809523809524,1.4919346798944424,0.36103394430039626,-0.3203971241360428,2.1408535678477962,0.5207207207207207,0.6607142857142857,840.0
AUD/USD,ternary,9,Hist gradient boosting,0.3595238095238095,1.4411663882225512,0.38178132569011725,-0.3799760698781207,2.121747123180543,0.5149606299212598,0.7559523809523809,840.0
AUD/USD,ternary,9,"MNLogit (statsmodels, PCA)",0.3380952380952381,1.4078243930144383,0.39608021225159473,-0.5561989652055586,1.6569957635714694,0.528830313014827,0.7226190476190476,840.0
AUD/USD,ternary,9,XGBoost,0.3488095238095238,1.3907791019279578,0.3509239526449228,-0.3574847390474688,2.062818849522292,0.5161290322580645,0.7380952380952381,840.0
AUD/USD,ternary,9,"Logistic (sklearn, on global PCA)",0.3404761904761905,1.1480656551010209,0.31085507669087153,-0.5748817690608419,1.404447273196818,0.502454991816694,0.7273809523809524,840.0
AUD/USD,ternary,9,SVM (RBF),0.3392857142857143,1.0542551264324482,0.20430457300873517,-0.3646175191142613,1.4248914545662523,0.5298804780876494,0.5976190476190476,840.0
AUD/USD,ternary,9,Random forest,0.37023809523809526,0.9157486499539409,0.19022514102519916,-0.3338308073783147,1.123175961287297,0.5076586433260394,0.544047619047619,840.0
AUD/USD,ternary,9,MLP neural net,0.3380952380952381,0.03374687994836188,0.0034580645096216056,-0.34258884575501547,0.03141360190196854,0.4796380090497738,0.2630952380952381,840.0
AUD/USD,ternary,10,SVM (RBF),0.37857142857142856,1.372556268685281,0.31018793024489466,-0.35614967956205246,2.0024247801287913,0.5134615384615384,0.6190476190476191,840.0
AUD/USD,ternary,10,MLP neural net,0.4166666666666667,1.3051471800840393,0.39284991772052846,-0.6938488989447733,0.9823205911562192,0.5584725536992841,0.4988095238095238,840.0
AUD/USD,ternary,10,Ensemble (mean proba),0.3761904761904762,0.6051438258049279,0.18606756090317367,-0.7483480852018085,0.6077604386594601,0.49169435215946844,0.7166666666666667,840.0
AUD/USD,ternary,10,Hist gradient boosting,0.37142857142857144,0.5773614024848297,0.1814761740596098,-0.7891411527555349,0.6168506566019448,0.4916286149162861,0.7821428571428571,840.0
AUD/USD,ternary,10,Ensemble (weighted train acc),0.375,0.5091657436576975,0.1544827267913873,-0.7561736623159069,0.515417503975148,0.4876847290640394,0.725,840.0
AUD/USD,ternary,10,XGBoost,0.3773809523809524,0.4011102367318022,0.11722075355557893,-0.7589826593306428,0.4077972971466185,0.49144634525660963,0.7654761904761904,840.0
AUD/USD,ternary,10,Random forest,0.3738095238095238,0.21287340915532071,0.05036455201206769,-0.610180058341713,0.2051928225349848,0.48841698841698844,0.6166666666666667,840.0
AUD/USD,ternary,10,"MNLogit (statsmodels, PCA)",0.3607142857142857,0.1919943193409665,0.05448504890132044,-0.7651746241570323,0.19015631919321388,0.48392554991539766,0.7035714285714286,840.0
AUD/USD,ternary,10,"Logistic (sklearn, on global PCA)",0.35,-0.018167380041265207,-0.0048841902720571095,-0.7651985168992409,-0.017280171759082513,0.46111111111111114,0.6428571428571429,840.0
AUD/USD,ternary,10,Gradient boosting (sklearn),0.35,-0.09984051139686363,-0.02624523864126227,-0.6468622276407706,-0.10510888288225133,0.4970845481049563,0.8166666666666667,840.0
NZD/USD,binary,1,"Logit (statsmodels, PCA)",0.49523809523809526,0.08751887813635517,0.007713218233108776,-0.19605522978428513,0.12096722153511161,0.4968632371392723,0.9488095238095238,840.0
NZD/USD,binary,1,"Probit (statsmodels, PCA)",0.4976190476190476,0.026532738467917347,0.0023316623207425557,-0.1993282809417728,0.03666767378598863,0.4930643127364439,0.944047619047619,840.0
NZD/USD,binary,1,MLP neural net,0.49166666666666664,-0.20086927068931656,-0.017115820501367396,-0.17565578022967976,-0.28874632331774785,0.49603174603174605,0.9,840.0
NZD/USD,binary,1,SVM (RBF),0.513095238095238,-0.31439961538582256,-0.02662101744209111,-0.19052147059423186,-0.43472769786932824,0.5019867549668874,0.8988095238095238,840.0
NZD/USD,binary,1,"Logistic (sklearn, on global PCA)",0.4738095238095238,-0.3422075908154488,-0.029465428354439105,-0.18791990560057004,-0.4887526926939176,0.47006369426751593,0.9345238095238095,840.0
NZD/USD,binary,1,Hist gradient boosting,0.49047619047619045,-0.5246150580981742,-0.045268440699876566,-0.2778798861013271,-0.6958177400358163,0.48856799037304455,0.9892857142857143,840.0
NZD/USD,binary,1,Random forest,0.5035714285714286,-0.6151899919270852,-0.05250756726368844,-0.24154695541291993,-0.8083047910256107,0.5,0.9547619047619048,840.0
NZD/USD,binary,1,Ensemble (mean proba),0.4845238095238095,-0.709760070952995,-0.06033996663257879,-0.24202435332154137,-0.9436541502660136,0.4833948339483395,0.9678571428571429,840.0
NZD/USD,binary,1,Ensemble (weighted train acc),0.48214285714285715,-0.7305437499340967,-0.06214530919009231,-0.24629632828609993,-0.9694037089465364,0.4845869297163995,0.9654761904761905,840.0
NZD/USD,binary,1,Gradient boosting (sklearn),0.5047619047619047,-0.7752424505902489,-0.06484511688373096,-0.28661189467796433,-1.0399552542638946,0.5042527339003645,0.9797619047619047,840.0
NZD/USD,binary,1,XGBoost,0.4738095238095238,-1.108261879530532,-0.09367006924751786,-0.32306448347334593,-1.4704417791259368,0.4764776839565742,0.986904761904762,840.0
NZD/USD,binary,2,"Logit (statsmodels, PCA)",0.49166666666666664,0.25842228001277295,0.033275087178762375,-0.17864834591785517,0.3921360689825919,0.49135802469135803,0.9642857142857143,840.0
NZD/USD,binary,2,MLP neural net,0.48214285714285715,0.2014542772101106,0.025263983519622446,-0.24359130402975682,0.30487614002986796,0.47715736040609136,0.9380952380952381,840.0
NZD/USD,binary,2,"Logistic (sklearn, on global PCA)",0.48333333333333334,0.16877327966442404,0.021546557841990888,-0.22968085380340952,0.2637040537769289,0.48581997533908755,0.9654761904761905,840.0
NZD/USD,binary,2,"Probit (statsmodels, PCA)",0.4869047619047619,0.03162023668373733,0.004019141255001468,-0.2242844006246708,0.047947898032329676,0.48267326732673266,0.9619047619047619,840.0
NZD/USD,binary,2,SVM (RBF),0.48214285714285715,0.029458681523564078,0.0037496045097649144,-0.18939224564934143,0.046057926013338156,0.47820672478206727,0.955952380952381,840.0
NZD/USD,binary,2,Hist gradient boosting,0.4869047619047619,-0.006984994828169735,-0.0008803445139439203,-0.2644239442287556,-0.01013644860204286,0.48502994011976047,0.9940476190476191,840.0
NZD/USD,binary,2,Random forest,0.4880952380952381,-0.1827508092884213,-0.022182136572242994,-0.334978160037838,-0.26263696363788447,0.4839506172839506,0.9642857142857143,840.0
NZD/USD,binary,2,Gradient boosting (sklearn),0.5011904761904762,-0.2690488837555013,-0.03400399571055557,-0.3118784973771429,-0.36916463226119545,0.503001200480192,0.9916666666666667,840.0
NZD/USD,binary,2,Ensemble (mean proba),0.47619047619047616,-0.34785930009638977,-0.04323631733952382,-0.34332472392312574,-0.508187822492147,0.4735547355473555,0.9678571428571429,840.0
NZD/USD,binary,2,Ensemble (weighted train acc),0.47023809523809523,-0.547335561617519,-0.06746057617860524,-0.35201453473583255,-0.7957528229091559,0.4680589680589681,0.969047619047619,840.0
NZD/USD,binary,2,XGBoost,0.47023809523809523,-0.6865380738234238,-0.08351217188701687,-0.38091710470374973,-0.9527046650760301,0.46772228989037756,0.9773809523809524,840.0
NZD/USD,binary,3,"Logit (statsmodels, PCA)",0.46785714285714286,0.12336845257977529,0.019844514127594248,-0.3650368826804741,0.19729449205632793,0.4719512195121951,0.9761904761904762,840.0
NZD/USD,binary,3,"Logistic (sklearn, on global PCA)",0.4738095238095238,0.11579087714693215,0.018584124139218616,-0.24480448013595635,0.18971743399337118,0.47073170731707314,0.9761904761904762,840.0
NZD/USD,binary,3,MLP neural net,0.4857142857142857,0.10884301694855088,0.01702059332094108,-0.2984162606411115,0.1761992832891395,0.48641655886157825,0.9202380952380952,840.0
NZD/USD,binary,3,Gradient boosting (sklearn),0.4869047619047619,0.048162749995567515,0.007768223056147994,-0.3770703471000594,0.06954854156027163,0.48619447779111646,0.9916666666666667,840.0
NZD/USD,binary,3,"Probit (statsmodels, PCA)",0.4714285714285714,0.008262882958798312,0.0013187738186009046,-0.38005298906541873,0.013206091306952172,0.4682151589242054,0.9738095238095238,840.0
NZD/USD,binary,3,Ensemble (mean proba),0.46190476190476193,-0.40018842224741835,-0.06221407381377009,-0.3644471367129499,-0.5980374561064055,0.45995145631067963,0.9809523809523809,840.0
NZD/USD,binary,3,Ensemble (weighted train acc),0.46190476190476193,-0.5999486838210367,-0.09085847799832869,-0.3929969111492637,-0.8654122554982084,0.4591961023142509,0.9773809523809524,840.0
NZD/USD,binary,3,SVM (RBF),0.45476190476190476,-0.688436295213371,-0.1041769589344701,-0.40336009934950945,-1.0797267188755826,0.45085995085995084,0.969047619047619,840.0
NZD/USD,binary,3,Hist gradient boosting,0.4595238095238095,-1.0340777048848755,-0.15373100908044202,-0.5340533607201767,-1.430987304958593,0.45887961859356374,0.9988095238095238,840.0
NZD/USD,binary,3,XGBoost,0.45476190476190476,-1.1149145263581497,-0.16397734969689015,-0.5224354086041305,-1.5457639855116463,0.4530120481927711,0.9880952380952381,840.0
NZD/USD,binary,3,Random forest,0.4607142857142857,-1.3680707264404512,-0.19609989670789185,-0.5979053846239759,-1.7881658343780318,0.4567901234567901,0.9642857142857143,840.0
NZD/USD,binary,4,MLP neural net,0.5095238095238095,0.8093566767892532,0.15983424878128116,-0.48724241955510117,1.346655459744624,0.5141752577319587,0.9238095238095239,840.0
NZD/USD,binary,4,"Logit (statsmodels, PCA)",0.5119047619047619,0.7917746639072686,0.1595655532039344,-0.27749443219715597,1.2786441729865425,0.5115712545676004,0.9773809523809524,840.0
NZD/USD,binary,4,"Logistic (sklearn, on global PCA)",0.5107142857142857,0.7675631966377506,0.15524398794647887,-0.34187530138167177,1.277720857605901,0.5108695652173914,0.9857142857142858,840.0
NZD/USD,binary,4,"Probit (statsmodels, PCA)",0.5059523809523809,0.6626230752970128,0.13215976303020915,-0.28361881870734584,1.0672124237659084,0.5061124694376528,0.9738095238095238,840.0
NZD/USD,binary,4,Ensemble (mean proba),0.49047619047619045,0.4497220999805079,0.08774719177953672,-0.28300335320537484,0.7357026889906354,0.4896214896214896,0.975,840.0
NZD/USD,binary,4,Ensemble (weighted train acc),0.4857142857142857,0.2895397096598894,0.05612295877761264,-0.32785851351121986,0.4763810853084406,0.48492159227985526,0.986904761904762,840.0
NZD/USD,binary,4,Hist gradient boosting,0.48214285714285715,-0.23895927083901244,-0.04410268591409494,-0.37042471913879105,-0.358419579373177,0.48148148148148145,0.9964285714285714,840.0
NZD/USD,binary,4,SVM (RBF),0.45595238095238094,-0.6049882139816479,-0.10717163143425701,-0.5015782246908208,-0.9375337890158993,0.4627594627594628,0.975,840.0
NZD/USD,binary,4,Gradient boosting (sklearn),0.49523809523809526,-0.6377825369290996,-0.11307292003355773,-0.49668421940703267,-0.8792809832122954,0.4957983193277311,0.9916666666666667,840.0
NZD/USD,binary,4,XGBoost,0.45714285714285713,-0.8782272008475676,-0.1523098963968178,-0.5342989003791468,-1.3149425745199599,0.4567307692307692,0.9904761904761905,840.0
NZD/USD,binary,4,Random forest,0.47619047619047616,-1.3347790306270038,-0.2134342356164669,-0.6327264996353613,-1.7522779569177178,0.4699248120300752,0.95,840.0
NZD/USD,binary,5,"Logistic (sklearn, on global PCA)",0.5297619047619048,0.7696043814263339,0.17632524014718864,-0.4100349034862605,1.1614537200182797,0.5267639902676399,0.9785714285714285,840.0
NZD/USD,binary,5,"Logit (statsmodels, PCA)",0.513095238095238,0.38434724584262164,0.08578497326962009,-0.4990854971716713,0.5679150739145493,0.5144230769230769,0.9904761904761905,840.0
NZD/USD,binary,5,"Probit (statsmodels, PCA)",0.5095238095238095,0.32831502774622706,0.07276830570536785,-0.5212617211316963,0.4860404972650527,0.5102533172496985,0.986904761904762,840.0
NZD/USD,binary,5,Ensemble (mean proba),0.49047619047619045,0.1962835267935339,0.042807297040412084,-0.4809390871970255,0.2996392414331701,0.4909310761789601,0.9845238095238096,840.0
NZD/USD,binary,5,Ensemble (weighted train acc),0.4880952380952381,0.16528019163926527,0.03594293634560897,-0.46571388732986363,0.25323558412893293,0.4909310761789601,0.9845238095238096,840.0
NZD/USD,binary,5,XGBoost,0.49642857142857144,0.11045498798355526,0.02398689114710084,-0.39454826646642127,0.16697211342344442,0.4963855421686747,0.9880952380952381,840.0
NZD/USD,binary,5,Random forest,0.4869047619047619,0.009649371200654115,0.0020587820539130774,-0.47755334668715144,0.01450737111345513,0.4883435582822086,0.9702380952380952,840.0
NZD/USD,binary,5,Hist gradient boosting,0.4928571428571429,-0.007509778775456888,-0.001611911004583022,-0.38877382915007286,-0.01136052521629653,0.4940047961630695,0.9928571428571429,840.0
NZD/USD,binary,5,MLP neural net,0.48095238095238096,-0.4719217908412216,-0.093501792331109,-0.49509603283596315,-0.6578577025882149,0.47334200260078024,0.9154761904761904,840.0
NZD/USD,binary,5,Gradient boosting (sklearn),0.46904761904761905,-0.5892323787052509,-0.11891773204208411,-0.4892372824437585,-0.913862531886839,0.47072879330943845,0.9964285714285714,840.0
NZD/USD,binary,5,SVM (RBF),0.475,-0.6219358089697613,-0.12467777898584853,-0.5519721604412681,-0.9729254448157391,0.47144592952612396,0.9797619047619047,840.0
NZD/USD,binary,6,"Logistic (sklearn, on global PCA)",0.5023809523809524,0.130920105440731,0.03085414369618178,-0.5020745370977382,0.2142236583108568,0.5030084235860409,0.9892857142857143,840.0
NZD/USD,binary,6,"Probit (statsmodels, PCA)",0.49523809523809526,0.127895578253345,0.030142370913025962,-0.5020975843965217,0.2088534180110389,0.49696233292831105,0.9797619047619047,840.0
NZD/USD,binary,6,"Logit (statsmodels, PCA)",0.4988095238095238,0.10845624676334524,0.025145238956967297,-0.5046025953962872,0.1798506133341648,0.4975728155339806,0.9809523809523809,840.0
NZD/USD,binary,6,Hist gradient boosting,0.48928571428571427,-0.20094582111614098,-0.04575586480386429,-0.40334420571812957,-0.32322720156765866,0.48984468339307047,0.9964285714285714,840.0
NZD/USD,binary,6,XGBoost,0.4797619047619048,-0.39169029925249194,-0.08703496196866878,-0.4369756689397267,-0.6121924182713058,0.4784172661870504,0.9928571428571429,840.0
NZD/USD,binary,6,Ensemble (mean proba),0.4738095238095238,-0.45210443023778063,-0.09941443377737247,-0.5595499040924337,-0.7376579285347731,0.4745762711864407,0.9833333333333333,840.0
NZD/USD,binary,6,Ensemble (weighted train acc),0.475,-0.5383656469653231,-0.11737710006944413,-0.5574383497914794,-0.8788619476055861,0.4710843373493976,0.9880952380952381,840.0
NZD/USD,binary,6,Gradient boosting (sklearn),0.4869047619047619,-0.5972507655268597,-0.1299992374666571,-0.5261941283585783,-0.8834261763935582,0.4862604540023895,0.9964285714285714,840.0
NZD/USD,binary,6,Random forest,0.4488095238095238,-1.3233993074446193,-0.25588960563665364,-0.6992079714976883,-2.062862762095775,0.45006165228113443,0.9654761904761905,840.0
NZD/USD,binary,6,SVM (RBF),0.4523809523809524,-1.5547809493915474,-0.30216561121256436,-0.7715374467225867,-2.3791887009374526,0.45102781136638453,0.9845238095238096,840.0
NZD/USD,binary,6,MLP neural net,0.4488095238095238,-1.599564512231426,-0.2980551852743618,-0.7961232024386222,-2.4810921184971506,0.44879898862199746,0.9416666666666667,840.0
NZD/USD,binary,7,XGBoost,0.5202380952380953,1.0793073387595014,0.30997507078391906,-0.4041960237703055,1.788606240972301,0.5203349282296651,0.9952380952380953,840.0
NZD/USD,binary,7,Gradient boosting (sklearn),0.5178571428571429,0.9091684677216535,0.25556270555081206,-0.40890509877783576,1.3809116453057686,0.5179425837320574,0.9952380952380953,840.0
NZD/USD,binary,7,Hist gradient boosting,0.5047619047619047,0.8764603191221932,0.24548289871357487,-0.38869306795494374,1.5253097389066963,0.5041816009557945,0.9964285714285714,840.0
NZD/USD,binary,7,Random forest,0.5107142857142857,0.7595218731042352,0.20583040385698315,-0.5124128108341099,1.2312959096619904,0.5091575091575091,0.975,840.0
NZD/USD,binary,7,Ensemble (weighted train acc),0.4976190476190476,0.5881180714335341,0.15759567617933312,-0.5400061534225177,1.0151459203556645,0.4987864077669903,0.9809523809523809,840.0
NZD/USD,binary,7,Ensemble (mean proba),0.4988095238095238,0.4762786359767966,0.12413214471034806,-0.5569564273363399,0.8128638062160645,0.4981949458483754,0.9892857142857143,840.0
NZD/USD,binary,7,MLP neural net,0.513095238095238,0.36431648832893754,0.09156286061416985,-0.4875161329040114,0.5607384911237958,0.5052356020942408,0.9095238095238095,840.0
NZD/USD,binary,7,SVM (RBF),0.4738095238095238,-0.5510320046389295,-0.1286914093488174,-0.66068102633047,-0.8614107281507035,0.47158403869407495,0.9845238095238096,840.0
NZD/USD,binary,7,"Logistic (sklearn, on global PCA)",0.48214285714285715,-0.5550857828226903,-0.12947062594401992,-0.666830334112179,-0.8686797830448408,0.4782082324455206,0.9833333333333333,840.0
NZD/USD,binary,7,"Probit (statsmodels, PCA)",0.4714285714285714,-0.6215613790709542,-0.1432922822224495,-0.7093316593841266,-0.9794726332957078,0.4723557692307692,0.9904761904761905,840.0
NZD/USD,binary,7,"Logit (statsmodels, PCA)",0.475,-0.7178040972760579,-0.16451205979533012,-0.7292642949005497,-1.1207802009888086,0.473621103117506,0.9928571428571429,840.0
NZD/USD,binary,8,XGBoost,0.5380952380952381,1.4858063566541648,0.4619165376882295,-0.5176785543603799,2.340203946570126,0.5379975874547648,0.986904761904762,840.0
NZD/USD,binary,8,Ensemble (weighted train acc),0.5011904761904762,0.46547323323987916,0.12766758116993127,-0.6807341483103619,0.8127182165774581,0.5036585365853659,0.9761904761904762,840.0
NZD/USD,binary,8,"Logistic (sklearn, on global PCA)",0.4976190476190476,0.3620294578338438,0.09925241998294565,-0.6761253900623064,0.6219544823922539,0.4981949458483754,0.9892857142857143,840.0
NZD/USD,binary,8,Ensemble (mean proba),0.5,0.3462428713916874,0.09383461310314956,-0.697573702512108,0.6063810206505046,0.5,0.9809523809523809,840.0
NZD/USD,binary,8,"Probit (statsmodels, PCA)",0.49047619047619045,0.3212088994616332,0.08813022336744036,-0.6981415844453751,0.5550966101066706,0.49339735894357745,0.9916666666666667,840.0
NZD/USD,binary,8,"Logit (statsmodels, PCA)",0.4928571428571429,0.31014209052650854,0.0847475865420868,-0.6944580199652612,0.5296005643028373,0.49578820697954273,0.9892857142857143,840.0
NZD/USD,binary,8,Random forest,0.5226190476190476,0.1559763215135079,0.04058867773636554,-0.6842802915096491,0.21486022214439154,0.5206812652068127,0.9785714285714285,840.0
NZD/USD,binary,8,Hist gradient boosting,0.513095238095238,0.012727256751293544,0.00336195583318899,-0.7039713394280449,0.017380456514322302,0.5119331742243437,0.9976190476190476,840.0
NZD/USD,binary,8,SVM (RBF),0.49642857142857144,-0.2973092193478912,-0.06342752582064304,-0.6129584837312747,-0.4533869053587085,0.499359795134443,0.9297619047619048,840.0
NZD/USD,binary,8,MLP neural net,0.49047619047619045,-0.5402399881870896,-0.12663774978478948,-0.7336624861059664,-0.8161532352877036,0.48048452220726784,0.8845238095238095,840.0
NZD/USD,binary,8,Gradient boosting (sklearn),0.4785714285714286,-0.7851250640822522,-0.18621745268999867,-0.7775445962663865,-1.1132455822012481,0.4784688995215311,0.9952380952380953,840.0
NZD/USD,binary,9,XGBoost,0.5190476190476191,1.0924826919153519,0.3493690563469476,-0.5302102352355031,1.8614393225250379,0.5204326923076923,0.9904761904761905,840.0
NZD/USD,binary,9,Random forest,0.5035714285714286,0.8858516130482007,0.2752994027158848,-0.5953110555764285,1.5623716278317241,0.5048309178743962,0.9857142857142858,840.0
NZD/USD,binary,9,Hist gradient boosting,0.5166666666666667,0.6676194487406647,0.20121778331025975,-0.6240401905840567,1.0858897210685747,0.5191387559808612,0.9952380952380953,840.0
NZD/USD,binary,9,Gradient boosting (sklearn),0.4738095238095238,-0.20403961806892335,-0.054534274324335774,-0.588573448997014,-0.34705922491475044,0.47305389221556887,0.9940476190476191,840.0
NZD/USD,binary,9,SVM (RBF),0.4857142857142857,-0.26763738386545316,-0.07085913066075711,-0.7512362533432423,-0.4498642119051328,0.4855769230769231,0.9904761904761905,840.0
NZD/USD,binary,9,Ensemble (weighted train acc),0.48333333333333334,-0.34506320646912375,-0.09053847682781424,-0.7673376398497775,-0.5573820008638555,0.48495788206979545,0.9892857142857143,840.0
NZD/USD,binary,9,Ensemble (mean proba),0.48095238095238096,-0.425859462434177,-0.11047836034253578,-0.7760782619787288,-0.6876577003319948,0.4819277108433735,0.9880952380952381,840.0
NZD/USD,binary,9,"Probit (statsmodels, PCA)",0.48214285714285715,-0.5564717365869885,-0.1421838430237471,-0.7966574009344747,-0.9119881738112146,0.48139255702280914,0.9916666666666667,840.0
NZD/USD,binary,9,"Logistic (sklearn, on global PCA)",0.47023809523809523,-0.5602635465288023,-0.14210296559155688,-0.7922827081280925,-0.926611525829532,0.4696601941747573,0.9809523809523809,840.0
NZD/USD,binary,9,"Logit (statsmodels, PCA)",0.4726190476190476,-0.8010904601171551,-0.19770827946628255,-0.830616108925589,-1.2926403452753377,0.4752714113389626,0.986904761904762,840.0
NZD/USD,binary,9,MLP neural net,0.4726190476190476,-1.1511287211405097,-0.2634814371163119,-0.8104606744170497,-1.7957099031903332,0.4726114649681529,0.9345238095238095,840.0
NZD/USD,binary,10,Gradient boosting (sklearn),0.5190476190476191,0.6311453655782737,0.19779539053364958,-0.6532979825237512,1.0964374737010254,0.5178997613365155,0.9976190476190476,840.0
NZD/USD,binary,10,SVM (RBF),0.5083333333333333,0.009183151620728346,0.0026254731273009924,-0.7104713751609157,0.015699192971123044,0.5072289156626506,0.9880952380952381,840.0
NZD/USD,binary,10,Ensemble (weighted train acc),0.49166666666666664,-0.15251183698026868,-0.04235761548215955,-0.725005689670733,-0.2624551769242004,0.49215922798552475,0.986904761904762,840.0
NZD/USD,binary,10,MLP neural net,0.5059523809523809,-0.15722211952834358,-0.04264851019038418,-0.6708814090629527,-0.24776517660937986,0.5076923076923077,0.9285714285714286,840.0
NZD/USD,binary,10,Ensemble (mean proba),0.48928571428571427,-0.3018156752569204,-0.08227994198253463,-0.7469442941469142,-0.5178818499457568,0.48724179829890646,0.9797619047619047,840.0
NZD/USD,binary,10,Hist gradient boosting,0.49047619047619045,-0.659517781667365,-0.17241104643493843,-0.8542657978067133,-0.8635852297063915,0.49047619047619045,1.0,840.0
NZD/USD,binary,10,Random forest,0.5035714285714286,-0.7210995451550155,-0.18557519286853918,-0.8709370497970843,-0.9295664911898034,0.5012048192771085,0.9880952380952381,840.0
NZD/USD,binary,10,"Logit (statsmodels, PCA)",0.46785714285714286,-1.233633269715627,-0.2967089638851914,-0.9133872513688066,-2.0134497086968697,0.468187274909964,0.9916666666666667,840.0
NZD/USD,binary,10,XGBoost,0.48214285714285715,-1.3284296341679651,-0.3159824260720814,-0.8804525180353274,-1.7187412855871402,0.48329355608591884,0.9976190476190476,840.0
NZD/USD,binary,10,"Logistic (sklearn, on global PCA)",0.45476190476190476,-1.4150363559016137,-0.33099485619786106,-0.9088898188203748,-2.3796898075728232,0.45443645083932854,0.9928571428571429,840.0
NZD/USD,binary,10,"Probit (statsmodels, PCA)",0.45714285714285713,-1.4319240211952105,-0.33553108245872765,-0.9165808718380462,-2.344478430520356,0.45868263473053894,0.9940476190476191,840.0
NZD/USD,ternary,1,XGBoost,0.6238095238095238,0.5049681159943343,0.012434351612221617,-0.022122442487247262,0.22535672185315625,0.5662650602409639,0.0988095238095238,840.0
NZD/USD,ternary,1,Ensemble (weighted train acc),0.6273809523809524,0.04104157331505163,0.0007413543152947621,-0.028819100965650102,0.013382703070265126,0.6181818181818182,0.06547619047619048,840.0
NZD/USD,ternary,1,"MNLogit (statsmodels, PCA)",0.5904761904761905,-0.009210425967217465,-0.000286396184604909,-0.05085421076751084,-0.00586364362672783,0.515625,0.1523809523809524,840.0
NZD/USD,ternary,1,"Logistic (sklearn, on global PCA)",0.3488095238095238,-0.16416598587327044,-0.008752702766790965,-0.09259030148342551,-0.15606472865496207,0.5229885057471264,0.4142857142857143,840.0
NZD/USD,ternary,1,Ensemble (mean proba),0.6202380952380953,-0.22678751779781015,-0.0036887385848319854,-0.029488603860338025,-0.06521166708570494,0.5957446808510638,0.055952380952380955,840.0
NZD/USD,ternary,1,Hist gradient boosting,0.5595238095238095,-0.3569751171912492,-0.01308266278502701,-0.08303180453013281,-0.20027107865513205,0.536723163841808,0.21071428571428572,840.0
NZD/USD,ternary,1,Gradient boosting (sklearn),0.5285714285714286,-1.115099770027862,-0.05454279891361147,-0.18875583549337516,-0.7999802097399731,0.46502057613168724,0.2892857142857143,840.0
NZD/USD,ternary,1,Random forest,0.6880952380952381,,0.0,0.0,,,0.0,840.0
NZD/USD,ternary,1,MLP neural net,0.6928571428571428,,0.0,0.0,,,0.0,840.0
NZD/USD,ternary,1,SVM (RBF),0.6964285714285714,,0.0,0.0,,,0.0,840.0
NZD/USD,ternary,2,Gradient boosting (sklearn),0.44166666666666665,0.7059683752483451,0.05951522061670267,-0.1058193145594174,0.8241443694077895,0.48717948717948717,0.37142857142857144,840.0
NZD/USD,ternary,2,Hist gradient boosting,0.40476190476190477,0.6060703380044448,0.043812404063865884,-0.14131520491144522,0.7209060876349634,0.4838709677419355,0.40595238095238095,840.0
NZD/USD,ternary,2,XGBoost,0.43214285714285716,0.5033618956037501,0.030325359045699996,-0.13311484402086182,0.502229448424039,0.4780701754385965,0.2714285714285714,840.0
NZD/USD,ternary,2,MLP neural net,0.5166666666666667,0.40376132469900766,0.010619171425325868,-0.052730966730725415,0.4734777026517348,0.5,0.011904761904761904,840.0
NZD/USD,ternary,2,SVM (RBF),0.5059523809523809,0.3268018748065744,0.004766044927851487,-0.013962962528730305,0.0616322785459491,0.3333333333333333,0.007142857142857143,840.0
NZD/USD,ternary,2,Ensemble (weighted train acc),0.4380952380952381,0.13165205633867788,0.006925276131825253,-0.11004650681383099,0.1094919094714179,0.43452380952380953,0.2,840.0
NZD/USD,ternary,2,Ensemble (mean proba),0.4392857142857143,-0.07114312708415219,-0.003304785560991008,-0.11691229677701964,-0.05587058341559084,0.4097222222222222,0.17142857142857143,840.0
NZD/USD,ternary,2,"Logistic (sklearn, on global PCA)",0.35833333333333334,-0.3094234254980958,-0.022885081501181737,-0.1802222188418302,-0.3441934600321385,0.45481927710843373,0.3952380952380952,840.0
NZD/USD,ternary,2,Random forest,0.4773809523809524,-0.602889566777868,-0.01904873819727715,-0.09332464341960434,-0.26459520906698647,0.36,0.05952380952380952,840.0
NZD/USD,ternary,2,"MNLogit (statsmodels, PCA)",0.4392857142857143,-0.6076261619718788,-0.03634807591754918,-0.16622676664345393,-0.5448644764419622,0.4084507042253521,0.25357142857142856,840.0
NZD/USD,ternary,3,"MNLogit (statsmodels, PCA)",0.38452380952380955,0.7579948968727753,0.07237638083001552,-0.14897906602415945,0.7968251391703276,0.4981684981684982,0.325,840.0
NZD/USD,ternary,3,Ensemble (weighted train acc),0.35833333333333334,0.6384005457280305,0.05806158263328065,-0.17186131152734863,0.691194097058511,0.46853146853146854,0.3404761904761905,840.0
NZD/USD,ternary,3,"Logistic (sklearn, on global PCA)",0.3535714285714286,0.4703483562438853,0.04963022564287001,-0.16303451277623782,0.5504176877265671,0.48633879781420764,0.4357142857142857,840.0
NZD/USD,ternary,3,Ensemble (mean proba),0.3607142857142857,0.4074060879716856,0.03471251353378402,-0.16100552828775727,0.4086522449153213,0.4627450980392157,0.30357142857142855,840.0
NZD/USD,ternary,3,MLP neural net,0.4297619047619048,0.3866855333959953,0.012232483763740643,-0.025628695590437678,0.08980155245509683,0.5714285714285714,0.016666666666666666,840.0
NZD/USD,ternary,3,SVM (RBF),0.39880952380952384,0.18214441403974752,0.00880215967592668,-0.07765099771005923,0.09267177145537767,0.4605263157894737,0.09047619047619047,840.0
NZD/USD,ternary,3,Hist gradient boosting,0.3416666666666667,-0.03323314428413825,-0.003941329198586696,-0.32817627421248363,-0.03936354524124071,0.4576659038901602,0.5202380952380953,840.0
NZD/USD,ternary,3,Gradient boosting (sklearn),0.3738095238095238,-0.04605945394670005,-0.005422762649272883,-0.25471256118504526,-0.04548546480811118,0.46618357487922707,0.4928571428571429,840.0
NZD/USD,ternary,3,Random forest,0.35714285714285715,-0.06985204567668382,-0.004243307888393,-0.08459210874773948,-0.04393861371883313,0.48148148148148145,0.16071428571428573,840.0
NZD/USD,ternary,3,XGBoost,0.35,-0.12544309980369175,-0.012821907579428915,-0.23582501587026738,-0.13671380621426385,0.45,0.4523809523809524,840.0
NZD/USD,ternary,4,"MNLogit (statsmodels, PCA)",0.3547619047619048,0.888593133416722,0.11518576921562729,-0.23222028543540574,1.1288135591891153,0.5269320843091335,0.5083333333333333,840.0
NZD/USD,ternary,4,"Logistic (sklearn, on global PCA)",0.3535714285714286,0.8765321175359179,0.11183216039951649,-0.23363469555192706,1.124306496158871,0.5253012048192771,0.49404761904761907,840.0
NZD/USD,ternary,4,MLP neural net,0.33690476190476193,-0.22954318989828223,-0.011499219342240297,-0.21246628984171578,-0.09412515156903745,0.5,0.0880952380952381,840.0
NZD/USD,ternary,4,Ensemble (mean proba),0.34285714285714286,-0.23716422782458338,-0.027877493228646744,-0.24605533645771716,-0.28892226791278847,0.4609375,0.45714285714285713,840.0
NZD/USD,ternary,4,Hist gradient boosting,0.3238095238095238,-0.288432904568203,-0.041784297812937576,-0.3142796146831003,-0.3805198729790458,0.4742857142857143,0.625,840.0
NZD/USD,ternary,4,Ensemble (weighted train acc),0.3380952380952381,-0.30318659831826367,-0.03673808405997869,-0.2580292166524396,-0.38069738048468915,0.4621026894865526,0.4869047619047619,840.0
NZD/USD,ternary,4,Gradient boosting (sklearn),0.32857142857142857,-0.33373726181015423,-0.0470008666678039,-0.3198295418838901,-0.3850240250348921,0.47764227642276424,0.5857142857142857,840.0
NZD/USD,ternary,4,XGBoost,0.3333333333333333,-0.6052401063210033,-0.07800201057562672,-0.3308846124222221,-0.7387113400105796,0.45147679324894513,0.5642857142857143,840.0
NZD/USD,ternary,4,SVM (RBF),0.31785714285714284,-0.9634343767430155,-0.0848667675645508,-0.3173706518449807,-0.7634875086292199,0.45454545454545453,0.275,840.0
NZD/USD,ternary,4,Random forest,0.32857142857142857,-1.1854484035850699,-0.10011961225017951,-0.3265477180909998,-1.1061623222921642,0.4069767441860465,0.30714285714285716,840.0
NZD/USD,ternary,5,"MNLogit (statsmodels, PCA)",0.3404761904761905,0.4173996259245224,0.05122938026945012,-0.3038831658181259,0.5010130157410811,0.5344418052256532,0.5011904761904762,840.0
NZD/USD,ternary,5,Hist gradient boosting,0.319047619047619,0.30503793837178184,0.04827769521098313,-0.4030729859898283,0.4228297995050318,0.5102040816326531,0.6416666666666667,840.0
NZD/USD,ternary,5,XGBoost,0.3261904761904762,0.19494159105247258,0.030039047095077098,-0.35678223872554404,0.2684750119999233,0.5077821011673151,0.611904761904762,840.0
NZD/USD,ternary,5,"Logistic (sklearn, on global PCA)",0.325,0.1828282340442582,0.021045033396542845,-0.3038831658181257,0.2185923457940937,0.5295629820051414,0.4630952380952381,840.0
NZD/USD,ternary,5,Ensemble (mean proba),0.33690476190476193,0.12560853268315075,0.015610510748051976,-0.28143807305240676,0.1438659930555808,0.5239234449760766,0.4976190476190476,840.0
NZD/USD,ternary,5,Ensemble (weighted train acc),0.32857142857142857,-0.05661593335957901,-0.007326578436014364,-0.3130206642305622,-0.06583990442255758,0.5191011235955056,0.5297619047619048,840.0
NZD/USD,ternary,5,Gradient boosting (sklearn),0.3476190476190476,-0.12108912680697406,-0.0186379066248753,-0.300964413469485,-0.1669738845897225,0.5071942446043165,0.6619047619047619,840.0
NZD/USD,ternary,5,SVM (RBF),0.3047619047619048,-0.2139775345220604,-0.025757524808636023,-0.3786309962012463,-0.22889660287703106,0.5070821529745042,0.42023809523809524,840.0
NZD/USD,ternary,5,Random forest,0.3333333333333333,-0.34785228456098094,-0.037297335616657934,-0.3343275593648759,-0.3346053056142504,0.4882943143812709,0.35595238095238096,840.0
NZD/USD,ternary,5,MLP neural net,0.3273809523809524,-1.7564633205995892,-0.11240411599671862,-0.3519389413848626,-1.193730924563648,0.36585365853658536,0.14642857142857144,840.0
NZD/USD,ternary,6,XGBoost,0.3488095238095238,1.049916171996699,0.18381637325584244,-0.33955509682146157,1.5927536459604223,0.5269461077844312,0.5964285714285714,840.0
NZD/USD,ternary,6,Hist gradient boosting,0.33214285714285713,0.26269050503909547,0.04652711317983971,-0.3332122012366904,0.3906822700588519,0.48451730418943534,0.6535714285714286,840.0
NZD/USD,ternary,6,Gradient boosting (sklearn),0.3380952380952381,0.17160577488765055,0.029606138054156572,-0.4272922039416257,0.2518038741782817,0.48073394495412847,0.6488095238095238,840.0
NZD/USD,ternary,6,MLP neural net,0.34523809523809523,-0.018811427550946565,-0.0017352768470497715,-0.20854896862109873,-0.015450398685400421,0.4689655172413793,0.17261904761904762,840.0
NZD/USD,ternary,6,Ensemble (weighted train acc),0.33214285714285713,-0.19243313235003465,-0.0261473374650828,-0.35527946483181894,-0.24596020694992998,0.4896073903002309,0.5154761904761904,840.0
NZD/USD,ternary,6,"Logistic (sklearn, on global PCA)",0.31785714285714284,-0.22180733363617142,-0.028723738713753444,-0.38489645835257713,-0.2901349257653854,0.4976958525345622,0.5166666666666667,840.0
NZD/USD,ternary,6,Ensemble (mean proba),0.3357142857142857,-0.23725246504837888,-0.031410590894312196,-0.38009628557003383,-0.29996719959959295,0.48931116389548696,0.5011904761904762,840.0
NZD/USD,ternary,6,"MNLogit (statsmodels, PCA)",0.3119047619047619,-0.2651756768480645,-0.03646083217197915,-0.3822808208728954,-0.3385260274086899,0.502092050209205,0.569047619047619,840.0
NZD/USD,ternary,6,Random forest,0.3333333333333333,-0.3872636571017313,-0.0444221443360594,-0.3134501098771446,-0.41980364412214677,0.4610169491525424,0.35119047619047616,840.0
NZD/USD,ternary,6,SVM (RBF),0.3,-1.3206683846320502,-0.15972669878046808,-0.5099309423081366,-1.4094340251346236,0.44502617801047123,0.45476190476190476,840.0
NZD/USD,ternary,7,Hist gradient boosting,0.3607142857142857,1.0779071879971442,0.248752360253931,-0.31849766240574706,1.5953048059733759,0.5209059233449478,0.6833333333333333,840.0
NZD/USD,ternary,7,"Logistic (sklearn, on global PCA)",0.3547619047619048,0.9537373678042866,0.1709146122035059,-0.3859945737067211,1.3731847790841691,0.5130023640661938,0.5035714285714286,840.0
NZD/USD,ternary,7,XGBoost,0.3607142857142857,0.9509716034086119,0.21259332700936762,-0.35691452615505925,1.30848355483672,0.5259515570934256,0.6880952380952381,840.0
NZD/USD,ternary,7,Ensemble (mean proba),0.3607142857142857,0.8623757306675522,0.15104284401461499,-0.4101814244937777,1.2590229093467433,0.5075921908893709,0.5488095238095239,840.0
NZD/USD,ternary,7,Ensemble (weighted train acc),0.3630952380952381,0.6224471870886837,0.11225968557956367,-0.4044589417022614,0.7546891997220329,0.5145228215767634,0.5738095238095238,840.0
NZD/USD,ternary,7,"MNLogit (statsmodels, PCA)",0.3392857142857143,0.585748938816407,0.10566362398365614,-0.5214458207601361,0.8865241034718608,0.4959349593495935,0.5857142857142857,840.0
NZD/USD,ternary,7,Random forest,0.33690476190476193,0.5252031935125722,0.0756126794203471,-0.3593729704847164,0.5615075023920686,0.5129682997118156,0.41309523809523807,840.0
NZD/USD,ternary,7,MLP neural net,0.31547619047619047,0.30730931674484274,0.03657196499086535,-0.23280238175394052,0.23323215768049704,0.5251396648044693,0.2130952380952381,840.0
NZD/USD,ternary,7,Gradient boosting (sklearn),0.3202380952380952,-0.31575592734663754,-0.06279621284023307,-0.5858231572423941,-0.3752568890963407,0.4855687606112054,0.7011904761904761,840.0
NZD/USD,ternary,7,SVM (RBF),0.3142857142857143,-0.537851371290962,-0.06980085115811019,-0.4355281086453101,-0.5850558479904477,0.48556430446194226,0.45357142857142857,840.0
NZD/USD,ternary,8,Hist gradient boosting,0.32976190476190476,1.2805071733940552,0.29264609234254424,-0.29158836084636275,1.7852678935465636,0.5309278350515464,0.6928571428571428,840.0
NZD/USD,ternary,8,XGBoost,0.3392857142857143,0.8350478174817023,0.18505178537396128,-0.4767986814570391,1.1216049578494045,0.5231560891938251,0.694047619047619,840.0
NZD/USD,ternary,8,Ensemble (mean proba),0.3357142857142857,0.663798121914679,0.14376145957050346,-0.4858144020660039,0.9091315360429176,0.5093555093555093,0.5726190476190476,840.0
NZD/USD,ternary,8,Ensemble (weighted train acc),0.33095238095238094,0.41366456381803224,0.08162712815627482,-0.47202025919457935,0.5304613651521207,0.50920245398773,0.5821428571428572,840.0
NZD/USD,ternary,8,Gradient boosting (sklearn),0.34285714285714286,0.4071604571489435,0.08794799202405779,-0.48397508888447904,0.5172701289297833,0.5141342756183745,0.6738095238095239,840.0
NZD/USD,ternary,8,Random forest,0.3107142857142857,0.07402759973387556,0.011803469436995506,-0.5814312423311793,0.07581586756449724,0.5078125,0.45714285714285713,840.0
NZD/USD,ternary,8,MLP neural net,0.3345238095238095,0.0681285227337069,0.012461464091332308,-0.5268053443439591,0.06013468020075919,0.4779116465863454,0.29642857142857143,840.0
NZD/USD,ternary,8,"Logistic (sklearn, on global PCA)",0.305952380952381,-0.1110406237959916,-0.020594350054912836,-0.5897420132713002,-0.15240282723008616,0.4835680751173709,0.5071428571428571,840.0
NZD/USD,ternary,8,"MNLogit (statsmodels, PCA)",0.305952380952381,-0.41600411232811835,-0.08010658521103886,-0.6391659378916479,-0.5794807438890198,0.4743083003952569,0.6023809523809524,840.0
NZD/USD,ternary,8,SVM (RBF),0.3392857142857143,-1.259499875861437,-0.1882453133749017,-0.6595786860296755,-1.3650074391489897,0.4835164835164835,0.5416666666666666,840.0
NZD/USD,ternary,9,XGBoost,0.3392857142857143,0.10557454795717315,0.020293569842976034,-0.6296740397464402,0.1295092878137537,0.5009074410163339,0.655952380952381,840.0
NZD/USD,ternary,9,MLP neural net,0.34523809523809523,-0.15240436940106172,-0.0286217095135316,-0.5168847145891425,-0.15403535659847525,0.46545454545454545,0.3273809523809524,840.0
NZD/USD,ternary,9,Random forest,0.3345238095238095,-0.16151883073020895,-0.025051420556591375,-0.6979039704192764,-0.1587953215515667,0.49754901960784315,0.4857142857142857,840.0
NZD/USD,ternary,9,Hist gradient boosting,0.30714285714285716,-0.3562457298230733,-0.06638482036659143,-0.6762546578567182,-0.4554396757523846,0.47923875432525953,0.6880952380952381,840.0
NZD/USD,ternary,9,Gradient boosting (sklearn),0.2892857142857143,-0.5793009252966014,-0.10212549818578498,-0.6745486994804588,-0.8043530962866358,0.4598290598290598,0.6964285714285714,840.0
NZD/USD,ternary,9,SVM (RBF),0.3238095238095238,-0.5882403939079172,-0.09986685783999272,-0.6519087961906346,-0.6522532717689474,0.5021739130434782,0.5476190476190477,840.0
NZD/USD,ternary,9,Ensemble (weighted train acc),0.319047619047619,-0.6654707553475009,-0.10996703233828076,-0.7062177849150952,-0.7906548052834843,0.46774193548387094,0.5904761904761905,840.0
NZD/USD,ternary,9,Ensemble (mean proba),0.3130952380952381,-0.6884075822101969,-0.11091429531385533,-0.7154848274610885,-0.7972003007202205,0.46875,0.5714285714285714,840.0
NZD/USD,ternary,9,"Logistic (sklearn, on global PCA)",0.2785714285714286,-0.7441408380194059,-0.12100236631045003,-0.7320704267960361,-0.9994310615865927,0.46206896551724136,0.5178571428571429,840.0
NZD/USD,ternary,9,"MNLogit (statsmodels, PCA)",0.2869047619047619,-1.3493105792390303,-0.22277729045402672,-0.7632207232789485,-1.8607074222392495,0.4468937875751503,0.594047619047619,840.0
NZD/USD,ternary,10,MLP neural net,0.3678571428571429,0.05068954649184528,0.009933846110090183,-0.46721866534149026,0.04901726846692261,0.5093632958801498,0.31785714285714284,840.0
NZD/USD,ternary,10,Random forest,0.3273809523809524,-0.5744546090372393,-0.0978696089522787,-0.7391693802123374,-0.6465153542786787,0.4835680751173709,0.5071428571428571,840.0
NZD/USD,ternary,10,Gradient boosting (sklearn),0.30357142857142855,-0.8866839768651847,-0.18284141510369856,-0.7671650743976893,-1.0753689251037826,0.4716666666666667,0.7142857142857143,840.0
NZD/USD,ternary,10,XGBoost,0.3119047619047619,-0.983083069739272,-0.18721561274473209,-0.6973760059701004,-1.280249376246803,0.455026455026455,0.675,840.0
NZD/USD,ternary,10,SVM (RBF),0.3142857142857143,-0.9884715130729745,-0.16969849178337693,-0.7239060771938297,-1.1447579977741043,0.4727272727272727,0.5892857142857143,840.0
NZD/USD,ternary,10,Hist gradient boosting,0.31785714285714284,-1.1586992620430565,-0.21732199611543523,-0.710150775528867,-1.4975152003801004,0.4553415061295972,0.6797619047619048,840.0
NZD/USD,ternary,10,"Logistic (sklearn, on global PCA)",0.28214285714285714,-1.801078953696054,-0.2747693813246147,-0.8089667784959842,-2.3798096954672907,0.435546875,0.6095238095238096,840.0
NZD/USD,ternary,10,Ensemble (weighted train acc),0.2988095238095238,-1.8172218942316916,-0.2939707715981311,-0.7824980403794182,-2.16771822250164,0.43434343434343436,0.5892857142857143,840.0
NZD/USD,ternary,10,Ensemble (mean proba),0.3,-2.0555271665955908,-0.3222676588775715,-0.7972532747470134,-2.422202977399232,0.42355371900826444,0.5761904761904761,840.0
NZD/USD,ternary,10,"MNLogit (statsmodels, PCA)",0.2892857142857143,-2.0719462810524085,-0.32517455777121773,-0.8600081813444966,-2.7272524182829794,0.4404332129963899,0.6595238095238095,840.0
USD/CAD,binary,1,"Logistic (sklearn, on global PCA)",0.5345238095238095,0.8244023461052404,0.05156594342648613,-0.07281921911030587,1.1821428897500992,0.5350877192982456,0.95,840.0
USD/CAD,binary,1,Ensemble (mean proba),0.5190476190476191,0.5851272371872231,0.03659885215841063,-0.07470158067931221,0.8422791239317569,0.5255930087390761,0.9535714285714286,840.0
USD/CAD,binary,1,"Probit (statsmodels, PCA)",0.5202380952380953,0.4619426545226645,0.02891956587663813,-0.09996437117610935,0.6537169081318185,0.5236907730673317,0.9547619047619048,840.0
USD/CAD,binary,1,"Logit (statsmodels, PCA)",0.525,0.4010763033778953,0.024902706180794265,-0.0987405884246565,0.5710992880944118,0.5217932752179327,0.955952380952381,840.0
USD/CAD,binary,1,Gradient boosting (sklearn),0.5119047619047619,0.3452419565986799,0.021824681001021418,-0.0817146287599585,0.4805262260538847,0.5102040816326531,0.9916666666666667,840.0
USD/CAD,binary,1,MLP neural net,0.530952380952381,0.11767313632534722,0.007008469037331322,-0.07659993910594531,0.1583069173790179,0.5244565217391305,0.8761904761904762,840.0
USD/CAD,binary,1,SVM (RBF),0.5059523809523809,0.0731437215961242,0.004206912573550214,-0.0922996540861698,0.09144261483298599,0.5087209302325582,0.819047619047619,840.0
USD/CAD,binary,1,XGBoost,0.5119047619047619,0.06416819137566787,0.003962650568781756,-0.07232048500007893,0.09050239493539186,0.5139393939393939,0.9821428571428571,840.0
USD/CAD,binary,1,Hist gradient boosting,0.5119047619047619,0.019359240465969058,0.0012080699246477256,-0.07113208025309103,0.02706037197378769,0.511543134872418,0.9797619047619047,840.0
USD/CAD,binary,1,Ensemble (weighted train acc),0.5154761904761904,-0.015604204755657129,-0.0009519239932185286,-0.1137597433385813,-0.020649399276748047,0.5161290322580645,0.9595238095238096,840.0
USD/CAD,binary,1,Random forest,0.5083333333333333,-0.2979366475179553,-0.018115856200078273,-0.13293487114534785,-0.3895186811114917,0.5093632958801498,0.9535714285714286,840.0
USD/CAD,binary,2,MLP neural net,0.5488095238095239,1.329053477136261,0.11973260735076452,-0.10304269759522322,1.952340293077468,0.5571808510638298,0.8952380952380953,840.0
USD/CAD,binary,2,SVM (RBF),0.5404761904761904,1.155699958726434,0.10714455931431921,-0.1779990085738813,1.5154968469231995,0.5421836228287841,0.9595238095238096,840.0
USD/CAD,binary,2,Hist gradient boosting,0.5178571428571429,1.1074178691510932,0.10368749925374598,-0.1723513572655111,1.6021134651647553,0.518562874251497,0.9940476190476191,840.0
USD/CAD,binary,2,"Logit (statsmodels, PCA)",0.513095238095238,1.1070312617758478,0.10158906558391334,-0.1260216171292987,1.7571387005228833,0.5167701863354037,0.9583333333333334,840.0
USD/CAD,binary,2,Gradient boosting (sklearn),0.5226190476190476,1.0448100700436833,0.09783674160527434,-0.1480615368419287,1.5007314837153014,0.519277108433735,0.9880952380952381,840.0
USD/CAD,binary,2,Ensemble (weighted train acc),0.5154761904761904,0.8816336287027728,0.08133346734777236,-0.14152438100434395,1.2406635004778914,0.5171149144254279,0.9738095238095238,840.0
USD/CAD,binary,2,"Probit (statsmodels, PCA)",0.5166666666666667,0.8649360273458987,0.0795485810909713,-0.12741356277538474,1.3296617458879172,0.511166253101737,0.9595238095238096,840.0
USD/CAD,binary,2,Random forest,0.5202380952380953,0.8212967673432554,0.07456577410292509,-0.1547154259832696,1.055303737175178,0.5218476903870163,0.9535714285714286,840.0
USD/CAD,binary,2,Ensemble (mean proba),0.5059523809523809,0.7751679191376171,0.06872016305963746,-0.14527774128084603,1.1598285313706271,0.5086206896551724,0.9666666666666667,840.0
USD/CAD,binary,2,"Logistic (sklearn, on global PCA)",0.5,0.7440704276310043,0.0673153455740938,-0.12639409987186656,1.2157952793549724,0.49504950495049505,0.9619047619047619,840.0
USD/CAD,binary,2,XGBoost,0.49642857142857144,0.13796182311016472,0.01238210553484187,-0.1912941295072843,0.1924872096742653,0.49818621523579204,0.9845238095238096,840.0
USD/CAD,binary,3,XGBoost,0.5226190476190476,0.7555809843299638,0.08493938765158848,-0.2062459980874256,1.0436820657438866,0.5216346153846154,0.9904761904761905,840.0
USD/CAD,binary,3,MLP neural net,0.4988095238095238,0.6699455254723068,0.07265554890398485,-0.20265469192461216,1.0635878295840722,0.5032765399737876,0.9083333333333333,840.0
USD/CAD,binary,3,Ensemble (weighted train acc),0.5190476190476191,0.5940349362408209,0.06600398046940392,-0.2348604935960935,0.8069430137107593,0.518925518925519,0.975,840.0
USD/CAD,binary,3,Random forest,0.5107142857142857,0.5305014464454406,0.05834297199302507,-0.17572028678413243,0.7185132523710999,0.513715710723192,0.9547619047619048,840.0
USD/CAD,binary,3,Hist gradient boosting,0.5,0.48442751365444187,0.053811271693605445,-0.23976774024760827,0.6858516324418211,0.5011990407673861,0.9928571428571429,840.0
USD/CAD,binary,3,Gradient boosting (sklearn),0.5190476190476191,0.42381956026896334,0.046851763328561224,-0.153825892249986,0.5694025717807278,0.5211097708082026,0.986904761904762,840.0
USD/CAD,binary,3,Ensemble (mean proba),0.5071428571428571,0.363749506618564,0.04003130519440434,-0.25592708012344245,0.4962077557117289,0.5085365853658537,0.9761904761904762,840.0
USD/CAD,binary,3,SVM (RBF),0.5261904761904762,0.23374351842444638,0.025458373403898893,-0.23166803238959466,0.31015952860853857,0.5262515262515263,0.975,840.0
USD/CAD,binary,3,"Logistic (sklearn, on global PCA)",0.49047619047619045,0.05078903602203347,0.005492620961206507,-0.23654590803330156,0.07910125016645446,0.48905109489051096,0.9785714285714285,840.0
USD/CAD,binary,3,"Logit (statsmodels, PCA)",0.49166666666666664,-0.09374807870849279,-0.010025027566784361,-0.2313915351265513,-0.14580581259139222,0.48717948717948717,0.975,840.0
USD/CAD,binary,3,"Probit (statsmodels, PCA)",0.48928571428571427,-0.129970400613946,-0.013851906391753377,-0.23153864736105312,-0.20163495899746653,0.48661800486618007,0.9785714285714285,840.0
USD/CAD,binary,4,SVM (RBF),0.5369047619047619,1.8223448291227764,0.2451167458904202,-0.15840790183655284,2.9116578820707395,0.5384615384615384,0.975,840.0
USD/CAD,binary,4,"Probit (statsmodels, PCA)",0.5119047619047619,0.6566708456387815,0.08271465125689703,-0.21461888776730143,1.030734195470854,0.5134803921568627,0.9714285714285714,840.0
USD/CAD,binary,4,"Logit (statsmodels, PCA)",0.5154761904761904,0.6510151144137744,0.08201156919960217,-0.21461888776730143,1.0211619737494397,0.5152625152625152,0.975,840.0
USD/CAD,binary,4,Random forest,0.5178571428571429,0.636658266261876,0.0772184156801361,-0.23619440906758749,0.9150024249642549,0.5160493827160494,0.9642857142857143,840.0
USD/CAD,binary,4,"Logistic (sklearn, on global PCA)",0.5059523809523809,0.48722942703769584,0.060656434239281465,-0.23799340063487517,0.7674748238567168,0.5060975609756098,0.9761904761904762,840.0
USD/CAD,binary,4,Hist gradient boosting,0.49404761904761907,0.41270013610324946,0.05142829506835955,-0.20114272463567595,0.5909366554441945,0.4909310761789601,0.9845238095238096,840.0
USD/CAD,binary,4,Ensemble (mean proba),0.49404761904761907,0.2998483773679844,0.03699426895358293,-0.21747492597704832,0.4782577805085577,0.49334945586457074,0.9845238095238096,840.0
USD/CAD,binary,4,Ensemble (weighted train acc),0.48928571428571427,0.22840147587926624,0.027855869079236317,-0.2498280589375803,0.36560125995108855,0.48595848595848595,0.975,840.0
USD/CAD,binary,4,XGBoost,0.5011904761904762,0.21176514307798683,0.02615231768697379,-0.1745724271671646,0.30320824479669556,0.5011990407673861,0.9928571428571429,840.0
USD/CAD,binary,4,MLP neural net,0.5261904761904762,-0.028482899742761168,-0.0033781742918045365,-0.5127270616125004,-0.03329957950707441,0.5308804204993429,0.905952380952381,840.0
USD/CAD,binary,4,Gradient boosting (sklearn),0.4869047619047619,-0.49134774493001765,-0.05809362320864564,-0.31071274289263706,-0.6937680787238037,0.4880382775119617,0.9952380952380953,840.0
USD/CAD,binary,5,SVM (RBF),0.5392857142857143,2.3630379315371792,0.3596732020370268,-0.19734916269436853,4.015283926064434,0.539227895392279,0.955952380952381,840.0
USD/CAD,binary,5,Hist gradient boosting,0.5297619047619048,1.4927243045272027,0.2225957404255916,-0.20362828329865124,2.28897901996231,0.5287081339712919,0.9952380952380953,840.0
USD/CAD,binary,5,XGBoost,0.5321428571428571,1.2579053360041086,0.183174835542125,-0.1886968403928445,1.8804814806946202,0.5313253012048192,0.9880952380952381,840.0
USD/CAD,binary,5,Random forest,0.525,1.2312539027085971,0.17623735004544705,-0.1886968403928443,1.8657643539649469,0.5257352941176471,0.9714285714285714,840.0
USD/CAD,binary,5,MLP neural net,0.5238095238095238,1.119816792812315,0.1592093808951951,-0.24190154513876516,1.6322618458589362,0.5281045751633987,0.9107142857142857,840.0
USD/CAD,binary,5,Ensemble (weighted train acc),0.5083333333333333,0.6465192355195251,0.0905285919294383,-0.24723204518352382,0.9147768795445155,0.5121359223300971,0.9809523809523809,840.0
USD/CAD,binary,5,Gradient boosting (sklearn),0.5119047619047619,0.5793726500804054,0.08132925459722085,-0.2364465405280145,0.8583315212489645,0.5149700598802395,0.9940476190476191,840.0
USD/CAD,binary,5,"Logistic (sklearn, on global PCA)",0.5011904761904762,0.5085375002228343,0.07026388787232718,-0.3512148391261256,0.7030772998201132,0.5012106537530266,0.9833333333333333,840.0
USD/CAD,binary,5,Ensemble (mean proba),0.5107142857142857,0.4699073531078422,0.06366767915465932,-0.2919837716205491,0.6508263517367632,0.5110294117647058,0.9714285714285714,840.0
USD/CAD,binary,5,"Logit (statsmodels, PCA)",0.5083333333333333,0.4695085059995233,0.06501544794397662,-0.3430705368109698,0.6345710801967864,0.5067319461444308,0.9726190476190476,840.0
USD/CAD,binary,5,"Probit (statsmodels, PCA)",0.5083333333333333,0.4424654474448127,0.06112979220489212,-0.3430705368109699,0.5997891948981025,0.5066991473812423,0.9773809523809524,840.0
USD/CAD,binary,6,XGBoost,0.575,2.7038361438624956,0.4725749883741077,-0.217669439441305,4.409635779056919,0.5767835550181378,0.9845238095238096,840.0
USD/CAD,binary,6,Random forest,0.5630952380952381,2.4337811662223228,0.4103342479025802,-0.21424160178105012,3.81031174757463,0.5682656826568265,0.9678571428571429,840.0
USD/CAD,binary,6,Hist gradient boosting,0.555952380952381,2.03618310863606,0.3458853677308229,-0.22637397278481397,3.1200771935806797,0.5566265060240964,0.9880952380952381,840.0
USD/CAD,binary,6,Gradient boosting (sklearn),0.5547619047619048,1.5345053019758237,0.2533167255605375,-0.20143925647493266,2.1752825185148446,0.5538277511961722,0.9952380952380953,840.0
USD/CAD,binary,6,Ensemble (weighted train acc),0.555952380952381,1.2039053878951695,0.19214292121473187,-0.3448319810312088,1.589284341761462,0.5525997581620314,0.9845238095238096,840.0
USD/CAD,binary,6,Ensemble (mean proba),0.55,1.1516324304164072,0.18300449470586688,-0.37271051442021585,1.521102516778316,0.5504252733900364,0.9797619047619047,840.0
USD/CAD,binary,6,MLP neural net,0.5226190476190476,0.8532519340867076,0.1304129835021488,-0.3634330784869795,1.1209200875254999,0.5256241787122208,0.905952380952381,840.0
USD/CAD,binary,6,SVM (RBF),0.5369047619047619,0.8422688600023343,0.13172715823333614,-0.3851093376832365,1.1030146466089066,0.537712895377129,0.9785714285714285,840.0
USD/CAD,binary,6,"Logistic (sklearn, on global PCA)",0.5166666666666667,-0.0552121738409274,-0.00811667519165149,-0.4552045324478867,-0.07326430634761731,0.5157384987893463,0.9833333333333333,840.0
USD/CAD,binary,6,"Logit (statsmodels, PCA)",0.5166666666666667,-0.06236256772473769,-0.009157967326053562,-0.47696613575423596,-0.08264498534532809,0.5199034981905911,0.986904761904762,840.0
USD/CAD,binary,6,"Probit (statsmodels, PCA)",0.5154761904761904,-0.22967979797435492,-0.03328935596219085,-0.48805460506641385,-0.30431643486201276,0.5163240628778718,0.9845238095238096,840.0
USD/CAD,binary,7,Hist gradient boosting,0.5345238095238095,1.4296127022565628,0.2537432784965099,-0.4431699177319196,1.937319063433687,0.5360576923076923,0.9904761904761905,840.0
USD/CAD,binary,7,Ensemble (weighted train acc),0.5273809523809524,1.1742678447754342,0.2046816789815924,-0.5051012703941171,1.5564636302946893,0.529126213592233,0.9809523809523809,840.0
USD/CAD,binary,7,Ensemble (mean proba),0.5226190476190476,1.1486360050824094,0.2001842586589906,-0.4986171980387185,1.5277060986671567,0.5266990291262136,0.9809523809523809,840.0
USD/CAD,binary,7,XGBoost,0.5273809523809524,1.1380476552207741,0.1980882956966239,-0.42149314388869696,1.56331057922025,0.5270758122743683,0.9892857142857143,840.0
USD/CAD,binary,7,SVM (RBF),0.5297619047619048,1.0715337143333659,0.18570832294017658,-0.45489149082323177,1.4148899219989852,0.5318892900120337,0.9892857142857143,840.0
USD/CAD,binary,7,Gradient boosting (sklearn),0.513095238095238,1.0045327355304594,0.17331243959106835,-0.3912056200001419,1.4076915297748245,0.5149700598802395,0.9940476190476191,840.0
USD/CAD,binary,7,Random forest,0.5226190476190476,0.9799167670328711,0.16735033806879862,-0.3324677121768628,1.429393785531833,0.5147058823529411,0.9714285714285714,840.0
USD/CAD,binary,7,MLP neural net,0.5226190476190476,0.8609575057206048,0.1423512074980351,-0.5323923159509408,1.0857571440849665,0.5269922879177378,0.9261904761904762,840.0
USD/CAD,binary,7,"Probit (statsmodels, PCA)",0.5142857142857142,0.6325688514510103,0.1057626338297577,-0.47503743799196263,0.8407810021272576,0.51278928136419,0.9773809523809524,840.0
USD/CAD,binary,7,"Logit (statsmodels, PCA)",0.5142857142857142,0.5660445636616146,0.0941218038576157,-0.47950702632082864,0.749906646213064,0.511543134872418,0.9797619047619047,840.0
USD/CAD,binary,7,"Logistic (sklearn, on global PCA)",0.49523809523809526,-0.11650030933452249,-0.01833066941486272,-0.5721188992579413,-0.1566426910097193,0.49333333333333335,0.9821428571428571,840.0
USD/CAD,binary,8,Random forest,0.513095238095238,1.18539446702727,0.21801825012769105,-0.27722393529932177,1.856944114165309,0.5152625152625152,0.975,840.0
USD/CAD,binary,8,Gradient boosting (sklearn),0.5023809523809524,0.937280642843792,0.17201847413101645,-0.3318647359020005,1.5523074736016809,0.5017878426698451,0.9988095238095238,840.0
USD/CAD,binary,8,Hist gradient boosting,0.5357142857142857,0.919209878768007,0.16825161440774106,-0.4965421176613031,1.2169539400029319,0.5341317365269461,0.9940476190476191,840.0
USD/CAD,binary,8,XGBoost,0.5178571428571429,0.8259190060757163,0.14947703591466976,-0.35966898550361726,1.2664550004351685,0.517406962785114,0.9916666666666667,840.0
USD/CAD,binary,8,SVM (RBF),0.525,0.8140896442087701,0.14712518842949174,-0.5115649377697956,1.057250673675931,0.5279126213592233,0.9809523809523809,840.0
USD/CAD,binary,8,Ensemble (weighted train acc),0.5261904761904762,0.7236854738031215,0.12956062479136432,-0.5323656826444235,0.9402387124618432,0.528554070473876,0.9797619047619047,840.0
USD/CAD,binary,8,Ensemble (mean proba),0.5273809523809524,0.7082631891612264,0.12646566411013604,-0.5296884081112544,0.9201027033820502,0.529126213592233,0.9809523809523809,840.0
USD/CAD,binary,8,MLP neural net,0.5345238095238095,0.5422351757933375,0.0941263975252693,-0.554387691770778,0.664568638851254,0.5352112676056338,0.9297619047619048,840.0
USD/CAD,binary,8,"Logistic (sklearn, on global PCA)",0.5166666666666667,-0.2723855053908413,-0.04500253811449184,-0.5923563250955861,-0.35089197794134697,0.5175757575757576,0.9821428571428571,840.0
USD/CAD,binary,8,"Logit (statsmodels, PCA)",0.5154761904761904,-0.28448733326918674,-0.04669644300487463,-0.5343629784895614,-0.3657724532558839,0.5127272727272727,0.9821428571428571,840.0
USD/CAD,binary,8,"Probit (statsmodels, PCA)",0.5142857142857142,-0.3125565754907227,-0.051288010643733895,-0.535541469764367,-0.4039779940885934,0.5108695652173914,0.9857142857142858,840.0
USD/CAD,binary,9,Random forest,0.5392857142857143,0.9150737171712795,0.17272433424655276,-0.3144897507178467,1.3510504321558467,0.5408415841584159,0.9619047619047619,840.0
USD/CAD,binary,9,MLP neural net,0.5523809523809524,0.8080433625499056,0.15095465400669528,-0.5270807668996603,0.9497682870188412,0.5483460559796438,0.9357142857142857,840.0
USD/CAD,binary,9,Gradient boosting (sklearn),0.5416666666666666,0.6124400806253295,0.11554604182150374,-0.377622544103442,0.818524543910278,0.5436081242532855,0.9964285714285714,840.0
USD/CAD,binary,9,Ensemble (weighted train acc),0.5416666666666666,0.3023764976972881,0.055273843562524405,-0.5169041515070905,0.3740564805274937,0.5408653846153846,0.9904761904761905,840.0
USD/CAD,binary,9,Ensemble (mean proba),0.5428571428571428,0.2593627807575451,0.04702383755875639,-0.5210631076700811,0.319289030291376,0.5398550724637681,0.9857142857142858,840.0
USD/CAD,binary,9,XGBoost,0.5428571428571428,0.24705797031859814,0.04511965527379558,-0.5793422755253083,0.2969367797945154,0.5413173652694611,0.9940476190476191,840.0
USD/CAD,binary,9,"Probit (statsmodels, PCA)",0.5345238095238095,0.04727521532326381,0.00844999518762135,-0.5410807601182291,0.05882324190928938,0.5341463414634147,0.9761904761904762,840.0
USD/CAD,binary,9,"Logit (statsmodels, PCA)",0.5214285714285715,-0.12203214685954387,-0.021547229999948736,-0.5581502060522523,-0.15275747361866704,0.5255474452554745,0.9785714285714285,840.0
USD/CAD,binary,9,"Logistic (sklearn, on global PCA)",0.530952380952381,-0.1795867780170564,-0.03153763435016044,-0.5730733938115571,-0.22601890732479948,0.5301204819277109,0.9880952380952381,840.0
USD/CAD,binary,9,SVM (RBF),0.5214285714285715,-0.3772879031325257,-0.06508201372001576,-0.6345683124288477,-0.4683525018856539,0.517490952955368,0.986904761904762,840.0
USD/CAD,binary,9,Hist gradient boosting,0.5190476190476191,-0.5617205953688411,-0.0952980237537091,-0.6746746194885254,-0.6735941723426376,0.5180288461538461,0.9904761904761905,840.0
USD/CAD,binary,10,Random forest,0.5190476190476191,0.38740953133816314,0.0744741464706773,-0.5696214507091717,0.616962168646,0.5195121951219512,0.9761904761904762,840.0
USD/CAD,binary,10,SVM (RBF),0.5095238095238095,0.2296965292481484,0.04347098902539348,-0.5504547081342022,0.4168030452607323,0.5102781136638452,0.9845238095238096,840.0
USD/CAD,binary,10,Ensemble (weighted train acc),0.544047619047619,0.1052331853887642,0.019824029164632107,-0.6250421165831741,0.13050496573654008,0.5430303030303031,0.9821428571428571,840.0
USD/CAD,binary,10,Ensemble (mean proba),0.5416666666666666,0.08612281108254388,0.01622467115324122,-0.6294181771706789,0.10727644429986528,0.5411622276029056,0.9833333333333333,840.0
USD/CAD,binary,10,Hist gradient boosting,0.5333333333333333,0.046285200859895376,0.008735550488783828,-0.5119836565793152,0.05759676978284124,0.5340501792114696,0.9964285714285714,840.0
USD/CAD,binary,10,"Logistic (sklearn, on global PCA)",0.5202380952380953,-0.31945543513039365,-0.058265664708935794,-0.6197640963995579,-0.4046894039421185,0.5228915662650603,0.9880952380952381,840.0
USD/CAD,binary,10,Gradient boosting (sklearn),0.5023809523809524,-0.3412070170842852,-0.06206301041706719,-0.5944434006604177,-0.43800135279602903,0.5041816009557945,0.9964285714285714,840.0
USD/CAD,binary,10,"Probit (statsmodels, PCA)",0.5226190476190476,-0.38608791741386883,-0.06983343718754931,-0.6287135426561703,-0.486997792383452,0.5236938031591738,0.9797619047619047,840.0
USD/CAD,binary,10,"Logit (statsmodels, PCA)",0.525,-0.4439965652553897,-0.07975947900952829,-0.6330817253644693,-0.560157773924877,0.5211608222490931,0.9845238095238096,840.0
USD/CAD,binary,10,XGBoost,0.49523809523809526,-0.5502023903072,-0.09532848071046607,-0.6207335299904537,-0.8257353535565661,0.49819059107358266,0.986904761904762,840.0
USD/CAD,binary,10,MLP neural net,0.5011904761904762,-1.2371613219980109,-0.19895108697793207,-0.6976837598064376,-1.4703213090132627,0.5,0.9142857142857143,840.0
USD/CAD,ternary,1,"MNLogit (statsmodels, PCA)",0.6619047619047619,1.0171314207884679,0.015819412380532638,-0.01999979492682069,0.5048639387752496,0.5733333333333334,0.08928571428571429,840.0
USD/CAD,ternary,1,Gradient boosting (sklearn),0.7309523809523809,0.980940610690359,0.02424913202447665,-0.04133166220124873,0.6192987141044238,0.5916666666666667,0.14285714285714285,840.0
USD/CAD,ternary,1,Ensemble (mean proba),0.7047619047619048,0.6847654565690456,0.006945732200571708,-0.00864882103862108,0.23468080823055035,0.6428571428571429,0.03333333333333333,840.0
USD/CAD,ternary,1,Ensemble (weighted train acc),0.7083333333333334,0.5027298662903527,0.005107011529466909,-0.008648821038620969,0.1816984703202118,0.6071428571428571,0.03333333333333333,840.0
USD/CAD,ternary,1,"Logistic (sklearn, on global PCA)",0.4154761904761905,0.3997690772566003,0.019290028906401968,-0.07211021290638187,0.42734886269688943,0.5125858123569794,0.5202380952380953,840.0
USD/CAD,ternary,1,Hist gradient boosting,0.725,-0.015763414183079062,-0.0004061753284274605,-0.03175787396957508,-0.00834761202392732,0.5390625,0.1523809523809524,840.0
USD/CAD,ternary,1,XGBoost,0.7833333333333333,-0.16867351551629559,-0.002161756116766389,-0.025881235509876643,-0.06172555756770174,0.5510204081632653,0.058333333333333334,840.0
USD/CAD,ternary,1,Random forest,0.8285714285714286,,0.0,0.0,,,0.0,840.0
USD/CAD,ternary,1,MLP neural net,0.825,,0.0,0.0,,,0.0,840.0
USD/CAD,ternary,1,SVM (RBF),0.8297619047619048,,0.0,0.0,,,0.0,840.0
USD/CAD,ternary,2,Ensemble (mean proba),0.6464285714285715,1.1782668414297284,0.040239095242851075,-0.027133017733629305,0.6786783685819551,0.6153846153846154,0.09285714285714286,840.0
USD/CAD,ternary,2,Ensemble (weighted train acc),0.6428571428571429,1.1500253094864419,0.03950110954133623,-0.02880171015578281,0.6936461910534857,0.5882352941176471,0.10119047619047619,840.0
USD/CAD,ternary,2,"MNLogit (statsmodels, PCA)",0.6238095238095238,1.0410857575140986,0.04128230666556032,-0.07361133640258388,0.6331604794209207,0.5564516129032258,0.14761904761904762,840.0
USD/CAD,ternary,2,SVM (RBF),0.7107142857142857,0.9635133190488195,0.006784797192177505,-0.0009853391076325435,,0.8333333333333334,0.007142857142857143,840.0
USD/CAD,ternary,2,XGBoost,0.638095238095238,0.8551202758085782,0.02833416863592908,-0.0470873177490706,0.5123892421017855,0.5575221238938053,0.13452380952380952,840.0
USD/CAD,ternary,2,Hist gradient boosting,0.5880952380952381,0.8382793306920399,0.04270222418013114,-0.07084808686301647,0.6615113575794238,0.5211267605633803,0.25357142857142856,840.0
USD/CAD,ternary,2,Random forest,0.6845238095238095,0.7937778345387443,0.014012868570832948,-0.015856570221382982,0.20690829896572918,0.5769230769230769,0.030952380952380953,840.0
USD/CAD,ternary,2,Gradient boosting (sklearn),0.5619047619047619,0.6765090581475771,0.034393833562029075,-0.06263462636977124,0.5835463569132104,0.5324675324675324,0.275,840.0
USD/CAD,ternary,2,"Logistic (sklearn, on global PCA)",0.41309523809523807,0.4807182042730631,0.03603832745073299,-0.22474681549773734,0.4650960398637466,0.5151515151515151,0.5107142857142857,840.0
USD/CAD,ternary,2,MLP neural net,0.7095238095238096,,0.0,0.0,,,0.0,840.0
USD/CAD,ternary,3,Ensemble (mean proba),0.5464285714285714,2.322849233404879,0.1059656638265345,-0.03213491378418243,1.9565261997599606,0.6496815286624203,0.1869047619047619,840.0
USD/CAD,ternary,3,XGBoost,0.5226190476190476,2.3096010860417024,0.12429749932835321,-0.041089206974962544,2.4400996360606393,0.6261682242990654,0.25476190476190474,840.0
USD/CAD,ternary,3,Hist gradient boosting,0.5,2.2811752775429905,0.12889727974486664,-0.04965728146916293,2.3343909962565053,0.609375,0.3047619047619048,840.0
USD/CAD,ternary,3,Ensemble (weighted train acc),0.544047619047619,2.2281074427933616,0.10415669656007753,-0.032134913784182206,1.850626478064635,0.6503067484662577,0.19404761904761905,840.0
USD/CAD,ternary,3,"MNLogit (statsmodels, PCA)",0.5273809523809524,1.2324642697084647,0.06588559746662725,-0.10725622002737822,0.9322491072742631,0.5440414507772021,0.22976190476190475,840.0
USD/CAD,ternary,3,Random forest,0.5714285714285714,1.1639593585862098,0.034439802868805325,-0.02131012938828103,0.7438472184536404,0.5606060606060606,0.07857142857142857,840.0
USD/CAD,ternary,3,Gradient boosting (sklearn),0.5011904761904762,1.0268601441271943,0.08180362783133588,-0.12752841151892902,0.984865777691209,0.5462686567164179,0.39880952380952384,840.0
USD/CAD,ternary,3,"Logistic (sklearn, on global PCA)",0.3952380952380952,0.9097352951762252,0.07349562953272915,-0.1951227134951694,0.9085524397015771,0.5160493827160494,0.48214285714285715,840.0
USD/CAD,ternary,3,SVM (RBF),0.5916666666666667,0.3661583055013139,0.008605099868435273,-0.057936118198582465,0.15655656319346442,0.5111111111111111,0.05357142857142857,840.0
USD/CAD,ternary,3,MLP neural net,0.6226190476190476,,0.0,0.0,,,0.0,840.0
USD/CAD,ternary,4,Ensemble (mean proba),0.44166666666666665,1.140946559440809,0.06502574588171561,-0.12467150352722522,1.0299189719295583,0.5420560747663551,0.25476190476190474,840.0
USD/CAD,ternary,4,Gradient boosting (sklearn),0.4107142857142857,0.9086006431668143,0.08383374694006296,-0.10920146948303222,0.8594515970297898,0.5172413793103449,0.4488095238095238,840.0
USD/CAD,ternary,4,Ensemble (weighted train acc),0.4369047619047619,0.8994420559741602,0.05500650362692694,-0.1261264379450746,0.7615983153014255,0.5364806866952789,0.2773809523809524,840.0
USD/CAD,ternary,4,"MNLogit (statsmodels, PCA)",0.4583333333333333,0.7465267936725941,0.06545778664613655,-0.1591775282439699,0.6781583369404263,0.5234375,0.3047619047619048,840.0
USD/CAD,ternary,4,Hist gradient boosting,0.42023809523809524,0.7403507035202697,0.060069289552395766,-0.12329675961137998,0.6192857697458755,0.5419161676646707,0.3976190476190476,840.0
USD/CAD,ternary,4,"Logistic (sklearn, on global PCA)",0.36547619047619045,0.7377775302931592,0.07547144745222156,-0.19960751055276327,0.7486103291753791,0.5174825174825175,0.5107142857142857,840.0
USD/CAD,ternary,4,SVM (RBF),0.4988095238095238,0.7333361150078277,0.02468072653486275,-0.05600931394512687,0.5330100077758578,0.5416666666666666,0.08571428571428572,840.0
USD/CAD,ternary,4,XGBoost,0.4392857142857143,0.6233823377073967,0.05497204419427426,-0.17637538765907346,0.4719510792388296,0.5451612903225806,0.36904761904761907,840.0
USD/CAD,ternary,4,MLP neural net,0.5154761904761904,0.6017793791273346,0.009577095950317416,-0.021897111568257688,0.11321611492665191,0.6666666666666666,0.017857142857142856,840.0
USD/CAD,ternary,4,Random forest,0.4738095238095238,-0.039470385875554424,-0.0016258620758392572,-0.1467860192060234,-0.023637583782070905,0.5045045045045045,0.13214285714285715,840.0
USD/CAD,ternary,5,Random forest,0.4297619047619048,2.0700662323621724,0.09840501395105505,-0.09336969957816565,1.5164437622164924,0.6293706293706294,0.17023809523809524,840.0
USD/CAD,ternary,5,SVM (RBF),0.4607142857142857,1.7980801420918315,0.08792402842066149,-0.11086952614698753,1.5818346028661285,0.583941605839416,0.1630952380952381,840.0
USD/CAD,ternary,5,XGBoost,0.40595238095238095,1.5286816293428056,0.13467517997325262,-0.11367952690810834,1.4457075280321967,0.5559006211180124,0.38333333333333336,840.0
USD/CAD,ternary,5,Ensemble (weighted train acc),0.4107142857142857,0.8842424059299492,0.07774868495719822,-0.13778858543341432,0.6715017362136717,0.5555555555555556,0.33214285714285713,840.0
USD/CAD,ternary,5,MLP neural net,0.475,0.8827567531698909,0.009227684876332187,-0.004749918930448294,0.3534929959605504,0.6666666666666666,0.007142857142857143,840.0
USD/CAD,ternary,5,Gradient boosting (sklearn),0.38095238095238093,0.8630974956888439,0.08286489351926596,-0.12258188189034414,0.8201815866092887,0.5347043701799485,0.4630952380952381,840.0
USD/CAD,ternary,5,Hist gradient boosting,0.4392857142857143,0.7973200219986807,0.08718537829695672,-0.2527337522674161,0.6926609774963709,0.5402597402597402,0.4583333333333333,840.0
USD/CAD,ternary,5,Ensemble (mean proba),0.41785714285714287,0.7568784810467385,0.06714856430140714,-0.15796959131920885,0.5646909605593471,0.5451127819548872,0.31666666666666665,840.0
USD/CAD,ternary,5,"Logistic (sklearn, on global PCA)",0.3738095238095238,0.09002853262234421,0.010053609992159984,-0.3876087895221617,0.08526281294415877,0.5124153498871332,0.5273809523809524,840.0
USD/CAD,ternary,5,"MNLogit (statsmodels, PCA)",0.41904761904761906,-0.19552144118402004,-0.02001276936870644,-0.39630642140688266,-0.16302238254470072,0.48036253776435045,0.39404761904761904,840.0
USD/CAD,ternary,6,Hist gradient boosting,0.4107142857142857,2.895427348055076,0.34760055481820995,-0.13165466896735822,3.7016085383733315,0.6026490066225165,0.5392857142857143,840.0
USD/CAD,ternary,6,Ensemble (weighted train acc),0.41785714285714287,2.4152456591416076,0.24774851840652312,-0.1498541108377749,2.7678916845288177,0.5875370919881305,0.4011904761904762,840.0
USD/CAD,ternary,6,XGBoost,0.4035714285714286,1.9919010950631015,0.22226419018216292,-0.1322311327179332,2.4559456068559404,0.5620253164556962,0.47023809523809523,840.0
USD/CAD,ternary,6,SVM (RBF),0.4452380952380952,1.8260761313404927,0.12673891224493938,-0.0921545954044819,1.7718881102720219,0.5894736842105263,0.2261904761904762,840.0
USD/CAD,ternary,6,Ensemble (mean proba),0.4095238095238095,1.8230641935231968,0.1792297324036496,-0.14309041057782423,1.9506709063133347,0.5652173913043478,0.38333333333333336,840.0
USD/CAD,ternary,6,Random forest,0.4369047619047619,1.5257577540604363,0.1229580193624189,-0.15083774772361958,1.5086581444588145,0.5439330543933054,0.2845238095238095,840.0
USD/CAD,ternary,6,Gradient boosting (sklearn),0.3821428571428571,0.6290900366127224,0.05941784686822471,-0.16933627462276857,0.6694411146570072,0.5373134328358209,0.4785714285714286,840.0
USD/CAD,ternary,6,"Logistic (sklearn, on global PCA)",0.3345238095238095,0.07234994935965916,0.009023996943701595,-0.4864770870738224,0.07160554961733255,0.5220883534136547,0.5928571428571429,840.0
USD/CAD,ternary,6,"MNLogit (statsmodels, PCA)",0.38333333333333336,0.01311360561131429,0.0015341968806095174,-0.49822615584030827,0.011606162700487853,0.5171568627450981,0.4857142857142857,840.0
USD/CAD,ternary,6,MLP neural net,0.4392857142857143,-0.045453167958040025,-0.0019198632447892106,-0.08792037038925515,-0.015430067204884544,0.5135135135135135,0.04404761904761905,840.0
USD/CAD,ternary,7,SVM (RBF),0.4166666666666667,2.3658693239561295,0.19137828616575403,-0.0934027183018119,2.646739842046964,0.5853658536585366,0.24404761904761904,840.0
USD/CAD,ternary,7,Random forest,0.4083333333333333,2.1715170896552354,0.1877369261539792,-0.16557606302225725,1.6854078620531294,0.6195121951219512,0.24404761904761904,840.0
USD/CAD,ternary,7,Ensemble (weighted train acc),0.36547619047619045,1.8763105198079002,0.2002202936591415,-0.15591171531008186,1.9609808815251684,0.5608974358974359,0.37142857142857144,840.0
USD/CAD,ternary,7,Ensemble (mean proba),0.36904761904761907,1.806115161715269,0.19543354578865824,-0.16343148836039778,1.885679824275319,0.5569620253164557,0.3761904761904762,840.0
USD/CAD,ternary,7,Hist gradient boosting,0.38571428571428573,1.6561062741510062,0.20776696734067457,-0.1496927626715293,2.023935600723766,0.5518018018018018,0.5285714285714286,840.0
USD/CAD,ternary,7,Gradient boosting (sklearn),0.37142857142857144,1.5920582509963028,0.18278111913083994,-0.24134480352564225,1.8374779121233888,0.5396039603960396,0.48095238095238096,840.0
USD/CAD,ternary,7,XGBoost,0.3738095238095238,1.274490924193372,0.14004765095607996,-0.2432496235206214,1.2887555344511454,0.5491803278688525,0.4357142857142857,840.0
USD/CAD,ternary,7,MLP neural net,0.4,0.9887338830987266,0.046581195311558465,-0.11286393973715059,0.4527276386608141,0.6101694915254238,0.07023809523809524,840.0
USD/CAD,ternary,7,"Logistic (sklearn, on global PCA)",0.3119047619047619,0.6001250714711619,0.08803552452694219,-0.5202914600135728,0.6310367952216268,0.5181818181818182,0.6547619047619048,840.0
USD/CAD,ternary,7,"MNLogit (statsmodels, PCA)",0.32857142857142857,0.43395862647375816,0.06092431313415325,-0.5153695491111412,0.4241610443882934,0.5165289256198347,0.5761904761904761,840.0
USD/CAD,ternary,8,Hist gradient boosting,0.3773809523809524,2.1302172381413276,0.3249048775270158,-0.15922710902944037,2.3623923844040937,0.5634408602150538,0.5535714285714286,840.0
USD/CAD,ternary,8,MLP neural net,0.3892857142857143,1.9189212742552173,0.1566267710433067,-0.07119791187312219,2.4062244861010726,0.5984848484848485,0.15714285714285714,840.0
USD/CAD,ternary,8,SVM (RBF),0.3630952380952381,1.6111732731659896,0.12726610707998232,-0.1607572584276371,1.7355524473114101,0.5555555555555556,0.2571428571428571,840.0
USD/CAD,ternary,8,Ensemble (weighted train acc),0.3547619047619048,1.4421784651736202,0.1788380096197224,-0.3069676543490394,1.2629011023984853,0.5522788203753352,0.444047619047619,840.0
USD/CAD,ternary,8,Gradient boosting (sklearn),0.3738095238095238,1.4144718959567422,0.17525788659864516,-0.30786202940081553,1.7661565431789161,0.5379146919431279,0.5023809523809524,840.0
USD/CAD,ternary,8,XGBoost,0.3535714285714286,1.405997218149379,0.18833821726076883,-0.220845043241508,1.396924872803604,0.5382775119617225,0.4976190476190476,840.0
USD/CAD,ternary,8,Ensemble (mean proba),0.35714285714285715,1.1058822815600382,0.13461017244406892,-0.33486415559941185,0.9137758123088323,0.5502793296089385,0.4261904761904762,840.0
USD/CAD,ternary,8,Random forest,0.3952380952380952,1.0312789200929613,0.10762435030859274,-0.2331842774976578,0.683942916706772,0.569620253164557,0.28214285714285714,840.0
USD/CAD,ternary,8,"Logistic (sklearn, on global PCA)",0.29642857142857143,0.03521680603941688,0.005038188612860317,-0.5383722076805849,0.03308822925515277,0.5347091932457786,0.6345238095238095,840.0
USD/CAD,ternary,8,"MNLogit (statsmodels, PCA)",0.32261904761904764,-0.02962220676467457,-0.004125051888164366,-0.5399022891201792,-0.026835701944983435,0.5262096774193549,0.5904761904761905,840.0
USD/CAD,ternary,9,Hist gradient boosting,0.37857142857142856,1.9972062686370073,0.2736842880049246,-0.2253681078665416,1.8959213035015026,0.5899122807017544,0.5428571428571428,840.0
USD/CAD,ternary,9,XGBoost,0.3607142857142857,1.2220168176521198,0.1345868580803975,-0.1509772321545445,1.1803227145318198,0.5586034912718204,0.4773809523809524,840.0
USD/CAD,ternary,9,SVM (RBF),0.3738095238095238,1.1070494541401643,0.09290144273184331,-0.14325511427513105,0.916447173401904,0.5833333333333334,0.2714285714285714,840.0
USD/CAD,ternary,9,Ensemble (weighted train acc),0.3595238095238095,0.841528026203867,0.09631432767142845,-0.2936297028355699,0.611623305842304,0.5705521472392638,0.3880952380952381,840.0
USD/CAD,ternary,9,Random forest,0.3547619047619048,0.7803830596291126,0.06691510897079311,-0.15022905339790404,0.470015487231871,0.5970873786407767,0.24523809523809523,840.0
USD/CAD,ternary,9,Gradient boosting (sklearn),0.3619047619047619,0.7351997665932326,0.11340122094459582,-0.3935730494846701,0.7170733813824799,0.5748031496062992,0.6047619047619047,840.0
USD/CAD,ternary,9,Ensemble (mean proba),0.35714285714285715,0.5108238768871336,0.05973113949994957,-0.34764991120172517,0.35256337495119733,0.567398119122257,0.37976190476190474,840.0
USD/CAD,ternary,9,MLP neural net,0.39285714285714285,-0.1445122530485273,-0.01285035117791411,-0.3163729428469171,-0.05250205264352993,0.609375,0.1523809523809524,840.0
USD/CAD,ternary,9,"MNLogit (statsmodels, PCA)",0.3238095238095238,-0.14472099751632764,-0.020770100491004473,-0.5449070567908401,-0.1201434850671274,0.5427350427350427,0.5571428571428572,840.0
USD/CAD,ternary,9,"Logistic (sklearn, on global PCA)",0.31547619047619047,-0.47071865549432185,-0.06635352449685361,-0.5422409192506936,-0.4079000911091195,0.5297619047619048,0.6,840.0
USD/CAD,ternary,10,SVM (RBF),0.33214285714285713,1.2225555786358133,0.10230556562244453,-0.11184422871721067,1.11549883405436,0.562753036437247,0.29404761904761906,840.0
USD/CAD,ternary,10,Hist gradient boosting,0.33690476190476193,1.1613817029421698,0.16452580408316764,-0.4204918416616704,1.3448531411688662,0.5716945996275605,0.6392857142857142,840.0
USD/CAD,ternary,10,XGBoost,0.325,0.9874153725556633,0.12890162911520253,-0.4274993832849715,1.0687986519462793,0.5491452991452992,0.5571428571428572,840.0
USD/CAD,ternary,10,Ensemble (mean proba),0.32261904761904764,0.7907454581742164,0.09371538392407475,-0.32711523593951075,0.7454756061864142,0.554089709762533,0.4511904761904762,840.0
USD/CAD,ternary,10,Ensemble (weighted train acc),0.3273809523809524,0.7255674272014829,0.08890822692510647,-0.3832418043826127,0.6937903149020125,0.5561097256857855,0.4773809523809524,840.0
USD/CAD,ternary,10,Random forest,0.3464285714285714,0.5113313977866254,0.04358414409104938,-0.24858758118620294,0.4698252358742748,0.5454545454545454,0.3011904761904762,840.0
USD/CAD,ternary,10,Gradient boosting (sklearn),0.33095238095238094,-0.017370115480864572,-0.0022833995485763703,-0.5271032509411511,-0.01746435729369628,0.5334685598377282,0.5869047619047619,840.0
USD/CAD,ternary,10,MLP neural net,0.3535714285714286,-0.2980110519380062,-0.023436888520865562,-0.2744398107839332,-0.10525494393042671,0.5952380952380952,0.1,840.0
USD/CAD,ternary,10,"Logistic (sklearn, on global PCA)",0.30238095238095236,-0.8462570300955247,-0.1259691412814551,-0.5663712070626885,-0.7899396994468675,0.5009140767824497,0.6511904761904762,840.0
USD/CAD,ternary,10,"MNLogit (statsmodels, PCA)",0.3047619047619048,-0.9136444864468916,-0.13509503996493233,-0.5671512296955854,-0.8213960550580341,0.49416342412451364,0.611904761904762,840.0
EUR/JPY,binary,1,SVM (RBF),0.5273809523809524,0.7582179029437253,0.04556494832458613,-0.08841177585774629,0.9606457623082006,0.5274151436031331,0.9119047619047619,840.0
EUR/JPY,binary,1,"Logistic (sklearn, on global PCA)",0.49404761904761907,0.1702400756117643,0.010540674359676538,-0.13305747980579297,0.2582063202304441,0.49264705882352944,0.9714285714285714,840.0
EUR/JPY,binary,1,Gradient boosting (sklearn),0.4976190476190476,0.013977398787274557,0.000866253257650218,-0.09075591043448894,0.021413961556458166,0.4963942307692308,0.9904761904761905,840.0
EUR/JPY,binary,1,"Logit (statsmodels, PCA)",0.4797619047619048,0.01126360111603773,0.0006994133597222341,-0.1159384232068793,0.017385459099893173,0.4787363304981774,0.9797619047619047,840.0
EUR/JPY,binary,1,"Probit (statsmodels, PCA)",0.4797619047619048,0.003790854616520135,0.0002353637155649846,-0.11593842320688263,0.005856882350234521,0.47815533980582525,0.9809523809523809,840.0
EUR/JPY,binary,1,Random forest,0.5011904761904762,-0.22804566901414586,-0.013799720044360253,-0.15175778372367,-0.30684492620745746,0.4974937343358396,0.95,840.0
EUR/JPY,binary,1,XGBoost,0.49404761904761907,-0.3951974248182328,-0.0241999733296685,-0.2072519324934895,-0.5848459990176309,0.49215922798552475,0.986904761904762,840.0
EUR/JPY,binary,1,Ensemble (mean proba),0.48928571428571427,-0.5487936531353904,-0.03305855804894309,-0.1837097306380836,-0.799908226550681,0.48954489544895446,0.9678571428571429,840.0
EUR/JPY,binary,1,Ensemble (weighted train acc),0.4857142857142857,-0.5500998696380103,-0.033239982608716745,-0.1840673366796497,-0.7920107394954017,0.4932349323493235,0.9678571428571429,840.0
EUR/JPY,binary,1,MLP neural net,0.4988095238095238,-0.5632642731944766,-0.032994419730649205,-0.21202148972392232,-0.7797532703710363,0.49870801033591733,0.9214285714285714,840.0
EUR/JPY,binary,1,Hist gradient boosting,0.4869047619047619,-0.5892495683507637,-0.035577651351463624,-0.18222323896172932,-0.8828815677601031,0.4855421686746988,0.9880952380952381,840.0
EUR/JPY,binary,2,Gradient boosting (sklearn),0.5166666666666667,0.5354811753105607,0.04785530390148707,-0.20632408155733994,0.7886745591153835,0.5199034981905911,0.986904761904762,840.0
EUR/JPY,binary,2,SVM (RBF),0.5059523809523809,0.2239414378406996,0.01928734898525497,-0.15295751192966445,0.3194464670808869,0.5012722646310432,0.9357142857142857,840.0
EUR/JPY,binary,2,Ensemble (mean proba),0.5107142857142857,0.1486265030668606,0.012804292642431214,-0.26511387028559863,0.2133620997084759,0.5111111111111111,0.9642857142857143,840.0
EUR/JPY,binary,2,Ensemble (weighted train acc),0.5107142857142857,0.1392580100550283,0.01205798691975879,-0.27641720263327896,0.19801663454706667,0.5130759651307597,0.955952380952381,840.0
EUR/JPY,binary,2,MLP neural net,0.5059523809523809,0.06276865380048327,0.005355351142352083,-0.22436940206468137,0.08773941365689432,0.4954248366013072,0.9107142857142857,840.0
EUR/JPY,binary,2,XGBoost,0.5047619047619047,-0.08644546397940257,-0.007528062799659008,-0.2769073155639108,-0.12497031260095895,0.503015681544029,0.986904761904762,840.0
EUR/JPY,binary,2,"Probit (statsmodels, PCA)",0.48095238095238096,-0.20578913594347517,-0.017668964273104937,-0.23904880940497308,-0.2987679738488722,0.4845869297163995,0.9654761904761905,840.0
EUR/JPY,binary,2,Random forest,0.5107142857142857,-0.20618602773265662,-0.01742328831740292,-0.25028808976261774,-0.2948753361142118,0.5099750623441397,0.9547619047619048,840.0
EUR/JPY,binary,2,Hist gradient boosting,0.48214285714285715,-0.21294192758030356,-0.018395309706801033,-0.29023422724383185,-0.3063427395175561,0.4836759371221282,0.9845238095238096,840.0
EUR/JPY,binary,2,"Logit (statsmodels, PCA)",0.48333333333333334,-0.25622656829213464,-0.021935859341063013,-0.2339555236853651,-0.3727383796009049,0.48093480934809346,0.9678571428571429,840.0
EUR/JPY,binary,2,"Logistic (sklearn, on global PCA)",0.48095238095238096,-0.3716038933557863,-0.031491090762190366,-0.22947792160375258,-0.5438935370189898,0.4827586206896552,0.9666666666666667,840.0
EUR/JPY,binary,3,Gradient boosting (sklearn),0.5392857142857143,1.4994250583488729,0.17324702668953762,-0.12458937475263998,2.4080189123866385,0.5403128760529483,0.9892857142857143,840.0
EUR/JPY,binary,3,SVM (RBF),0.5476190476190477,1.3007047685564879,0.13703806261964968,-0.18296610585780704,1.9300090264867742,0.5529100529100529,0.9,840.0
EUR/JPY,binary,3,Ensemble (mean proba),0.5261904761904762,0.7096070965099389,0.0788318283634788,-0.21396003015837517,1.0662152942013536,0.5290556900726392,0.9833333333333333,840.0
EUR/JPY,binary,3,Ensemble (weighted train acc),0.5297619047619048,0.6959563838103375,0.07664124021077057,-0.22304800564691396,1.0431749911386445,0.5280487804878049,0.9761904761904762,840.0
EUR/JPY,binary,3,XGBoost,0.5261904761904762,0.46869779593878874,0.05112786969388394,-0.24471913639605913,0.6875925668119103,0.5290556900726392,0.9833333333333333,840.0
EUR/JPY,binary,3,Random forest,0.5107142857142857,0.26761933865418375,0.02864144699207949,-0.22267185263145983,0.39766205287546097,0.5168539325842697,0.9535714285714286,840.0
EUR/JPY,binary,3,Hist gradient boosting,0.5142857142857142,0.2229355361766182,0.024194713097493104,-0.2645991577725939,0.33375788490737024,0.5144578313253012,0.9880952380952381,840.0
EUR/JPY,binary,3,"Logit (statsmodels, PCA)",0.5190476190476191,0.13584544872059004,0.014608310769460564,-0.25322316645342446,0.19799635043343686,0.5171568627450981,0.9714285714285714,840.0
EUR/JPY,binary,3,"Probit (statsmodels, PCA)",0.5202380952380953,0.08234622760829062,0.008798762586336606,-0.26108060645322295,0.11988014597935122,0.5153751537515375,0.9678571428571429,840.0
EUR/JPY,binary,3,"Logistic (sklearn, on global PCA)",0.5035714285714286,-0.20712010109048082,-0.021710984766397212,-0.27037807093739363,-0.3006799083198523,0.5073891625615764,0.9666666666666667,840.0
EUR/JPY,binary,3,MLP neural net,0.5095238095238095,-0.42271712361462993,-0.042602086263957006,-0.30549572035534533,-0.6021931615883959,0.5103626943005182,0.919047619047619,840.0
EUR/JPY,binary,4,SVM (RBF),0.5238095238095238,0.33130476831876265,0.041225803433284636,-0.2685273675655213,0.49300248818544595,0.5238678090575275,0.9726190476190476,840.0
EUR/JPY,binary,4,"Probit (statsmodels, PCA)",0.5166666666666667,-0.08499747037204454,-0.010285845825129925,-0.3442803317505899,-0.12164134214495326,0.5152998776009792,0.9726190476190476,840.0
EUR/JPY,binary,4,"Logit (statsmodels, PCA)",0.5166666666666667,-0.1548575751455294,-0.018705299963791444,-0.34428033175058914,-0.22314065196091779,0.5127582017010935,0.9797619047619047,840.0
EUR/JPY,binary,4,XGBoost,0.5071428571428571,-0.2150352130223362,-0.026046367071495102,-0.3637801304556798,-0.3175411846245941,0.5054021608643458,0.9916666666666667,840.0
EUR/JPY,binary,4,Ensemble (mean proba),0.5035714285714286,-0.3930679821970613,-0.04700025273197428,-0.3637801304556797,-0.5673182413003824,0.505521472392638,0.9702380952380952,840.0
EUR/JPY,binary,4,"Logistic (sklearn, on global PCA)",0.5071428571428571,-0.42017026577857386,-0.050049881024215925,-0.3442803317505896,-0.6103417081003247,0.5048899755501223,0.9738095238095238,840.0
EUR/JPY,binary,4,Ensemble (weighted train acc),0.4976190476190476,-0.5397451551252167,-0.06383700947479953,-0.36378013045568003,-0.7808104294581143,0.4981729598051157,0.9773809523809524,840.0
EUR/JPY,binary,4,Hist gradient boosting,0.5011904761904762,-0.5774913033000324,-0.06862239089908262,-0.421356605722333,-0.828174327156756,0.5,0.9952380952380953,840.0
EUR/JPY,binary,4,MLP neural net,0.4988095238095238,-0.6139182186562011,-0.07170739887549926,-0.41769071636122446,-0.8801498099893706,0.49373433583959897,0.95,840.0
EUR/JPY,binary,4,Gradient boosting (sklearn),0.48333333333333334,-0.6766508165543604,-0.07996247156432457,-0.45660185240682827,-1.0012383012621295,0.4820574162679426,0.9952380952380953,840.0
EUR/JPY,binary,4,Random forest,0.4869047619047619,-0.9908777119206239,-0.11332801915765478,-0.44763902168179104,-1.4423723234805947,0.48588957055214727,0.9702380952380952,840.0
EUR/JPY,binary,5,SVM (RBF),0.5464285714285714,0.7737653555590901,0.10796062999071321,-0.2911239254774245,1.1177019780482587,0.5442260442260443,0.969047619047619,840.0
EUR/JPY,binary,5,XGBoost,0.5154761904761904,0.2529473118217185,0.03458446909838275,-0.4249789428799342,0.3723545195882866,0.515625,0.9904761904761905,840.0
EUR/JPY,binary,5,Hist gradient boosting,0.525,0.21426169229767195,0.029227979210765476,-0.4333153609108338,0.3091256051236982,0.5253012048192771,0.9880952380952381,840.0
EUR/JPY,binary,5,"Logit (statsmodels, PCA)",0.5178571428571429,-0.12351419991983882,-0.016471657180837873,-0.3769338593014363,-0.17823329871070548,0.5157004830917874,0.9857142857142858,840.0
EUR/JPY,binary,5,Ensemble (weighted train acc),0.5119047619047619,-0.13654966078764952,-0.018165595448872085,-0.3913750154404412,-0.1971629184367112,0.5096385542168674,0.9880952380952381,840.0
EUR/JPY,binary,5,"Probit (statsmodels, PCA)",0.5178571428571429,-0.15854401119276076,-0.02106519253302719,-0.38386790864297327,-0.2283607798230907,0.514041514041514,0.975,840.0
EUR/JPY,binary,5,Ensemble (mean proba),0.5083333333333333,-0.17356170905210086,-0.02310593384934334,-0.38225186100461794,-0.25063574667296984,0.508495145631068,0.9809523809523809,840.0
EUR/JPY,binary,5,Gradient boosting (sklearn),0.5059523809523809,-0.20503736635171482,-0.027197749493563128,-0.42907702308932705,-0.3009520152537091,0.5065710872162486,0.9964285714285714,840.0
EUR/JPY,binary,5,"Logistic (sklearn, on global PCA)",0.5,-0.30539715137025186,-0.040105214310135695,-0.3652928788986287,-0.4445250701538751,0.5018181818181818,0.9821428571428571,840.0
EUR/JPY,binary,5,Random forest,0.4988095238095238,-0.3294385455056708,-0.04303817208008265,-0.40049816987626485,-0.47005297991423683,0.4993909866017052,0.9773809523809524,840.0
EUR/JPY,binary,5,MLP neural net,0.5047619047619047,-0.7317411571229062,-0.09255947089436622,-0.5181609839743879,-1.0221160971771506,0.5069182389937107,0.9464285714285714,840.0
EUR/JPY,binary,6,Hist gradient boosting,0.5333333333333333,0.4470998229947347,0.06711718484721296,-0.47503108121266335,0.6494183893330847,0.5301932367149759,0.9857142857142858,840.0
EUR/JPY,binary,6,SVM (RBF),0.5273809523809524,0.37170294465051174,0.05528103237700144,-0.3261539573175597,0.5649081845298896,0.5301932367149759,0.9857142857142858,840.0
EUR/JPY,binary,6,"Logistic (sklearn, on global PCA)",0.5238095238095238,0.2494638942652361,0.036981930330401314,-0.404882692337699,0.37225483789911523,0.5239234449760766,0.9952380952380953,840.0
EUR/JPY,binary,6,XGBoost,0.5238095238095238,0.1036403424020666,0.01513121404452833,-0.4857882489451141,0.148447221515055,0.5240963855421686,0.9880952380952381,840.0
EUR/JPY,binary,6,Random forest,0.5285714285714286,0.0955952772480115,0.013837653093668134,-0.48288356357862194,0.13648042130130003,0.5300613496932516,0.9702380952380952,840.0
EUR/JPY,binary,6,Ensemble (mean proba),0.5238095238095238,0.02677769702515972,0.0038867018782746676,-0.41242492771003336,0.03879403818974323,0.5242130750605327,0.9833333333333333,840.0
EUR/JPY,binary,6,Ensemble (weighted train acc),0.5190476190476191,-0.03242306419201705,-0.004660372609570085,-0.4228859554104818,-0.04643319234368322,0.5232273838630807,0.9738095238095238,840.0
EUR/JPY,binary,6,"Logit (statsmodels, PCA)",0.5107142857142857,-0.14472114579310935,-0.020839516712061412,-0.4048826923376987,-0.2119885814925067,0.5138721351025332,0.986904761904762,840.0
EUR/JPY,binary,6,"Probit (statsmodels, PCA)",0.5083333333333333,-0.3122156505421704,-0.044440217441617635,-0.41511450282607476,-0.4580685578158848,0.5096385542168674,0.9880952380952381,840.0
EUR/JPY,binary,6,Gradient boosting (sklearn),0.5166666666666667,-0.3503684915811261,-0.049677139107058954,-0.44989676547037927,-0.5165720523372799,0.5138055222088835,0.9916666666666667,840.0
EUR/JPY,binary,6,MLP neural net,0.5047619047619047,-0.6661018658434488,-0.09096459619272701,-0.431704282893274,-0.9435989342982589,0.5067817509247842,0.9654761904761905,840.0
EUR/JPY,binary,7,SVM (RBF),0.5702380952380952,1.088027340902463,0.18306524141968694,-0.3803195235999143,1.5826262528868362,0.5714285714285714,0.9833333333333333,840.0
EUR/JPY,binary,7,Hist gradient boosting,0.5464285714285714,0.6910774177660605,0.11309783694174813,-0.32681774773050787,1.0246891015704052,0.5461077844311377,0.9940476190476191,840.0
EUR/JPY,binary,7,MLP neural net,0.5476190476190477,0.6903623158116927,0.11152139260948069,-0.46074649415551716,0.9845891663594806,0.5561097256857855,0.9547619047619048,840.0
EUR/JPY,binary,7,Ensemble (mean proba),0.5345238095238095,0.24583258430024038,0.038899542423694644,-0.4501249815350692,0.36021881881371715,0.536144578313253,0.9880952380952381,840.0
EUR/JPY,binary,7,Ensemble (weighted train acc),0.5357142857142857,0.23227957059086873,0.0367410216669839,-0.44671622346748885,0.3405975783085229,0.5362318840579711,0.9857142857142858,840.0
EUR/JPY,binary,7,"Logit (statsmodels, PCA)",0.5321428571428571,0.19894380977797269,0.03130634617253669,-0.4424516582328516,0.2938403984226025,0.5301932367149759,0.9857142857142858,840.0
EUR/JPY,binary,7,"Probit (statsmodels, PCA)",0.5321428571428571,0.19097682644336253,0.030142145226444095,-0.4424516582328517,0.28367223219478305,0.5300480769230769,0.9904761904761905,840.0
EUR/JPY,binary,7,"Logistic (sklearn, on global PCA)",0.525,0.15762243134628082,0.024615559177490365,-0.4337915675175875,0.23625870327540013,0.529126213592233,0.9809523809523809,840.0
EUR/JPY,binary,7,Gradient boosting (sklearn),0.5071428571428571,0.10325457690324294,0.016187207634177136,-0.4702405842137686,0.15229759843464918,0.5059808612440191,0.9952380952380953,840.0
EUR/JPY,binary,7,Random forest,0.5238095238095238,-0.34099323608210325,-0.051109834092875284,-0.5236358632458091,-0.49622784228691136,0.5226438188494492,0.9726190476190476,840.0
EUR/JPY,binary,7,XGBoost,0.5083333333333333,-0.5558433994027785,-0.0824772153815142,-0.5122962286887274,-0.8200655081941419,0.5060386473429952,0.9857142857142858,840.0
EUR/JPY,binary,8,Hist gradient boosting,0.5142857142857142,0.12742677866375712,0.02117189254691554,-0.4786447337987966,0.19302829178096065,0.5167464114832536,0.9952380952380953,840.0
EUR/JPY,binary,8,Ensemble (mean proba),0.5321428571428571,-0.13640004821003918,-0.02205390189937717,-0.49894440911064397,-0.20108993443406248,0.5314769975786925,0.9833333333333333,840.0
EUR/JPY,binary,8,"Probit (statsmodels, PCA)",0.525,-0.15683387037811067,-0.025461774296566597,-0.4985586095609611,-0.2310696519185766,0.5256869772998806,0.9964285714285714,840.0
EUR/JPY,binary,8,SVM (RBF),0.530952380952381,-0.21171137045833296,-0.03406440720332038,-0.5003893935911299,-0.3050176530325185,0.532043530834341,0.9845238095238096,840.0
EUR/JPY,binary,8,"Logit (statsmodels, PCA)",0.5226190476190476,-0.2384328416110833,-0.038335244395624524,-0.5078100758788799,-0.3511883321995199,0.5234093637454982,0.9916666666666667,840.0
EUR/JPY,binary,8,MLP neural net,0.5154761904761904,-0.25496764391619786,-0.0400686057781362,-0.5839593508139074,-0.3743330472287954,0.5082592121982211,0.9369047619047619,840.0
EUR/JPY,binary,8,Ensemble (weighted train acc),0.5285714285714286,-0.339335430370773,-0.05413035605132166,-0.5329954442547615,-0.4990292414018554,0.5267639902676399,0.9785714285714285,840.0
EUR/JPY,binary,8,"Logistic (sklearn, on global PCA)",0.5071428571428571,-0.45684585357447693,-0.07216326640125847,-0.5056391375021695,-0.6948023032600321,0.5084134615384616,0.9904761904761905,840.0
EUR/JPY,binary,8,Gradient boosting (sklearn),0.5107142857142857,-0.46676609882211456,-0.07364752182341983,-0.563536240269903,-0.7031166125811635,0.5096153846153846,0.9904761904761905,840.0
EUR/JPY,binary,8,XGBoost,0.49642857142857144,-0.6974074930591613,-0.10797909607443945,-0.5961483413705857,-1.058054343961847,0.4975845410628019,0.9857142857142858,840.0
EUR/JPY,binary,8,Random forest,0.49047619047619045,-1.1608539369412298,-0.17087680074391498,-0.7086194032048061,-1.711193241749377,0.48695652173913045,0.9583333333333334,840.0
EUR/JPY,binary,9,SVM (RBF),0.5357142857142857,0.22232999454548485,0.03896507359100432,-0.5598619173119292,0.31245842370648025,0.5382746051032807,0.9797619047619047,840.0
EUR/JPY,binary,9,MLP neural net,0.5511904761904762,0.041434868056808925,0.007011043900999825,-0.6045521504192758,0.05609392644170309,0.5531914893617021,0.9511904761904761,840.0
EUR/JPY,binary,9,"Logit (statsmodels, PCA)",0.5238095238095238,-0.335561880709717,-0.05625359388642781,-0.5932536152200973,-0.4831362591097348,0.5240384615384616,0.9904761904761905,840.0
EUR/JPY,binary,9,Hist gradient boosting,0.4666666666666667,-0.41726140300652664,-0.06970885040540953,-0.5939229892115232,-0.6390633331285797,0.4677033492822967,0.9952380952380953,840.0
EUR/JPY,binary,9,Ensemble (mean proba),0.4988095238095238,-0.47054793213560175,-0.07802243432720968,-0.5927788116469891,-0.6811380666824012,0.4975845410628019,0.9857142857142858,840.0
EUR/JPY,binary,9,Ensemble (weighted train acc),0.49642857142857144,-0.4751009885854068,-0.07845766923894171,-0.5907467802594436,-0.6863759319951953,0.4957678355501814,0.9845238095238096,840.0
EUR/JPY,binary,9,"Probit (statsmodels, PCA)",0.5178571428571429,-0.5006826411821031,-0.08279989898762974,-0.6076960071628912,-0.7241688982398772,0.5157004830917874,0.9857142857142858,840.0
EUR/JPY,binary,9,"Logistic (sklearn, on global PCA)",0.5083333333333333,-0.515879751241643,-0.08491483154342916,-0.588871089907577,-0.7539621155199903,0.5078597339782346,0.9845238095238096,840.0
EUR/JPY,binary,9,Gradient boosting (sklearn),0.4773809523809524,-0.7315999874123971,-0.11901892677234227,-0.5481771945526941,-1.0754527630778157,0.4785202863961814,0.9976190476190476,840.0
EUR/JPY,binary,9,Random forest,0.47619047619047616,-1.1351020201209385,-0.1768756133521262,-0.7244432827365339,-1.6360568143379683,0.4774665042630938,0.9773809523809524,840.0
EUR/JPY,binary,9,XGBoost,0.4738095238095238,-1.253779259036344,-0.19353575982419635,-0.7075199538988368,-1.8301857468312737,0.47094430992736075,0.9833333333333333,840.0
EUR/JPY,binary,10,"Logistic (sklearn, on global PCA)",0.5214285714285715,0.5716067020834024,0.10841059952798426,-0.5160584990870274,0.8565871128672203,0.5215827338129496,0.9928571428571429,840.0
EUR/JPY,binary,10,"Logit (statsmodels, PCA)",0.5261904761904762,0.4689976279815952,0.08782165959013866,-0.5150192205714929,0.6814719459400834,0.5271411338962606,0.986904761904762,840.0
EUR/JPY,binary,10,Hist gradient boosting,0.5095238095238095,0.42666902721579736,0.079916694192673,-0.46066234967212016,0.6394755306738277,0.5095923261390888,0.9928571428571429,840.0
EUR/JPY,binary,10,"Probit (statsmodels, PCA)",0.5261904761904762,0.4219030383722249,0.07846667201054136,-0.5174183042072191,0.6119276532314533,0.5253012048192771,0.9880952380952381,840.0
EUR/JPY,binary,10,MLP neural net,0.5226190476190476,0.3345388926653816,0.060979537573913944,-0.5894522156931585,0.47814181346327045,0.5244667503136763,0.9488095238095238,840.0
EUR/JPY,binary,10,XGBoost,0.5059523809523809,0.13947466170157735,0.0253723992403172,-0.4999652526988576,0.20986632179396275,0.5060240963855421,0.9880952380952381,840.0
EUR/JPY,binary,10,Gradient boosting (sklearn),0.5226190476190476,0.1272853707388424,0.023151714934083856,-0.5537862997585997,0.18276747006490185,0.5227272727272727,0.9952380952380953,840.0
EUR/JPY,binary,10,Ensemble (mean proba),0.5047619047619047,-0.011988999305063766,-0.0021397967526046724,-0.5891130800011306,-0.017636245921811167,0.5054282267792521,0.986904761904762,840.0
EUR/JPY,binary,10,Ensemble (weighted train acc),0.5035714285714286,-0.04481479120150568,-0.007979513895956858,-0.5897460470362086,-0.06569054793857305,0.5036231884057971,0.9857142857142858,840.0
EUR/JPY,binary,10,SVM (RBF),0.513095238095238,-0.35554758800620284,-0.061674874294646465,-0.6348791939423037,-0.5125220694985478,0.5090689238210399,0.9845238095238096,840.0
EUR/JPY,binary,10,Random forest,0.5011904761904762,-0.40051228641514347,-0.06923559683518565,-0.6450603198424854,-0.5800865658557588,0.49819927971188477,0.9916666666666667,840.0
EUR/JPY,ternary,1,Gradient boosting (sklearn),0.6821428571428572,-0.22225405504803747,-0.008235609902593533,-0.10375070223835181,-0.16389273101442775,0.5,0.22142857142857142,840.0
EUR/JPY,ternary,1,"MNLogit (statsmodels, PCA)",0.7535714285714286,-0.3348711778087275,-0.010989332517399752,-0.0864979457071463,-0.18939937923370892,0.49019607843137253,0.12142857142857143,840.0
EUR/JPY,ternary,1,"Logistic (sklearn, on global PCA)",0.40714285714285714,-0.48164357912998884,-0.02100602159423348,-0.11082822811107707,-0.5022827073429776,0.4725,0.47619047619047616,840.0
EUR/JPY,ternary,1,XGBoost,0.7988095238095239,-0.5012655626015446,-0.010230695447588145,-0.04400891208744395,-0.178029000486031,0.48717948717948717,0.04642857142857143,840.0
EUR/JPY,ternary,1,Hist gradient boosting,0.7476190476190476,-0.5683667756640112,-0.015221768591464402,-0.06283018394359619,-0.32045553876260685,0.4380952380952381,0.125,840.0
EUR/JPY,ternary,1,Ensemble (mean proba),0.8119047619047619,-0.5732499785143894,-0.0085768897183236,-0.042410799592282666,-0.15733137450364937,0.47058823529411764,0.02023809523809524,840.0
EUR/JPY,ternary,1,Ensemble (weighted train acc),0.8107142857142857,-0.6352062191590641,-0.00970189979086844,-0.035034722024010145,-0.16844615194294463,0.4444444444444444,0.02142857142857143,840.0
EUR/JPY,ternary,1,Random forest,0.8321428571428572,,0.0,0.0,,,0.0,840.0
EUR/JPY,ternary,1,MLP neural net,0.8297619047619048,,0.0,0.0,,,0.0,840.0
EUR/JPY,ternary,1,SVM (RBF),0.8321428571428572,,0.0,0.0,,,0.0,840.0
EUR/JPY,ternary,2,Ensemble (mean proba),0.6297619047619047,0.25250370374140885,0.007850654741326846,-0.0770171584527104,0.1133712651358866,0.5316455696202531,0.09404761904761905,840.0
EUR/JPY,ternary,2,XGBoost,0.6261904761904762,0.15167192172531374,0.005677171714282281,-0.09779241374519398,0.10106827500325027,0.504,0.1488095238095238,840.0
EUR/JPY,ternary,2,Random forest,0.6630952380952381,0.09510158956009775,0.0015883887703298516,-0.04584763519961055,0.02897184582677342,0.48,0.02976190476190476,840.0
EUR/JPY,ternary,2,Ensemble (weighted train acc),0.6333333333333333,0.08667104417786728,0.002680316313902642,-0.06257307562253189,0.04196187182455651,0.5185185185185185,0.09642857142857143,840.0
EUR/JPY,ternary,2,Gradient boosting (sklearn),0.5369047619047619,-0.18990264170362023,-0.010688237794003297,-0.1608973053140268,-0.15807345316394114,0.5018450184501845,0.32261904761904764,840.0
EUR/JPY,ternary,2,Hist gradient boosting,0.555952380952381,-0.2482385162911527,-0.012356890565902834,-0.15956409373718639,-0.19196416486192727,0.49137931034482757,0.2761904761904762,840.0
EUR/JPY,ternary,2,"Logistic (sklearn, on global PCA)",0.4226190476190476,-0.4924515704911586,-0.030789987826783216,-0.22263317344988331,-0.4763929807829721,0.46944444444444444,0.42857142857142855,840.0
EUR/JPY,ternary,2,"MNLogit (statsmodels, PCA)",0.6011904761904762,-0.6940877277542176,-0.02885202784231078,-0.18120036949306195,-0.4082204197203895,0.4316546762589928,0.16547619047619047,840.0
EUR/JPY,ternary,2,MLP neural net,0.6869047619047619,,0.0,0.0,,,0.0,840.0
EUR/JPY,ternary,2,SVM (RBF),0.6869047619047619,,0.0,0.0,,,0.0,840.0
EUR/JPY,ternary,3,Hist gradient boosting,0.4869047619047619,1.0050657663689126,0.07149664857391391,-0.13961212171979454,0.987000434645665,0.5424836601307189,0.36428571428571427,840.0
EUR/JPY,ternary,3,SVM (RBF),0.5761904761904761,0.9428019657261663,0.006083725987668931,0.0,,1.0,0.0035714285714285713,840.0
EUR/JPY,ternary,3,XGBoost,0.5,0.403322868666065,0.023097569134782336,-0.14270328458329784,0.30845888850409847,0.5094339622641509,0.2523809523809524,840.0
EUR/JPY,ternary,3,Gradient boosting (sklearn),0.4083333333333333,0.04707055880420692,0.0034793431476054515,-0.21611590163257766,0.048254108648937366,0.4934725848563969,0.45595238095238094,840.0
EUR/JPY,ternary,3,"Logistic (sklearn, on global PCA)",0.3547619047619048,-0.0686391474458762,-0.005462912815716758,-0.24449773873987302,-0.06586201206799701,0.5161290322580645,0.44285714285714284,840.0
EUR/JPY,ternary,3,Random forest,0.5428571428571428,-0.13494130851687644,-0.004691459323461711,-0.11275279844913866,-0.05599865758718058,0.44776119402985076,0.07976190476190476,840.0
EUR/JPY,ternary,3,"MNLogit (statsmodels, PCA)",0.513095238095238,-0.2671822899932105,-0.017725817553258305,-0.25677270702125077,-0.18064915288365885,0.4948453608247423,0.23095238095238096,840.0
EUR/JPY,ternary,3,Ensemble (weighted train acc),0.5071428571428571,-0.4906410269526186,-0.02461736137273185,-0.18205152473698683,-0.33718192131680497,0.4625,0.19047619047619047,840.0
EUR/JPY,ternary,3,Ensemble (mean proba),0.5166666666666667,-0.6108046755062226,-0.03219494080586349,-0.21924034281869542,-0.39532363167288187,0.47058823529411764,0.18214285714285713,840.0
EUR/JPY,ternary,3,MLP neural net,0.580952380952381,-0.748050422797167,-0.0038532706303172626,-0.01283058070501697,-0.09868940420729674,0.0,0.002380952380952381,840.0
EUR/JPY,ternary,4,"Logistic (sklearn, on global PCA)",0.3404761904761905,-0.3590873801789951,-0.03329793298269379,-0.3059875072321291,-0.35010984145278723,0.4961038961038961,0.4583333333333333,840.0
EUR/JPY,ternary,4,Gradient boosting (sklearn),0.4119047619047619,-0.4892995928764562,-0.042261791573866114,-0.26930442834902435,-0.43935109168649633,0.5069252077562327,0.4297619047619048,840.0
EUR/JPY,ternary,4,MLP neural net,0.48333333333333334,-0.5025915181606507,-0.021170070383733197,-0.14256769791695023,-0.13333400216930816,0.45161290322580644,0.036904761904761905,840.0
EUR/JPY,ternary,4,SVM (RBF),0.4595238095238095,-0.6208380899578421,-0.028198614779535447,-0.18438073500854424,-0.20566118928538335,0.49230769230769234,0.07738095238095238,840.0
EUR/JPY,ternary,4,Ensemble (weighted train acc),0.4154761904761905,-0.9591251736130578,-0.07155989171182287,-0.3015209696502238,-0.6752622219001773,0.4594594594594595,0.2642857142857143,840.0
EUR/JPY,ternary,4,"MNLogit (statsmodels, PCA)",0.42738095238095236,-0.9970132292703834,-0.0807188226582346,-0.3052130234806055,-0.8064255547770955,0.4627450980392157,0.30357142857142855,840.0
EUR/JPY,ternary,4,XGBoost,0.4095238095238095,-1.000028872480974,-0.08044593162065072,-0.3235767150187846,-0.8063016533662924,0.4778156996587031,0.3488095238095238,840.0
EUR/JPY,ternary,4,Ensemble (mean proba),0.42142857142857143,-1.035510396101246,-0.07539888222173152,-0.30572629013631814,-0.7075196363739653,0.4567307692307692,0.24761904761904763,840.0
EUR/JPY,ternary,4,Hist gradient boosting,0.38333333333333336,-1.4885685394159212,-0.12781869721679395,-0.40029345425261387,-1.4295664917348978,0.4381443298969072,0.46190476190476193,840.0
EUR/JPY,ternary,4,Random forest,0.4666666666666667,-1.5859982273315438,-0.0940167565973824,-0.34675411423703595,-0.759704756339195,0.41346153846153844,0.12380952380952381,840.0
EUR/JPY,ternary,5,Gradient boosting (sklearn),0.3773809523809524,-0.10795109851299009,-0.011233859490988318,-0.36621753867087403,-0.1042216408858786,0.5407925407925408,0.5107142857142857,840.0
EUR/JPY,ternary,5,XGBoost,0.40714285714285714,-0.32842364748918434,-0.031151743624375672,-0.3830484049053392,-0.2888557622816786,0.5076923076923077,0.3869047619047619,840.0
EUR/JPY,ternary,5,Hist gradient boosting,0.38452380952380955,-0.45702400945903027,-0.0476464918213112,-0.39412331958808333,-0.46640433968439193,0.4937655860349127,0.4773809523809524,840.0
EUR/JPY,ternary,5,MLP neural net,0.44642857142857145,-0.5829021424358092,-0.039507668272858676,-0.3072878492138047,-0.2689210925190615,0.5048543689320388,0.12261904761904761,840.0
EUR/JPY,ternary,5,Ensemble (weighted train acc),0.40595238095238095,-0.6849343952133514,-0.06208622310154588,-0.38856079554674516,-0.5540914012399636,0.4981684981684982,0.325,840.0
EUR/JPY,ternary,5,"MNLogit (statsmodels, PCA)",0.375,-0.7512607718747224,-0.0729555845999762,-0.36605816475706343,-0.6882928863829509,0.47875354107648727,0.42023809523809524,840.0
EUR/JPY,ternary,5,SVM (RBF),0.4083333333333333,-0.7648813984857111,-0.049473740011740874,-0.31571373202513786,-0.38502121113361865,0.5352112676056338,0.16904761904761906,840.0
EUR/JPY,ternary,5,"Logistic (sklearn, on global PCA)",0.3392857142857143,-0.8049535213158124,-0.08128894558266053,-0.44294286080264245,-0.802394366877382,0.4794188861985472,0.49166666666666664,840.0
EUR/JPY,ternary,5,Ensemble (mean proba),0.4035714285714286,-0.8275437121846146,-0.07368298492262604,-0.3885607955467453,-0.655619541314579,0.4810606060606061,0.3142857142857143,840.0
EUR/JPY,ternary,5,Random forest,0.4166666666666667,-0.9232079115922746,-0.06748310024708581,-0.38732619481135033,-0.5354685594918244,0.4759036144578313,0.1976190476190476,840.0
EUR/JPY,ternary,6,MLP neural net,0.40476190476190477,0.846840538955866,0.06214065206317376,-0.20293056787158825,0.42397967303900536,0.5808823529411765,0.1619047619047619,840.0
EUR/JPY,ternary,6,Gradient boosting (sklearn),0.3630952380952381,0.7046858864880368,0.07768192354443171,-0.35295069153264325,0.7400574350562331,0.5271493212669683,0.5261904761904762,840.0
EUR/JPY,ternary,6,Hist gradient boosting,0.36428571428571427,0.2512427055863675,0.030023240908932713,-0.4088214792312448,0.2720782793255423,0.5126050420168067,0.5666666666666667,840.0
EUR/JPY,ternary,6,XGBoost,0.36904761904761907,0.20128880526704354,0.022746438342676978,-0.447703824246627,0.19753079856387065,0.5073170731707317,0.4880952380952381,840.0
EUR/JPY,ternary,6,Ensemble (weighted train acc),0.3726190476190476,-0.16461119970170388,-0.017416408603652345,-0.4218439132149977,-0.14955718949531555,0.4905149051490515,0.4392857142857143,840.0
EUR/JPY,ternary,6,Ensemble (mean proba),0.3738095238095238,-0.3785081551370063,-0.03876863190879776,-0.4124249277100335,-0.3360513927254047,0.4797687861271676,0.4119047619047619,840.0
EUR/JPY,ternary,6,"MNLogit (statsmodels, PCA)",0.33214285714285713,-0.45876159454135457,-0.04873812685021739,-0.408653810023866,-0.44599542151581606,0.49160671462829736,0.49642857142857144,840.0
EUR/JPY,ternary,6,"Logistic (sklearn, on global PCA)",0.3488095238095238,-0.540919189312495,-0.0611004740275054,-0.404220929572884,-0.5797234936452144,0.4799154334038055,0.5630952380952381,840.0
EUR/JPY,ternary,6,Random forest,0.38333333333333336,-0.5831228763953195,-0.045538321758657574,-0.38760746488884223,-0.34511069509877806,0.5111111111111111,0.21428571428571427,840.0
EUR/JPY,ternary,6,SVM (RBF),0.36666666666666664,-0.9846707550756023,-0.07185700725151323,-0.33077331047549785,-0.579430429131974,0.5125628140703518,0.2369047619047619,840.0
EUR/JPY,ternary,7,MLP neural net,0.39404761904761904,-0.16571032892811252,-0.014498197891493203,-0.3843730917319246,-0.10483664644980943,0.5531914893617021,0.22380952380952382,840.0
EUR/JPY,ternary,7,"MNLogit (statsmodels, PCA)",0.3238095238095238,-0.45913282266221916,-0.05310046243831179,-0.4456866128871143,-0.47517133833035513,0.5170212765957447,0.5595238095238095,840.0
EUR/JPY,ternary,7,XGBoost,0.3523809523809524,-0.5487964114413815,-0.05941692142102639,-0.4679390768591195,-0.5239013996856887,0.5116883116883116,0.4583333333333333,840.0
EUR/JPY,ternary,7,Gradient boosting (sklearn),0.3547619047619048,-0.5898679319877504,-0.066251976806873,-0.5129955734879678,-0.5684489967877832,0.5194174757281553,0.49047619047619045,840.0
EUR/JPY,ternary,7,SVM (RBF),0.3273809523809524,-0.7342026057779641,-0.0683736859618399,-0.3644199649602923,-0.5464973878470261,0.5519713261648745,0.33214285714285713,840.0
EUR/JPY,ternary,7,"Logistic (sklearn, on global PCA)",0.3119047619047619,-0.8671480415833722,-0.09908109291416345,-0.4589783285957545,-0.9280147150654491,0.5020161290322581,0.5904761904761905,840.0
EUR/JPY,ternary,7,Hist gradient boosting,0.3273809523809524,-0.9090480211621759,-0.10140361677713872,-0.5100619137669213,-0.900156769278109,0.5070754716981132,0.5047619047619047,840.0
EUR/JPY,ternary,7,Random forest,0.33095238095238094,-0.9610882323936513,-0.08724289181657863,-0.4708626764332746,-0.6940856990334872,0.5062761506276151,0.2845238095238095,840.0
EUR/JPY,ternary,7,Ensemble (mean proba),0.32976190476190476,-0.9716164657445482,-0.10148967651801621,-0.46926588665979263,-0.892033199247585,0.5,0.41904761904761906,840.0
EUR/JPY,ternary,7,Ensemble (weighted train acc),0.3345238095238095,-1.183108458399625,-0.12182941972769967,-0.5007554191361059,-1.0713937360346313,0.4943181818181818,0.41904761904761906,840.0
EUR/JPY,ternary,8,Gradient boosting (sklearn),0.3547619047619048,0.5273190412820308,0.06913599695744721,-0.37273396430025085,0.5638068069648958,0.5497076023391813,0.6107142857142858,840.0
EUR/JPY,ternary,8,Hist gradient boosting,0.3488095238095238,0.4700327454941887,0.06497231384260282,-0.45692797921241124,0.5428370441985255,0.5515370705244123,0.6583333333333333,840.0
EUR/JPY,ternary,8,Ensemble (weighted train acc),0.3595238095238095,0.06435299911486417,0.00797900717957356,-0.46975239414589254,0.06570960512242074,0.5413870246085011,0.5321428571428571,840.0
EUR/JPY,ternary,8,Ensemble (mean proba),0.35595238095238096,0.009932169812851435,0.001225086297159672,-0.4697523941458923,0.01015791696872032,0.5379464285714286,0.5333333333333333,840.0
EUR/JPY,ternary,8,"Logistic (sklearn, on global PCA)",0.3535714285714286,-0.08656768882781345,-0.011440209528499223,-0.4973822952954614,-0.09819215134880453,0.5375939849624061,0.6333333333333333,840.0
EUR/JPY,ternary,8,"MNLogit (statsmodels, PCA)",0.3535714285714286,-0.2694817990980193,-0.035500061905970104,-0.500325284478085,-0.30579955996908953,0.5327102803738317,0.6369047619047619,840.0
EUR/JPY,ternary,8,XGBoost,0.33095238095238094,-0.2913908198006815,-0.03640193643235101,-0.4700803725717051,-0.32341296530918534,0.5059523809523809,0.6,840.0
EUR/JPY,ternary,8,Random forest,0.325,-0.3365742923771011,-0.03523426881774516,-0.4270682951491881,-0.27016280788269376,0.5266666666666666,0.35714285714285715,840.0
EUR/JPY,ternary,8,MLP neural net,0.35833333333333334,-0.33759771363755076,-0.03424016388263118,-0.44370865347816446,-0.2560749296464317,0.5354330708661418,0.30238095238095236,840.0
EUR/JPY,ternary,8,SVM (RBF),0.3476190476190476,-0.47997654346005225,-0.049728929279744594,-0.4260834310794559,-0.3822843489364074,0.5565476190476191,0.4,840.0
EUR/JPY,ternary,9,Hist gradient boosting,0.34285714285714286,0.6528792675511671,0.0954092360697798,-0.306701108234152,0.8041050346822249,0.5245009074410163,0.655952380952381,840.0
EUR/JPY,ternary,9,"Logistic (sklearn, on global PCA)",0.36428571428571427,0.628870344766797,0.09733218018574763,-0.4824464611072732,0.7502916977624849,0.5407279029462738,0.6869047619047619,840.0
EUR/JPY,ternary,9,"MNLogit (statsmodels, PCA)",0.3464285714285714,0.6187909757157051,0.09389642513412344,-0.4824464611072732,0.7071434628869125,0.551094890510949,0.6523809523809524,840.0
EUR/JPY,ternary,9,Ensemble (mean proba),0.36428571428571427,0.19488190584117776,0.02632024396040822,-0.4811249379089044,0.19570110885168748,0.5228310502283106,0.5214285714285715,840.0
EUR/JPY,ternary,9,Ensemble (weighted train acc),0.36428571428571427,0.09735074291520435,0.013040610693513255,-0.4885851785759472,0.0974086375984026,0.5180995475113123,0.5261904761904762,840.0
EUR/JPY,ternary,9,SVM (RBF),0.3607142857142857,0.06307117874096009,0.007634786817485084,-0.4238915812912095,0.052898867824048915,0.5677966101694916,0.42142857142857143,840.0
EUR/JPY,ternary,9,Gradient boosting (sklearn),0.34523809523809523,0.014559548913334695,0.0020689018287054495,-0.4885290381977302,0.016255808560646234,0.5092936802973977,0.6404761904761904,840.0
EUR/JPY,ternary,9,XGBoost,0.35,-0.08971368466619493,-0.012304395585750805,-0.4742057635868385,-0.10173461311302999,0.48884381338742394,0.5869047619047619,840.0
EUR/JPY,ternary,9,Random forest,0.3547619047619048,-0.1617259634720952,-0.01866667389437171,-0.374178689296474,-0.13949011362209343,0.5125,0.38095238095238093,840.0
EUR/JPY,ternary,9,MLP neural net,0.33095238095238094,-0.9433322991627832,-0.08659464287328444,-0.5473367204681869,-0.5487027445908462,0.5132275132275133,0.225,840.0
EUR/JPY,ternary,10,"MNLogit (statsmodels, PCA)",0.36428571428571427,0.7372239710972743,0.11970489543950791,-0.5232977929086439,0.863943818344277,0.5436720142602496,0.6678571428571428,840.0
EUR/JPY,ternary,10,SVM (RBF),0.36428571428571427,0.7120139492337781,0.10469043184091054,-0.5012290433361828,0.6773874251669146,0.5714285714285714,0.5,840.0
EUR/JPY,ternary,10,MLP neural net,0.39166666666666666,0.5804118546258629,0.04284428659182837,-0.32664514840522896,0.43975579244845775,0.5546875,0.1523809523809524,840.0
EUR/JPY,ternary,10,"Logistic (sklearn, on global PCA)",0.3773809523809524,0.4234892624264146,0.06615629748572971,-0.5164786455600474,0.4892887475917426,0.5324909747292419,0.6595238095238095,840.0
EUR/JPY,ternary,10,Gradient boosting (sklearn),0.37857142857142856,0.3268626466148241,0.05276333938477151,-0.5946638099799653,0.3901952271268252,0.5359477124183006,0.7285714285714285,840.0
EUR/JPY,ternary,10,Ensemble (weighted train acc),0.3726190476190476,-0.058766069127273,-0.008701193288883746,-0.5811019738257506,-0.06546313946590587,0.5132382892057027,0.5845238095238096,840.0
EUR/JPY,ternary,10,Ensemble (mean proba),0.3738095238095238,-0.06328256975923746,-0.009374575100709936,-0.5925393021373468,-0.06996673633920793,0.515274949083503,0.5845238095238096,840.0
EUR/JPY,ternary,10,Random forest,0.3678571428571429,-0.1106350801620331,-0.014733606570524804,-0.4924131222327154,-0.10212280607780742,0.5163043478260869,0.4380952380952381,840.0
EUR/JPY,ternary,10,Hist gradient boosting,0.39285714285714285,-0.15955922935412223,-0.025502828554570867,-0.6000176844747636,-0.19823936671980552,0.500875656742557,0.6797619047619048,840.0
EUR/JPY,ternary,10,XGBoost,0.3726190476190476,-0.7507869834836775,-0.10865925467935211,-0.6290237908532226,-0.8789890279694129,0.4772727272727273,0.6285714285714286,840.0
EUR/GBP,binary,1,XGBoost,0.4928571428571429,0.3419618807675055,0.022899214800823353,-0.07481915243686954,0.4877128210629003,0.49271844660194175,0.9809523809523809,840.0
EUR/GBP,binary,1,"Logistic (sklearn, on global PCA)",0.5166666666666667,0.33249545611116355,0.022288203671260387,-0.09270393181818026,0.43639814739640465,0.5153751537515375,0.9678571428571429,840.0
EUR/GBP,binary,1,Random forest,0.48928571428571427,0.3224765066276637,0.021173853137982146,-0.14721084938454787,0.45084754363959423,0.49563046192259674,0.9535714285714286,840.0
EUR/GBP,binary,1,"Logit (statsmodels, PCA)",0.5154761904761904,-0.04032605309596764,-0.0026385650404420202,-0.12871009103943476,-0.05204200011787477,0.5110565110565111,0.969047619047619,840.0
EUR/GBP,binary,1,"Probit (statsmodels, PCA)",0.5154761904761904,-0.04202336423524541,-0.002748284899190878,-0.12871009103943476,-0.054144969174636924,0.5110837438423645,0.9666666666666667,840.0
EUR/GBP,binary,1,MLP neural net,0.4976190476190476,-0.21612872292481547,-0.013565180447375536,-0.17618607303338107,-0.28029192195164293,0.4919786096256685,0.8904761904761904,840.0
EUR/GBP,binary,1,Ensemble (mean proba),0.4928571428571429,-0.2718867619589495,-0.017600342883497655,-0.18261592042591612,-0.3686431557093595,0.49257425742574257,0.9619047619047619,840.0
EUR/GBP,binary,1,Hist gradient boosting,0.4869047619047619,-0.3508239717948819,-0.023061807087574215,-0.16282499017173346,-0.4696174079965003,0.4892086330935252,0.9928571428571429,840.0
EUR/GBP,binary,1,Ensemble (weighted train acc),0.4869047619047619,-0.39249405055885106,-0.02565047251330621,-0.1826159204259168,-0.5387000695692011,0.48721071863581,0.9773809523809524,840.0
EUR/GBP,binary,1,Gradient boosting (sklearn),0.49642857142857144,-0.3982225875566588,-0.026061345098233102,-0.20463635153342385,-0.5382443857564336,0.49399038461538464,0.9904761904761905,840.0
EUR/GBP,binary,1,SVM (RBF),0.49166666666666664,-0.7323667484125255,-0.043688335086654595,-0.1606670337238465,-0.9060479061101206,0.4956268221574344,0.8166666666666667,840.0
EUR/GBP,binary,2,Hist gradient boosting,0.5226190476190476,0.9455574279249863,0.09352759961585866,-0.13933912421749506,1.385271667680011,0.5227817745803357,0.9928571428571429,840.0
EUR/GBP,binary,2,XGBoost,0.5154761904761904,0.9315818777320823,0.09165290256241976,-0.10282272800293524,1.400796710741713,0.5169082125603864,0.9857142857142858,840.0
EUR/GBP,binary,2,Gradient boosting (sklearn),0.5178571428571429,0.5082302875606881,0.04918466591279125,-0.250975863960169,0.6751591663984676,0.5167865707434053,0.9928571428571429,840.0
EUR/GBP,binary,2,Ensemble (weighted train acc),0.5119047619047619,0.4838468963096667,0.04633758261571841,-0.1876834557693552,0.6929982216044311,0.5097087378640777,0.9809523809523809,840.0
EUR/GBP,binary,2,Ensemble (mean proba),0.5047619047619047,0.46625493847965105,0.0447630714140872,-0.19316642889175162,0.6728043456227821,0.5048309178743962,0.9857142857142858,840.0
EUR/GBP,binary,2,"Probit (statsmodels, PCA)",0.48928571428571427,0.3337092402897656,0.03186244293685614,-0.1305228908686188,0.4946411755868186,0.4884004884004884,0.975,840.0
EUR/GBP,binary,2,"Logit (statsmodels, PCA)",0.4880952380952381,0.299711150831328,0.02859119954292688,-0.13087827379331118,0.4447292467594955,0.48588957055214727,0.9702380952380952,840.0
EUR/GBP,binary,2,"Logistic (sklearn, on global PCA)",0.49166666666666664,0.23741720363696642,0.022362432758347817,-0.15715886127533996,0.34912956909731513,0.48902439024390243,0.9761904761904762,840.0
EUR/GBP,binary,2,SVM (RBF),0.49642857142857144,0.08625286541034173,0.008031488573884582,-0.2288232687482361,0.12142953541617552,0.4911392405063291,0.9404761904761905,840.0
EUR/GBP,binary,2,Random forest,0.4976190476190476,0.0739327440179263,0.00686129531767099,-0.28671707517477407,0.10691003291063682,0.4975369458128079,0.9666666666666667,840.0
EUR/GBP,binary,2,MLP neural net,0.48214285714285715,-0.20037887030494406,-0.01804019732005613,-0.20459428755121356,-0.28887244328132883,0.48382923673997413,0.9202380952380952,840.0
EUR/GBP,binary,3,Hist gradient boosting,0.5214285714285715,0.8929599587243058,0.10669713914484102,-0.26987221115376736,1.2817201990646898,0.5198079231692677,0.9916666666666667,840.0
EUR/GBP,binary,3,Gradient boosting (sklearn),0.5369047619047619,0.8002244505302366,0.09558565260383522,-0.3255672955227624,1.143241278534924,0.5337349397590362,0.9880952380952381,840.0
EUR/GBP,binary,3,SVM (RBF),0.49642857142857144,0.6020640854987116,0.06984160182878973,-0.24686834324594886,0.9172486671858437,0.498159509202454,0.9702380952380952,840.0
EUR/GBP,binary,3,"Logistic (sklearn, on global PCA)",0.49642857142857144,0.5441069876431788,0.06368100608476346,-0.2866281480935432,0.8059190892928771,0.5,0.9714285714285714,840.0
EUR/GBP,binary,3,"Probit (statsmodels, PCA)",0.48928571428571427,0.45269063282816313,0.052373413615373066,-0.2743616485954412,0.6691304809806659,0.49264705882352944,0.9714285714285714,840.0
EUR/GBP,binary,3,"Logit (statsmodels, PCA)",0.49404761904761907,0.4370235985157439,0.050509899797391844,-0.27466500911024383,0.6468758007665857,0.4951219512195122,0.9761904761904762,840.0
EUR/GBP,binary,3,Random forest,0.5178571428571429,0.3339645895170513,0.03841771953795359,-0.4092713620241495,0.4457948028700951,0.5190184049079755,0.9702380952380952,840.0
EUR/GBP,binary,3,XGBoost,0.5190476190476191,0.2831447300652016,0.03281233878301615,-0.4134673056749688,0.3826697387876599,0.5186522262334536,0.9892857142857143,840.0
EUR/GBP,binary,3,Ensemble (weighted train acc),0.5142857142857142,0.2331904069199802,0.026599129033096025,-0.37117735979598254,0.3158413250383917,0.5110294117647058,0.9714285714285714,840.0
EUR/GBP,binary,3,Ensemble (mean proba),0.5107142857142857,0.23308457194346524,0.02671195611084265,-0.3582728536138686,0.31995647537514676,0.513317191283293,0.9833333333333333,840.0
EUR/GBP,binary,3,MLP neural net,0.4988095238095238,-0.5230038449196152,-0.056586422100219136,-0.4285890856889112,-0.6504150083130988,0.5025575447570333,0.930952380952381,840.0
EUR/GBP,binary,4,Hist gradient boosting,0.5107142857142857,0.8145843249058372,0.11140458900772177,-0.31237486597522557,1.1857994702370662,0.5108173076923077,0.9904761904761905,840.0
EUR/GBP,binary,4,"Logistic (sklearn, on global PCA)",0.5166666666666667,0.7227594846253604,0.09798364626680689,-0.35062932307357964,1.0943950073574593,0.5145985401459854,0.9785714285714285,840.0
EUR/GBP,binary,4,"Probit (statsmodels, PCA)",0.5,0.5355682530933381,0.07192420557094459,-0.3438482018218978,0.8097513437894933,0.5036319612590799,0.9833333333333333,840.0
EUR/GBP,binary,4,"Logit (statsmodels, PCA)",0.5035714285714286,0.5040826536347152,0.06749215055694857,-0.34509343013231353,0.7607116218348383,0.5024330900243309,0.9785714285714285,840.0
EUR/GBP,binary,4,Ensemble (weighted train acc),0.5023809523809524,0.34369108709340845,0.04561403309963308,-0.34669431100518555,0.5057813327289464,0.49939540507859737,0.9845238095238096,840.0
EUR/GBP,binary,4,Ensemble (mean proba),0.49523809523809526,0.24850007150477355,0.03280544348576342,-0.3459422489114736,0.36478267772422096,0.4981684981684982,0.975,840.0
EUR/GBP,binary,4,XGBoost,0.4988095238095238,0.14716226987628694,0.01917904481570165,-0.398638449290424,0.2041990073483419,0.49939686369119424,0.986904761904762,840.0
EUR/GBP,binary,4,Gradient boosting (sklearn),0.4857142857142857,0.08176681347427665,0.010661449158906544,-0.35316393316660843,0.12200411723415229,0.4844124700239808,0.9928571428571429,840.0
EUR/GBP,binary,4,SVM (RBF),0.49047619047619045,-0.1619558258536862,-0.018357448426093437,-0.3775000560601216,-0.2388721865183155,0.4866920152091255,0.9392857142857143,840.0
EUR/GBP,binary,4,Random forest,0.4928571428571429,-0.19741549754519755,-0.024786859915086668,-0.36234191684352823,-0.2743572119583581,0.49142156862745096,0.9714285714285714,840.0
EUR/GBP,binary,4,MLP neural net,0.5,-0.23351737890463622,-0.029369167301736,-0.39234347330006514,-0.32162880829379276,0.49937421777221525,0.9511904761904761,840.0
EUR/GBP,binary,5,"Probit (statsmodels, PCA)",0.5297619047619048,0.32176325613352136,0.048290425810335824,-0.39888674383751443,0.43910005216339026,0.5291970802919708,0.9785714285714285,840.0
EUR/GBP,binary,5,Hist gradient boosting,0.5142857142857142,0.23749190924245064,0.03549091266945337,-0.4350408743402673,0.3425754139607107,0.5126964933494559,0.9845238095238096,840.0
EUR/GBP,binary,5,"Logit (statsmodels, PCA)",0.5238095238095238,0.17112960344571893,0.025454648732501584,-0.4043783344731242,0.23442105345967273,0.5224787363304981,0.9797619047619047,840.0
EUR/GBP,binary,5,XGBoost,0.5321428571428571,0.13616633802133055,0.02028066691472863,-0.429954735455206,0.18006618200646268,0.5336538461538461,0.9904761904761905,840.0
EUR/GBP,binary,5,MLP neural net,0.49404761904761907,0.04759432947314324,0.00674519157524367,-0.3527094969834118,0.07441630046319632,0.4935897435897436,0.9285714285714286,840.0
EUR/GBP,binary,5,Random forest,0.5214285714285715,0.023319483226677408,0.003406949264209924,-0.4068056106497727,0.03196379839793226,0.5225334957369062,0.9773809523809524,840.0
EUR/GBP,binary,5,"Logistic (sklearn, on global PCA)",0.5083333333333333,-0.011193603633239178,-0.0016363529389052944,-0.418778480809607,-0.015474197308264541,0.5091130012150669,0.9797619047619047,840.0
EUR/GBP,binary,5,Ensemble (weighted train acc),0.513095238095238,-0.07024663997685321,-0.010262480890104841,-0.41755191251881496,-0.09622733183791,0.51338199513382,0.9785714285714285,840.0
EUR/GBP,binary,5,Ensemble (mean proba),0.5107142857142857,-0.08635133764120297,-0.012598911732131013,-0.42358198525087143,-0.11809528540181982,0.51278928136419,0.9773809523809524,840.0
EUR/GBP,binary,5,Gradient boosting (sklearn),0.49523809523809526,-0.41391083600544326,-0.05911433393490295,-0.45039215240414643,-0.5588736425638172,0.49759615384615385,0.9904761904761905,840.0
EUR/GBP,binary,5,SVM (RBF),0.4988095238095238,-0.77337839501305,-0.10739283875703987,-0.5972059158843985,-1.0125990390875548,0.49878934624697335,0.9833333333333333,840.0
EUR/GBP,binary,6,Hist gradient boosting,0.5202380952380953,0.6874310521766571,0.11809331154369196,-0.45710326032828574,0.9545956441138554,0.5191387559808612,0.9952380952380953,840.0
EUR/GBP,binary,6,XGBoost,0.5178571428571429,0.6597221078203207,0.11262902304336309,-0.45192594843979994,0.9481267382249228,0.517406962785114,0.9916666666666667,840.0
EUR/GBP,binary,6,Ensemble (weighted train acc),0.5119047619047619,0.46014055858069863,0.07715678432589246,-0.43460870041138533,0.6652099105362168,0.5120772946859904,0.9857142857142858,840.0
EUR/GBP,binary,6,Gradient boosting (sklearn),0.5059523809523809,0.4539259380739758,0.07624196869103983,-0.3824477816629267,0.7332312415065453,0.5053892215568863,0.9940476190476191,840.0
EUR/GBP,binary,6,Ensemble (mean proba),0.5142857142857142,0.44559063321216313,0.07394370387444549,-0.4246995055664211,0.6369959404220952,0.5139393939393939,0.9821428571428571,840.0
EUR/GBP,binary,6,"Logistic (sklearn, on global PCA)",0.5107142857142857,0.35435480076915565,0.059169470770761734,-0.43259324162517343,0.48241527159006814,0.5090470446320868,0.986904761904762,840.0
EUR/GBP,binary,6,MLP neural net,0.48928571428571427,0.3245651651688753,0.05151324080057629,-0.47948752668184624,0.5182016082933195,0.48717948717948717,0.9285714285714286,840.0
EUR/GBP,binary,6,"Logit (statsmodels, PCA)",0.5083333333333333,0.20921377087801593,0.03422930477076336,-0.49509036461860567,0.27922801535417924,0.51145958986731,0.986904761904762,840.0
EUR/GBP,binary,6,"Probit (statsmodels, PCA)",0.5071428571428571,0.10303430600696488,0.016764735412721832,-0.5003302954550419,0.13723831404450115,0.5096618357487923,0.9857142857142858,840.0
EUR/GBP,binary,6,SVM (RBF),0.5023809523809524,-0.0744797092290752,-0.011969535958451183,-0.4823451861124005,-0.11040871216363578,0.5006075334143378,0.9797619047619047,840.0
EUR/GBP,binary,6,Random forest,0.5059523809523809,-0.15986929178802217,-0.02489921131793149,-0.5105978868030687,-0.2178282117225328,0.5054811205846529,0.9773809523809524,840.0
EUR/GBP,binary,7,"Logistic (sklearn, on global PCA)",0.5095238095238095,1.0101817574112704,0.19297269027319097,-0.3926847410137545,1.5588005095003181,0.5084337349397591,0.9880952380952381,840.0
EUR/GBP,binary,7,"Logit (statsmodels, PCA)",0.5107142857142857,0.8156962383705512,0.1537854057127277,-0.4380089888462426,1.2240882621232518,0.5126964933494559,0.9845238095238096,840.0
EUR/GBP,binary,7,Ensemble (mean proba),0.5023809523809524,0.7375178735845062,0.13924226293239905,-0.39180008409212486,1.1566393380257871,0.5024213075060533,0.9833333333333333,840.0
EUR/GBP,binary,7,Ensemble (weighted train acc),0.5011904761904762,0.7251845285073257,0.1368270063174064,-0.3905005116222364,1.1440516391177349,0.5006002400960384,0.9916666666666667,840.0
EUR/GBP,binary,7,SVM (RBF),0.5202380952380953,0.639592880602834,0.11988045144580606,-0.4856331830196836,0.9411369272219295,0.5247285886610374,0.986904761904762,840.0
EUR/GBP,binary,7,MLP neural net,0.5059523809523809,0.624509752016729,0.11405222296063244,-0.4178843060002404,0.9860569978276745,0.5050890585241731,0.9357142857142857,840.0
EUR/GBP,binary,7,"Probit (statsmodels, PCA)",0.5071428571428571,0.592825034774761,0.11054149900427568,-0.4386929284343256,0.884460587540357,0.5066026410564226,0.9916666666666667,840.0
EUR/GBP,binary,7,Hist gradient boosting,0.5166666666666667,0.41823017196663087,0.07687177434904457,-0.44194333214972215,0.6444452841104197,0.5137724550898204,0.9940476190476191,840.0
EUR/GBP,binary,7,Gradient boosting (sklearn),0.5190476190476191,0.3070472996509934,0.05555844581854963,-0.4682688404426776,0.4496926376134797,0.5180288461538461,0.9904761904761905,840.0
EUR/GBP,binary,7,XGBoost,0.4928571428571429,0.013132429968436627,0.00233067996268832,-0.5138524846892608,0.018943274397449136,0.4934131736526946,0.9940476190476191,840.0
EUR/GBP,binary,7,Random forest,0.48333333333333334,-0.15253598982820477,-0.02595217872878086,-0.5155228461842665,-0.21979167354757087,0.4829683698296837,0.9785714285714285,840.0
EUR/GBP,binary,8,MLP neural net,0.525,1.1594682997383663,0.23620705854748536,-0.4639490644175951,1.7687326304582518,0.5319426336375489,0.9130952380952381,840.0
EUR/GBP,binary,8,SVM (RBF),0.5452380952380952,1.0821288880221787,0.22734358104987495,-0.45134276666060835,1.5573781325552323,0.5432399512789281,0.9773809523809524,840.0
EUR/GBP,binary,8,"Logistic (sklearn, on global PCA)",0.5,0.6209105616754417,0.12543094800456545,-0.4107793454700208,0.889197215942129,0.4981949458483754,0.9892857142857143,840.0
EUR/GBP,binary,8,"Probit (statsmodels, PCA)",0.5011904761904762,0.40594392677378544,0.08033868397097277,-0.47220115316925504,0.5778831598258827,0.5005988023952096,0.9940476190476191,840.0
EUR/GBP,binary,8,Ensemble (mean proba),0.5,0.4045971086315605,0.07986199776725944,-0.45669061198918615,0.6227871959215027,0.5024271844660194,0.9809523809523809,840.0
EUR/GBP,binary,8,"Logit (statsmodels, PCA)",0.5,0.38814201941921894,0.07663518515646994,-0.4641205190931894,0.5523487663620521,0.5005988023952096,0.9940476190476191,840.0
EUR/GBP,binary,8,XGBoost,0.4857142857142857,0.36532136229930806,0.07202035212090219,-0.4684713758029061,0.5793450870677987,0.48856799037304455,0.9892857142857143,840.0
EUR/GBP,binary,8,Ensemble (weighted train acc),0.4976190476190476,0.35205159431480754,0.0692256659041588,-0.45669061198918626,0.5449323439335827,0.49818621523579204,0.9845238095238096,840.0
EUR/GBP,binary,8,Hist gradient boosting,0.5107142857142857,0.2848119938415913,0.05511302059089784,-0.45567733998910287,0.43083234500379114,0.5090036014405762,0.9916666666666667,840.0
EUR/GBP,binary,8,Gradient boosting (sklearn),0.48333333333333334,0.18324726470351307,0.03553277201985683,-0.5430460827034703,0.27861581283080394,0.481437125748503,0.9940476190476191,840.0
EUR/GBP,binary,8,Random forest,0.48928571428571427,-0.03962883467814354,-0.0073809570212444164,-0.514997845562599,-0.06002773289843941,0.49206349206349204,0.975,840.0
EUR/GBP,binary,9,SVM (RBF),0.5369047619047619,0.9103814971655079,0.20295311619093415,-0.4858609868874566,1.3251594185217705,0.535024154589372,0.9857142857142858,840.0
EUR/GBP,binary,9,"Logistic (sklearn, on global PCA)",0.5178571428571429,0.8340853110193249,0.1847090824436619,-0.4556368895327114,1.1423532377384535,0.5173237753882916,0.9964285714285714,840.0
EUR/GBP,binary,9,Gradient boosting (sklearn),0.530952380952381,0.7800349905909093,0.17171017864385396,-0.6349388973949794,1.0520259623263102,0.5329341317365269,0.9940476190476191,840.0
EUR/GBP,binary,9,MLP neural net,0.5095238095238095,0.5040522124754068,0.10227595228503117,-0.478540942171948,0.7183270149352605,0.5154241645244216,0.9261904761904762,840.0
EUR/GBP,binary,9,Hist gradient boosting,0.49642857142857144,0.30981102382324366,0.06491090865707694,-0.558203300874635,0.43616205561441473,0.49760765550239233,0.9952380952380953,840.0
EUR/GBP,binary,9,XGBoost,0.4988095238095238,0.2688057632703768,0.056181952608343355,-0.6391832702793537,0.3662421645054498,0.4987980769230769,0.9904761904761905,840.0
EUR/GBP,binary,9,"Logit (statsmodels, PCA)",0.5095238095238095,0.25202027508970776,0.052420846847163194,-0.6082763060998071,0.32932420027177106,0.5090252707581228,0.9892857142857143,840.0
EUR/GBP,binary,9,Ensemble (weighted train acc),0.5095238095238095,0.06447200726456433,0.013086184076627205,-0.6921931954962921,0.08290963478034964,0.5097087378640777,0.9809523809523809,840.0
EUR/GBP,binary,9,"Probit (statsmodels, PCA)",0.5047619047619047,0.05885704074137694,0.01205626469993315,-0.6292076538840028,0.07740017712024613,0.5047846889952153,0.9952380952380953,840.0
EUR/GBP,binary,9,Ensemble (mean proba),0.5107142857142857,-0.047992217194173334,-0.00963010623871019,-0.7061426547346488,-0.06128674154597995,0.508495145631068,0.9809523809523809,840.0
EUR/GBP,binary,9,Random forest,0.49166666666666664,-0.7808453307029024,-0.1464461779230587,-0.749855584514213,-0.9876941117610348,0.49029126213592233,0.9809523809523809,840.0
EUR/GBP,binary,10,SVM (RBF),0.5226190476190476,0.12812436579382044,0.026910209229692228,-0.5444399643759783,0.18377319466684372,0.5242236024844721,0.9583333333333334,840.0
EUR/GBP,binary,10,MLP neural net,0.5404761904761904,0.023063113679900542,0.004897066301595476,-0.7452630100606736,0.02711386330433285,0.5417721518987342,0.9404761904761905,840.0
EUR/GBP,binary,10,XGBoost,0.4988095238095238,-0.026354359869046943,-0.005651628763356786,-0.6240346699631829,-0.034900366671131784,0.5,0.9928571428571429,840.0
EUR/GBP,binary,10,Gradient boosting (sklearn),0.4988095238095238,-0.1228358903455957,-0.02605448721064807,-0.6299064856525776,-0.16462061210731346,0.4993983152827918,0.9892857142857143,840.0
EUR/GBP,binary,10,Hist gradient boosting,0.5059523809523809,-0.2870747140990206,-0.059365867336178435,-0.5985040910806301,-0.3740179640406437,0.5072115384615384,0.9904761904761905,840.0
EUR/GBP,binary,10,Ensemble (mean proba),0.5023809523809524,-0.4169677663481578,-0.08535559923437286,-0.6949318080302305,-0.5402801034030795,0.5,0.9857142857142858,840.0
EUR/GBP,binary,10,Ensemble (weighted train acc),0.49523809523809526,-0.4621665467684198,-0.09433506465813069,-0.695620663996918,-0.6021334593509784,0.4957780458383595,0.986904761904762,840.0
EUR/GBP,binary,10,"Logistic (sklearn, on global PCA)",0.5059523809523809,-0.5347954332716273,-0.10730953534905296,-0.7206035936932085,-0.6912155592393643,0.5024271844660194,0.9809523809523809,840.0
EUR/GBP,binary,10,"Probit (statsmodels, PCA)",0.4976190476190476,-0.5736795530579405,-0.11550423733958948,-0.7529007313242964,-0.7434384531847138,0.4987980769230769,0.9904761904761905,840.0
EUR/GBP,binary,10,"Logit (statsmodels, PCA)",0.4928571428571429,-0.7186498236474109,-0.14291471831655278,-0.761326344430652,-0.9305307849634606,0.49459783913565425,0.9916666666666667,840.0
EUR/GBP,binary,10,Random forest,0.48095238095238096,-1.0076838464185516,-0.19391917121227253,-0.7591174467577266,-1.289238784691927,0.48484848484848486,0.9821428571428571,840.0
EUR/GBP,ternary,1,MLP neural net,0.8392857142857143,0.5477225575051665,0.0004299203152544617,0.0,,1.0,0.0011904761904761906,840.0
EUR/GBP,ternary,1,Hist gradient boosting,0.7607142857142857,0.34124516323987225,0.005991949452589518,-0.02231776186272194,0.2118829625448892,0.47191011235955055,0.10595238095238095,840.0
EUR/GBP,ternary,1,"MNLogit (statsmodels, PCA)",0.7488095238095238,0.3243335475880033,0.00658351156741066,-0.037579668678554556,0.17303239957599825,0.5319148936170213,0.11190476190476191,840.0
EUR/GBP,ternary,1,XGBoost,0.8273809523809523,0.2106131498044319,0.001756059743516003,-0.015249497500947506,0.07937674954370924,0.4,0.017857142857142856,840.0
EUR/GBP,ternary,1,Ensemble (weighted train acc),0.8321428571428572,0.15382151014747084,0.0006882261334615336,-0.006927432866546512,0.02471926555093544,0.5,0.007142857142857143,840.0
EUR/GBP,ternary,1,Ensemble (mean proba),0.8261904761904761,0.15382151014747084,0.0006882261334615336,-0.006927432866546512,0.02471926555093544,0.5,0.007142857142857143,840.0
EUR/GBP,ternary,1,"Logistic (sklearn, on global PCA)",0.4523809523809524,-0.08502204348173545,-0.0036908407909008734,-0.08266688840449865,-0.08311615524868385,0.48717948717948717,0.4642857142857143,840.0
EUR/GBP,ternary,1,Gradient boosting (sklearn),0.6714285714285714,-0.20813578997490717,-0.006175072967626871,-0.05574290028057427,-0.13536298852039605,0.47802197802197804,0.21666666666666667,840.0
EUR/GBP,ternary,1,Random forest,0.8416666666666667,,0.0,0.0,,,0.0,840.0
EUR/GBP,ternary,1,SVM (RBF),0.8428571428571429,,0.0,0.0,,,0.0,840.0
EUR/GBP,ternary,2,Random forest,0.6773809523809524,0.5627938039310802,0.007796040894174849,-0.024503180518508527,0.15988304188832803,0.5,0.02142857142857143,840.0
EUR/GBP,ternary,2,Hist gradient boosting,0.5535714285714286,0.11813581791056119,0.005592512170459862,-0.08822054760884956,0.10080211362513819,0.45754716981132076,0.2523809523809524,840.0
EUR/GBP,ternary,2,Ensemble (weighted train acc),0.6369047619047619,0.03136729642730053,0.0006705201876184841,-0.04970939352214421,0.013371055144524626,0.4603174603174603,0.075,840.0
EUR/GBP,ternary,2,"MNLogit (statsmodels, PCA)",0.6416666666666667,-0.08333988571607853,-0.002393773937686472,-0.09039079542406203,-0.03444886027618116,0.5121951219512195,0.09761904761904762,840.0
EUR/GBP,ternary,2,"Logistic (sklearn, on global PCA)",0.3738095238095238,-0.09281457642729839,-0.006002959204377656,-0.14129032123643048,-0.09425577961349461,0.475,0.47619047619047616,840.0
EUR/GBP,ternary,2,Ensemble (mean proba),0.6345238095238095,-0.19554816426198982,-0.00390585787371045,-0.0515599320037855,-0.07515031613063579,0.41509433962264153,0.0630952380952381,840.0
EUR/GBP,ternary,2,MLP neural net,0.6904761904761905,-0.742103066723902,-0.004467110530481322,-0.014872958243742462,-0.0888049262355139,0.0,0.002380952380952381,840.0
EUR/GBP,ternary,2,XGBoost,0.611904761904762,-1.1707889657158232,-0.03721010583331852,-0.1580060023441494,-0.641403404803215,0.3805309734513274,0.13452380952380952,840.0
EUR/GBP,ternary,2,Gradient boosting (sklearn),0.5428571428571428,-1.8421406919613814,-0.09797964775630852,-0.3234230636805787,-1.3095244455597654,0.4017094017094017,0.2785714285714286,840.0
EUR/GBP,ternary,2,SVM (RBF),0.6952380952380952,,0.0,0.0,,,0.0,840.0
EUR/GBP,ternary,3,Hist gradient boosting,0.4738095238095238,-0.16519190289529187,-0.01142797930087558,-0.1918227799368517,-0.1234427772903827,0.5138888888888888,0.34285714285714286,840.0
EUR/GBP,ternary,3,"Logistic (sklearn, on global PCA)",0.3773809523809524,-0.4359703791953447,-0.03566395517284504,-0.2542549055322054,-0.3761682280656444,0.5038961038961038,0.4583333333333333,840.0
EUR/GBP,ternary,3,Gradient boosting (sklearn),0.44285714285714284,-0.4371491946398629,-0.03263347956155349,-0.21300296720293554,-0.3942921444342887,0.4868804664723032,0.4083333333333333,840.0
EUR/GBP,ternary,3,SVM (RBF),0.5583333333333333,-0.5451581475742874,-0.013799870163693218,-0.06637769761790413,-0.19342276526422622,0.43137254901960786,0.060714285714285714,840.0
EUR/GBP,ternary,3,Ensemble (weighted train acc),0.4797619047619048,-0.6650038241919977,-0.03962218715075272,-0.19201250750400256,-0.4267085925930654,0.4784688995215311,0.2488095238095238,840.0
EUR/GBP,ternary,3,MLP neural net,0.5976190476190476,-0.6803619302124937,-0.011249443644106516,-0.05099866133036035,-0.08500631587068751,0.2857142857142857,0.008333333333333333,840.0
EUR/GBP,ternary,3,Random forest,0.5357142857142857,-0.8409045835200761,-0.023645929847621483,-0.10172782779347866,-0.3826888381514785,0.3815789473684211,0.09047619047619047,840.0
EUR/GBP,ternary,3,XGBoost,0.4845238095238095,-0.8629263526078299,-0.05313158584812916,-0.22654431190743118,-0.6288377790252326,0.4628099173553719,0.28809523809523807,840.0
EUR/GBP,ternary,3,Ensemble (mean proba),0.4797619047619048,-1.0767908719600598,-0.06082792544460225,-0.23152266680447875,-0.6524343720159781,0.453125,0.22857142857142856,840.0
EUR/GBP,ternary,3,"MNLogit (statsmodels, PCA)",0.47023809523809523,-1.29697316184086,-0.08486939743917898,-0.303129880229014,-0.8569370829268051,0.4608695652173913,0.27380952380952384,840.0
EUR/GBP,ternary,4,Hist gradient boosting,0.4261904761904762,0.5875203620738232,0.05895619447701694,-0.14613015632017812,0.5668411462372214,0.5230769230769231,0.4642857142857143,840.0
EUR/GBP,ternary,4,XGBoost,0.44047619047619047,0.3260713670110299,0.030953710895965436,-0.21907895929018673,0.2869857792175198,0.5100864553314121,0.41309523809523807,840.0
EUR/GBP,ternary,4,Ensemble (weighted train acc),0.43452380952380953,-0.04012938304770206,-0.003215054717608634,-0.19367589278270358,-0.030626647893825684,0.4963235294117647,0.3238095238095238,840.0
EUR/GBP,ternary,4,Ensemble (mean proba),0.42738095238095236,-0.061382252917509116,-0.004870389035464773,-0.20320643047104592,-0.0461067998711084,0.4864864864864865,0.30833333333333335,840.0
EUR/GBP,ternary,4,Gradient boosting (sklearn),0.4023809523809524,-0.2811033651795605,-0.026179576117652537,-0.27327336676688596,-0.2795150653440795,0.4821852731591449,0.5011904761904762,840.0
EUR/GBP,ternary,4,SVM (RBF),0.4797619047619048,-0.35058534207591413,-0.016044330950895636,-0.1681585445370508,-0.18457272781491857,0.4380952380952381,0.125,840.0
EUR/GBP,ternary,4,"Logistic (sklearn, on global PCA)",0.34404761904761905,-0.3847948149380746,-0.03931068750530242,-0.31626724300774756,-0.43952706327151503,0.4721030042918455,0.5547619047619048,840.0
EUR/GBP,ternary,4,Random forest,0.45476190476190476,-0.5918952169938202,-0.028028707019666754,-0.15307807902523773,-0.3586351821726546,0.44525547445255476,0.1630952380952381,840.0
EUR/GBP,ternary,4,MLP neural net,0.5214285714285715,-0.9406762876028735,-0.027360588781360162,-0.09827940418537295,-0.18136745216442715,0.43333333333333335,0.03571428571428571,840.0
EUR/GBP,ternary,4,"MNLogit (statsmodels, PCA)",0.4154761904761905,-1.3258185117153543,-0.11241200123929096,-0.4072578421295361,-1.061213215308317,0.45544554455445546,0.3607142857142857,840.0
EUR/GBP,ternary,5,XGBoost,0.40476190476190477,0.7006104042089379,0.07381462114395432,-0.2798070166114188,0.6280453954068226,0.5698924731182796,0.44285714285714284,840.0
EUR/GBP,ternary,5,Ensemble (weighted train acc),0.41309523809523807,0.3170729516997277,0.030413225981502423,-0.27973682647371767,0.26412016469768296,0.5469255663430421,0.3678571428571429,840.0
EUR/GBP,ternary,5,Hist gradient boosting,0.4154761904761905,0.2848414165711834,0.0321440156614865,-0.28515290592531173,0.24822521793236776,0.556930693069307,0.48095238095238096,840.0
EUR/GBP,ternary,5,MLP neural net,0.4583333333333333,0.22184828462987863,0.007750853892113829,-0.07354587911354438,0.07598202626642674,0.59375,0.0761904761904762,840.0
EUR/GBP,ternary,5,Random forest,0.4095238095238095,-0.0012456652700769627,-7.62868926512672e-05,-0.17187821810414505,-0.0008414292468965675,0.5439560439560439,0.21666666666666667,840.0
EUR/GBP,ternary,5,Ensemble (mean proba),0.40714285714285714,-0.034724291492126844,-0.0032578050623918164,-0.3059829934916882,-0.02874577640579432,0.5304054054054054,0.3523809523809524,840.0
EUR/GBP,ternary,5,Gradient boosting (sklearn),0.38333333333333336,-0.07929628144821851,-0.008947327530920757,-0.32089893869655683,-0.07790130755729353,0.5347222222222222,0.5142857142857142,840.0
EUR/GBP,ternary,5,"Logistic (sklearn, on global PCA)",0.34404761904761905,-0.1281583340870325,-0.014516675614365981,-0.37178155708197114,-0.14448150153739162,0.5010893246187363,0.5464285714285714,840.0
EUR/GBP,ternary,5,"MNLogit (statsmodels, PCA)",0.37023809523809526,-0.2260454292585156,-0.024374938881800645,-0.3415649002104848,-0.22977889587772243,0.5,0.45714285714285713,840.0
EUR/GBP,ternary,5,SVM (RBF),0.44166666666666665,-0.7927332268519818,-0.04844052971114399,-0.2713691802789011,-0.46180144942031953,0.46938775510204084,0.175,840.0
EUR/GBP,ternary,6,Random forest,0.3738095238095238,0.9123272988193388,0.06088681073793367,-0.05596992842958892,0.7097984437997379,0.5696969696969697,0.19642857142857142,840.0
EUR/GBP,ternary,6,Hist gradient boosting,0.3607142857142857,0.7907128306582663,0.11379872655684187,-0.3048154822828688,0.795216936439489,0.5492957746478874,0.5916666666666667,840.0
EUR/GBP,ternary,6,Ensemble (weighted train acc),0.35595238095238096,0.5666990775649865,0.060853406087976625,-0.22355354424555685,0.5313646734402525,0.5258358662613982,0.39166666666666666,840.0
EUR/GBP,ternary,6,XGBoost,0.3595238095238095,0.4749562940653859,0.054761149800768294,-0.2319272075360408,0.4480329382462226,0.5341772151898734,0.47023809523809523,840.0
EUR/GBP,ternary,6,Ensemble (mean proba),0.36428571428571427,0.4691912425704851,0.04933617599018758,-0.2461487693457497,0.42870180502557537,0.5224358974358975,0.37142857142857144,840.0
EUR/GBP,ternary,6,"Logistic (sklearn, on global PCA)",0.34285714285714286,0.26647937212969103,0.03466492917560804,-0.3547657174129629,0.2709718818691305,0.5088888888888888,0.5357142857142857,840.0
EUR/GBP,ternary,6,Gradient boosting (sklearn),0.36904761904761907,0.14223247559522897,0.016536274348363023,-0.34721179100469257,0.13594672151486464,0.5182481751824818,0.48928571428571427,840.0
EUR/GBP,ternary,6,SVM (RBF),0.4023809523809524,0.06456644976388488,0.004054245458479544,-0.17877432267531213,0.058476603522312105,0.46153846153846156,0.18571428571428572,840.0
EUR/GBP,ternary,6,"MNLogit (statsmodels, PCA)",0.3821428571428571,-0.09450366200540207,-0.01132118209658961,-0.3120131895557121,-0.08701081841143431,0.49591280653950953,0.4369047619047619,840.0
EUR/GBP,ternary,6,MLP neural net,0.4607142857142857,-0.14321335700354773,-0.008348787554952497,-0.16797253594361672,-0.05458469011570591,0.35714285714285715,0.05,840.0
EUR/GBP,ternary,7,SVM (RBF),0.40595238095238095,0.49919468339610973,0.03831568643859162,-0.19180149078057407,0.42339315466647676,0.5212765957446809,0.22380952380952382,840.0
EUR/GBP,ternary,7,Gradient boosting (sklearn),0.35119047619047616,0.06512277081023118,0.009371156500637134,-0.48388929874423847,0.06585099978572119,0.5083333333333333,0.5714285714285714,840.0
EUR/GBP,ternary,7,Ensemble (weighted train acc),0.3416666666666667,-0.09953001101217691,-0.01337374865535268,-0.4152862463368935,-0.08848563322015889,0.48314606741573035,0.4238095238095238,840.0
EUR/GBP,ternary,7,Ensemble (mean proba),0.3535714285714286,-0.10545500278151605,-0.014067421115378731,-0.40257139451239254,-0.09197146091884074,0.48255813953488375,0.4095238095238095,840.0
EUR/GBP,ternary,7,MLP neural net,0.45476190476190476,-0.17065667049929223,-0.01608873925377785,-0.33660500243904046,-0.06391091034767832,0.5348837209302325,0.10238095238095238,840.0
EUR/GBP,ternary,7,XGBoost,0.35,-0.26981585515136997,-0.03845937449078307,-0.4860553505018467,-0.263725960029527,0.47344110854503463,0.5154761904761904,840.0
EUR/GBP,ternary,7,"Logistic (sklearn, on global PCA)",0.3392857142857143,-0.2956328116610344,-0.04512859174679895,-0.46613821236544806,-0.315825908305784,0.4803738317757009,0.6369047619047619,840.0
EUR/GBP,ternary,7,Hist gradient boosting,0.34404761904761905,-0.38367060519975427,-0.057451974527989114,-0.4320672618524307,-0.4250346850197494,0.46601941747572817,0.6130952380952381,840.0
EUR/GBP,ternary,7,"MNLogit (statsmodels, PCA)",0.3738095238095238,-0.39303237586437506,-0.055658639529205356,-0.48445734261616424,-0.37031818782147596,0.4724770642201835,0.5190476190476191,840.0
EUR/GBP,ternary,7,Random forest,0.3630952380952381,-0.4623089601500239,-0.04269877187089555,-0.2959430503210051,-0.40538111900574414,0.4430379746835443,0.28214285714285714,840.0
EUR/GBP,ternary,8,MLP neural net,0.3952380952380952,0.21103060107618124,0.021691716554186558,-0.4093043769729531,0.14469824577592297,0.4411764705882353,0.1619047619047619,840.0
EUR/GBP,ternary,8,Random forest,0.325,-0.3641498765299134,-0.044662626328288324,-0.416749058598202,-0.3314951575350472,0.4725609756097561,0.3904761904761905,840.0
EUR/GBP,ternary,8,"Logistic (sklearn, on global PCA)",0.3345238095238095,-0.6304237134825078,-0.10306820028541286,-0.6021304639415139,-0.6985631690613159,0.4791288566243194,0.655952380952381,840.0
EUR/GBP,ternary,8,Ensemble (weighted train acc),0.3392857142857143,-0.6400346627940218,-0.09719383817236893,-0.5698625333806292,-0.7015889427944215,0.4684873949579832,0.5666666666666667,840.0
EUR/GBP,ternary,8,Hist gradient boosting,0.31666666666666665,-0.6405607588221304,-0.10137473381163586,-0.5638330891408272,-0.8003293246759825,0.4590443686006826,0.6976190476190476,840.0
EUR/GBP,ternary,8,XGBoost,0.32976190476190476,-0.660249906914866,-0.10211966894630176,-0.520718847509455,-0.8025932447061923,0.46065259117082535,0.6202380952380953,840.0
EUR/GBP,ternary,8,Gradient boosting (sklearn),0.32857142857142857,-0.7370833654744824,-0.11580351233453157,-0.5478022036990526,-0.7705495938012012,0.4538606403013183,0.6321428571428571,840.0
EUR/GBP,ternary,8,Ensemble (mean proba),0.3392857142857143,-0.7398220115946379,-0.10989891148822395,-0.6020065860331014,-0.7947115904945894,0.463519313304721,0.5547619047619048,840.0
EUR/GBP,ternary,8,"MNLogit (statsmodels, PCA)",0.34285714285714286,-0.7904277470327364,-0.12449326690646068,-0.6073535504680148,-0.8276123668866492,0.47808764940239046,0.5976190476190476,840.0
EUR/GBP,ternary,8,SVM (RBF),0.3773809523809524,-0.8651445719403358,-0.08491944029428711,-0.41553724073449005,-0.7653336534699546,0.44274809160305345,0.3119047619047619,840.0
EUR/GBP,ternary,9,MLP neural net,0.33214285714285713,0.44839058880760396,0.04186423739922196,-0.28371150145328394,0.3007217312344002,0.5100671140939598,0.1773809523809524,840.0
EUR/GBP,ternary,9,XGBoost,0.3416666666666667,0.26618257066584333,0.048262138041477165,-0.5409784114859041,0.31115746384566945,0.48877374784110533,0.6892857142857143,840.0
EUR/GBP,ternary,9,Ensemble (weighted train acc),0.3392857142857143,0.1829002017158861,0.031951177091801286,-0.4835629424193787,0.202087790966504,0.491362763915547,0.6202380952380953,840.0
EUR/GBP,ternary,9,Gradient boosting (sklearn),0.3416666666666667,0.14512047485390414,0.02658243564541074,-0.4841186215941429,0.15652033939369847,0.519163763066202,0.6833333333333333,840.0
EUR/GBP,ternary,9,Ensemble (mean proba),0.34404761904761905,0.03473903358452471,0.00598749855873848,-0.5080780228453645,0.03781565547003629,0.48140900195694714,0.6083333333333333,840.0
EUR/GBP,ternary,9,Hist gradient boosting,0.3119047619047619,-0.03072004899937845,-0.005305139197989472,-0.3934998580587685,-0.037308477178578436,0.46901172529313234,0.7107142857142857,840.0
EUR/GBP,ternary,9,"MNLogit (statsmodels, PCA)",0.3261904761904762,-0.06109536890546579,-0.010746608543878544,-0.5443846238630514,-0.06772991194411074,0.4917431192660551,0.6488095238095238,840.0
EUR/GBP,ternary,9,Random forest,0.325,-0.15529718971753154,-0.021506508404705804,-0.4990421812414413,-0.15302320707465988,0.47527472527472525,0.43333333333333335,840.0
EUR/GBP,ternary,9,"Logistic (sklearn, on global PCA)",0.33095238095238094,-0.26249606918748286,-0.04571752553265562,-0.5548545008553989,-0.2956314215744786,0.48114901256732495,0.6630952380952381,840.0
EUR/GBP,ternary,9,SVM (RBF),0.3726190476190476,-0.6906853543271051,-0.08734107678029768,-0.5404505571496376,-0.6789334425549036,0.4714285714285714,0.4166666666666667,840.0
EUR/GBP,ternary,10,Gradient boosting (sklearn),0.37142857142857144,0.8856237757149026,0.18905271620208208,-0.5177326377850686,0.950841077962303,0.5507745266781411,0.6916666666666667,840.0
EUR/GBP,ternary,10,Hist gradient boosting,0.3404761904761905,0.5103515371834129,0.10387509534487926,-0.5043179757298776,0.5702099153267565,0.5100334448160535,0.7119047619047619,840.0
EUR/GBP,ternary,10,Ensemble (weighted train acc),0.32976190476190476,0.331874518700331,0.06521800646430731,-0.5360628814495382,0.3507043872207191,0.5203703703703704,0.6428571428571429,840.0
EUR/GBP,ternary,10,XGBoost,0.3488095238095238,0.2794784903648967,0.054647203980687564,-0.5736521916406596,0.3056170427981926,0.5180102915951973,0.694047619047619,840.0
EUR/GBP,ternary,10,"Logistic (sklearn, on global PCA)",0.3488095238095238,0.1011061645470875,0.0201479584245845,-0.622443286034227,0.11012831101291409,0.5068259385665529,0.6976190476190476,840.0
EUR/GBP,ternary,10,Ensemble (mean proba),0.325,0.03187137407148404,0.0060952589728917594,-0.5862837875290485,0.03278277473345582,0.5141776937618148,0.6297619047619047,840.0
EUR/GBP,ternary,10,"MNLogit (statsmodels, PCA)",0.3357142857142857,-0.14999829076215646,-0.02908021532100391,-0.6252193086893383,-0.16351487714371185,0.4974182444061962,0.6916666666666667,840.0
EUR/GBP,ternary,10,Random forest,0.31785714285714284,-0.3511207202170075,-0.06119061149895566,-0.6210127009535207,-0.3170042851736642,0.5124716553287982,0.525,840.0
EUR/GBP,ternary,10,SVM (RBF),0.34285714285714286,-0.879870223542727,-0.12065661896704283,-0.575976012859373,-0.9296210746054226,0.47368421052631576,0.4976190476190476,840.0
EUR/GBP,ternary,10,MLP neural net,0.3619047619047619,-0.9610050454720561,-0.09789566767227742,-0.483004724701106,-0.618945733803309,0.40131578947368424,0.18095238095238095,840.0
GBP/JPY,binary,1,"Logistic (sklearn, on global PCA)",0.4988095238095238,0.0690996431169892,0.0057602188701466606,-0.14455609900810695,0.09420474358886398,0.5030826140567201,0.9654761904761905,840.0
GBP/JPY,binary,1,MLP neural net,0.48928571428571427,0.04729375992257224,0.003721467623003738,-0.19918453923100343,0.06671610683669597,0.4919137466307278,0.8833333333333333,840.0
GBP/JPY,binary,1,SVM (RBF),0.49404761904761907,-0.11681267210304547,-0.009385156641424142,-0.21913764709342043,-0.146939937303614,0.5058214747736093,0.9202380952380952,840.0
GBP/JPY,binary,1,"Logit (statsmodels, PCA)",0.5011904761904762,-0.17958599654258997,-0.014662236826057051,-0.13018596466470866,-0.24395532788260105,0.5006242197253433,0.9535714285714286,840.0
GBP/JPY,binary,1,"Probit (statsmodels, PCA)",0.5,-0.20476999220022488,-0.016731237323789894,-0.1268957333095424,-0.2799051965608609,0.4993757802746567,0.9535714285714286,840.0
GBP/JPY,binary,1,Hist gradient boosting,0.5059523809523809,-0.29445598787878574,-0.02428771450493783,-0.17605370917443441,-0.3927025573932892,0.5078407720144753,0.986904761904762,840.0
GBP/JPY,binary,1,Random forest,0.5178571428571429,-0.33578395793567967,-0.02655062112468154,-0.18269547486425886,-0.42287688408072327,0.5170670037926675,0.9416666666666667,840.0
GBP/JPY,binary,1,Ensemble (mean proba),0.4928571428571429,-0.46386605045932966,-0.03780443650926801,-0.18676243951176952,-0.614319946731764,0.49754901960784315,0.9714285714285714,840.0
GBP/JPY,binary,1,Ensemble (weighted train acc),0.4976190476190476,-0.4866500023405862,-0.03962503202175749,-0.18488498271546905,-0.6432253771646714,0.5006134969325153,0.9702380952380952,840.0
GBP/JPY,binary,1,XGBoost,0.48928571428571427,-0.7258011828765774,-0.05888806496776677,-0.21217108707502452,-0.9647312909034417,0.49333333333333335,0.9821428571428571,840.0
GBP/JPY,binary,1,Gradient boosting (sklearn),0.5,-0.9360935685875221,-0.07529721874418815,-0.2578645626236322,-1.1955033286763483,0.49878934624697335,0.9833333333333333,840.0
GBP/JPY,binary,2,XGBoost,0.5190476190476191,0.6938426906499733,0.08711209137412834,-0.18138060811216328,1.0169196266431297,0.5211097708082026,0.986904761904762,840.0
GBP/JPY,binary,2,Hist gradient boosting,0.5214285714285715,0.4907858593032808,0.060943075696894056,-0.16229466963939831,0.692138187042939,0.5235792019347038,0.9845238095238096,840.0
GBP/JPY,binary,2,SVM (RBF),0.5107142857142857,0.42138587904636204,0.051192920943385234,-0.2638321473517933,0.5788653686338965,0.5093632958801498,0.9535714285714286,840.0
GBP/JPY,binary,2,Random forest,0.4976190476190476,-0.19920397991224797,-0.023482026631356012,-0.2957114676571798,-0.2650449710064074,0.499383477188656,0.9654761904761905,840.0
GBP/JPY,binary,2,Ensemble (mean proba),0.5011904761904762,-0.22329967547242374,-0.026798127151222317,-0.2682834318883771,-0.30229350127648263,0.5,0.9761904761904762,840.0
GBP/JPY,binary,2,"Logistic (sklearn, on global PCA)",0.48928571428571427,-0.2758191841960908,-0.032798586371376115,-0.39118697874036823,-0.3756089441642868,0.4932349323493235,0.9678571428571429,840.0
GBP/JPY,binary,2,Ensemble (weighted train acc),0.5,-0.30725656955310177,-0.0364203606411867,-0.2835288322251488,-0.4139312265643102,0.4987864077669903,0.9809523809523809,840.0
GBP/JPY,binary,2,"Probit (statsmodels, PCA)",0.4857142857142857,-0.41181571311318405,-0.048645745032093846,-0.36504769857560904,-0.5651570687131642,0.4884287454323995,0.9773809523809524,840.0
GBP/JPY,binary,2,MLP neural net,0.48928571428571427,-0.44470661180453835,-0.04985920500033003,-0.3977712432740257,-0.5795875804703494,0.49546044098573283,0.9178571428571428,840.0
GBP/JPY,binary,2,"Logit (statsmodels, PCA)",0.49166666666666664,-0.45677156909468275,-0.05395908137912242,-0.34984720544068204,-0.6265270521194077,0.48661800486618007,0.9785714285714285,840.0
GBP/JPY,binary,2,Gradient boosting (sklearn),0.4880952380952381,-0.9665357704443526,-0.11023880625975668,-0.43893356447688936,-1.2685322032844557,0.4880095923261391,0.9928571428571429,840.0
GBP/JPY,binary,3,MLP neural net,0.5035714285714286,0.14844342795681145,0.022238352701589914,-0.4847423100767987,0.2123663306838937,0.5069356872635561,0.944047619047619,840.0
GBP/JPY,binary,3,SVM (RBF),0.5023809523809524,0.1120543857818691,0.015711212320737022,-0.3175543102655638,0.15618491656983388,0.4980793854033291,0.9297619047619048,840.0
GBP/JPY,binary,3,Hist gradient boosting,0.4928571428571429,-0.5343116905159517,-0.07725918294772904,-0.3813322594863471,-0.7620032061185017,0.49336550060313633,0.986904761904762,840.0
GBP/JPY,binary,3,Ensemble (mean proba),0.48214285714285715,-0.7266803536173452,-0.1035059827556375,-0.4927677558162763,-1.0406968535928636,0.48009650180940894,0.986904761904762,840.0
GBP/JPY,binary,3,"Logistic (sklearn, on global PCA)",0.4738095238095238,-0.7379534327943388,-0.10465548330800167,-0.5310891080964977,-1.0506662991113551,0.4774665042630938,0.9773809523809524,840.0
GBP/JPY,binary,3,Random forest,0.48214285714285715,-0.7523060033768886,-0.10609931179841636,-0.46934851692113966,-1.0734224401363175,0.4801980198019802,0.9619047619047619,840.0
GBP/JPY,binary,3,Ensemble (weighted train acc),0.48214285714285715,-0.7913917570816693,-0.1115244302105356,-0.48674979052118617,-1.1220479599230089,0.479951397326853,0.9797619047619047,840.0
GBP/JPY,binary,3,"Logit (statsmodels, PCA)",0.4773809523809524,-0.8180936942588148,-0.11595637161130046,-0.55574907246509,-1.1625946420826903,0.47572815533980584,0.9809523809523809,840.0
GBP/JPY,binary,3,"Probit (statsmodels, PCA)",0.4714285714285714,-0.920081167550616,-0.12896231663082425,-0.5691147643894119,-1.304803147838568,0.4726609963547995,0.9797619047619047,840.0
GBP/JPY,binary,3,XGBoost,0.4845238095238095,-1.15021952388636,-0.15938012628822062,-0.5317173993028206,-1.558247470949233,0.48502994011976047,0.9940476190476191,840.0
GBP/JPY,binary,3,Gradient boosting (sklearn),0.46904761904761905,-1.1560228061070092,-0.16024258146793924,-0.5013433035152459,-1.6433957231203309,0.46953405017921146,0.9964285714285714,840.0
GBP/JPY,binary,4,SVM (RBF),0.5071428571428571,0.13449469458841903,0.02352857215243498,-0.31685903653638536,0.18613891040527988,0.5054945054945055,0.975,840.0
GBP/JPY,binary,4,MLP neural net,0.5,0.11223666214606787,0.019254983706086692,-0.5658083975810275,0.1514765999967333,0.5012987012987012,0.9166666666666666,840.0
GBP/JPY,binary,4,Gradient boosting (sklearn),0.5023809523809524,-0.2886578951546849,-0.04962300929703445,-0.4143193974284669,-0.40207239537840866,0.5005988023952096,0.9940476190476191,840.0
GBP/JPY,binary,4,Hist gradient boosting,0.49166666666666664,-0.4102885397822524,-0.06990237286047474,-0.4273998027941811,-0.577695225897266,0.4928400954653938,0.9976190476190476,840.0
GBP/JPY,binary,4,XGBoost,0.4928571428571429,-0.5346174570551604,-0.08978710453104821,-0.4868736545381903,-0.7369571632165955,0.4909963985594238,0.9916666666666667,840.0
GBP/JPY,binary,4,Random forest,0.4880952380952381,-0.699017838537368,-0.11534158248112214,-0.5547382308573455,-0.9475396559634671,0.4854368932038835,0.9809523809523809,840.0
GBP/JPY,binary,4,"Logit (statsmodels, PCA)",0.48214285714285715,-0.8644859940585138,-0.14100093045154383,-0.6049966614401309,-1.1870145635259186,0.48612786489746684,0.986904761904762,840.0
GBP/JPY,binary,4,"Probit (statsmodels, PCA)",0.4773809523809524,-1.0224100537789975,-0.16479537801997535,-0.6239945171833524,-1.4106415848741578,0.47946859903381644,0.9857142857142858,840.0
GBP/JPY,binary,4,"Logistic (sklearn, on global PCA)",0.47619047619047616,-1.064508123871272,-0.17034096405649124,-0.6256551026150047,-1.481055175274052,0.47572815533980584,0.9809523809523809,840.0
GBP/JPY,binary,4,Ensemble (weighted train acc),0.4797619047619048,-1.1241792107991757,-0.17935576935732245,-0.6250716379379988,-1.5038916447048634,0.48062953995157387,0.9833333333333333,840.0
GBP/JPY,binary,4,Ensemble (mean proba),0.48095238095238096,-1.1764080201458602,-0.1872129014780024,-0.6367219309428201,-1.5834852749906492,0.4795180722891566,0.9880952380952381,840.0
GBP/JPY,binary,5,MLP neural net,0.4773809523809524,-0.19115020055387003,-0.03483275920140094,-0.6933825963311747,-0.28126144784838353,0.4738955823293173,0.8892857142857142,840.0
GBP/JPY,binary,5,"Probit (statsmodels, PCA)",0.4880952380952381,-0.7922116039052447,-0.14578365009782923,-0.6961429372038145,-1.0833153231379766,0.48736462093862815,0.9892857142857143,840.0
GBP/JPY,binary,5,"Logit (statsmodels, PCA)",0.4845238095238095,-0.8215890128896525,-0.1507993734393095,-0.69346671127686,-1.1240339117687759,0.48612786489746684,0.986904761904762,840.0
GBP/JPY,binary,5,"Logistic (sklearn, on global PCA)",0.48333333333333334,-0.8582308984874586,-0.15596486522653408,-0.6466268334775285,-1.2043034839079931,0.4807228915662651,0.9880952380952381,840.0
GBP/JPY,binary,5,Ensemble (weighted train acc),0.4845238095238095,-1.0510533041438477,-0.18835567633804695,-0.6719655084931055,-1.4191266477858722,0.4813477737665463,0.9892857142857143,840.0
GBP/JPY,binary,5,Ensemble (mean proba),0.48214285714285715,-1.1039854352449074,-0.19660069904186395,-0.6837130962115076,-1.4908204434590597,0.47889022919179736,0.986904761904762,840.0
GBP/JPY,binary,5,Hist gradient boosting,0.4738095238095238,-1.179974553371096,-0.2090144111456308,-0.6598456272388145,-1.6103023885867158,0.47607655502392343,0.9952380952380953,840.0
GBP/JPY,binary,5,SVM (RBF),0.4880952380952381,-1.2923340675598947,-0.22571375615069078,-0.716420028901336,-1.6462053535875107,0.4854721549636804,0.9833333333333333,840.0
GBP/JPY,binary,5,Gradient boosting (sklearn),0.45595238095238094,-1.3500064159337,-0.23405567904851443,-0.7052026373050035,-1.9190219790792133,0.4561824729891957,0.9916666666666667,840.0
GBP/JPY,binary,5,XGBoost,0.4714285714285714,-1.4237297359398455,-0.24629057388875253,-0.7440682812986474,-1.903572057527892,0.4724220623501199,0.9928571428571429,840.0
GBP/JPY,binary,5,Random forest,0.46785714285714286,-1.4400412713960307,-0.24714918018915188,-0.7655734855543894,-1.8882080303780473,0.4661016949152542,0.9833333333333333,840.0
GBP/JPY,binary,6,MLP neural net,0.5285714285714286,0.8000069275201844,0.1877541136676697,-0.4142189259045784,1.1871008239004888,0.5264516129032258,0.9226190476190477,840.0
GBP/JPY,binary,6,Random forest,0.49523809523809526,-0.363297647890013,-0.07630019282969003,-0.68799943122459,-0.5135379524001195,0.49393203883495146,0.9809523809523809,840.0
GBP/JPY,binary,6,SVM (RBF),0.5023809523809524,-0.40303466397593146,-0.07847064027586237,-0.6170617009124257,-0.5086778841654306,0.5031685678073511,0.9392857142857143,840.0
GBP/JPY,binary,6,"Logistic (sklearn, on global PCA)",0.49523809523809526,-0.5152683384757125,-0.10654739660481094,-0.6898246042404524,-0.7017370218180192,0.49458483754512633,0.9892857142857143,840.0
GBP/JPY,binary,6,Ensemble (mean proba),0.4928571428571429,-0.6037793730559989,-0.12323004476907551,-0.7098604627624528,-0.798709794981461,0.49817739975698666,0.9797619047619047,840.0
GBP/JPY,binary,6,"Logit (statsmodels, PCA)",0.5,-0.7287970811492093,-0.14808784467701153,-0.7436996914144978,-0.9658990231756793,0.4969915764139591,0.9892857142857143,840.0
GBP/JPY,binary,6,"Probit (statsmodels, PCA)",0.4988095238095238,-0.8063098354236116,-0.16226995076799267,-0.7448861228453891,-1.0696606512307314,0.4957983193277311,0.9916666666666667,840.0
GBP/JPY,binary,6,Gradient boosting (sklearn),0.49404761904761907,-0.9066931187850842,-0.18043341917030697,-0.7413055928158228,-1.2066156072992218,0.49338146811071,0.9892857142857143,840.0
GBP/JPY,binary,6,XGBoost,0.47619047619047616,-0.9375559669754344,-0.18522669081394327,-0.7415471194045411,-1.2814338756371981,0.4801920768307323,0.9916666666666667,840.0
GBP/JPY,binary,6,Ensemble (weighted train acc),0.4845238095238095,-0.9851273257501348,-0.1943572963605137,-0.7495166798154957,-1.3138814990817727,0.48495788206979545,0.9892857142857143,840.0
GBP/JPY,binary,6,Hist gradient boosting,0.47023809523809523,-1.0161395252062884,-0.19987892040316202,-0.6916958558494339,-1.3958080901524688,0.46882494004796166,0.9928571428571429,840.0
GBP/JPY,binary,7,Random forest,0.5214285714285715,0.3431254318379479,0.08558402965287759,-0.6344638896925825,0.48841713730156355,0.5224787363304981,0.9797619047619047,840.0
GBP/JPY,binary,7,SVM (RBF),0.5095238095238095,-0.17106510517127863,-0.03997187238061073,-0.5449262915012041,-0.229762980137901,0.5109489051094891,0.9785714285714285,840.0
GBP/JPY,binary,7,"Logistic (sklearn, on global PCA)",0.5047619047619047,-0.27895445656386164,-0.06473046650944869,-0.7436445196656231,-0.3790546842233423,0.503001200480192,0.9916666666666667,840.0
GBP/JPY,binary,7,XGBoost,0.5166666666666667,-0.3531614320263484,-0.08070366629966674,-0.7488455823414942,-0.4712636056941158,0.5157004830917874,0.9857142857142858,840.0
GBP/JPY,binary,7,"Logit (statsmodels, PCA)",0.5035714285714286,-0.4119047833078076,-0.0936423324573532,-0.7531912673708321,-0.5493155832734142,0.5024038461538461,0.9904761904761905,840.0
GBP/JPY,binary,7,"Probit (statsmodels, PCA)",0.5,-0.43927400425049173,-0.09995416403046842,-0.7580516047492475,-0.586139753221665,0.5018007202881153,0.9916666666666667,840.0
GBP/JPY,binary,7,Gradient boosting (sklearn),0.4988095238095238,-0.44484090783204094,-0.10089645785989598,-0.727781892653275,-0.5906087263531914,0.5018094089264173,0.986904761904762,840.0
GBP/JPY,binary,7,Ensemble (mean proba),0.5107142857142857,-0.5139502780314341,-0.1137678662632361,-0.7445841141643916,-0.6741429019697953,0.5110565110565111,0.969047619047619,840.0
GBP/JPY,binary,7,Ensemble (weighted train acc),0.5107142857142857,-0.5147428759487777,-0.11554013439708777,-0.7330563180753165,-0.6824952511699437,0.511543134872418,0.9797619047619047,840.0
GBP/JPY,binary,7,MLP neural net,0.5154761904761904,-0.6471331429271432,-0.14038964324454462,-0.8104745194046018,-0.8014693544623809,0.5188916876574308,0.9452380952380952,840.0
GBP/JPY,binary,7,Hist gradient boosting,0.5011904761904762,-0.6878928368205455,-0.1519793264340703,-0.7405601043548444,-0.9412131082446618,0.5029868578255675,0.9964285714285714,840.0
GBP/JPY,binary,8,Random forest,0.5083333333333333,0.8027928390679271,0.22725107089578667,-0.5648959665766986,1.188710006838562,0.5097087378640777,0.9809523809523809,840.0
GBP/JPY,binary,8,SVM (RBF),0.5261904761904762,0.4842960060814115,0.13206095540467722,-0.48398046312477105,0.6668212210874868,0.5271411338962606,0.986904761904762,840.0
GBP/JPY,binary,8,Gradient boosting (sklearn),0.5154761904761904,0.22803751293152116,0.060572171992078205,-0.6654219546506275,0.3103605449472898,0.5149342891278376,0.9964285714285714,840.0
GBP/JPY,binary,8,Ensemble (weighted train acc),0.5190476190476191,0.1881676176602001,0.04971997462597488,-0.7457756590082429,0.25279039224253913,0.5174488567990373,0.9892857142857143,840.0
GBP/JPY,binary,8,Ensemble (mean proba),0.5166666666666667,0.1695304146438407,0.04447756534354985,-0.7470046526571648,0.2265594393414444,0.5175332527206772,0.9845238095238096,840.0
GBP/JPY,binary,8,XGBoost,0.5166666666666667,0.08492882530409943,0.022063481940738816,-0.7796659299696963,0.11136973328346692,0.5168269230769231,0.9904761904761905,840.0
GBP/JPY,binary,8,"Logistic (sklearn, on global PCA)",0.5107142857142857,0.0506697498303471,0.013145132441094498,-0.7302891221791157,0.06996087790050405,0.5107913669064749,0.9928571428571429,840.0
GBP/JPY,binary,8,Hist gradient boosting,0.5083333333333333,-0.0457552203704905,-0.011718813245279236,-0.6651810546928666,-0.06224572920828093,0.507177033492823,0.9952380952380953,840.0
GBP/JPY,binary,8,"Logit (statsmodels, PCA)",0.5154761904761904,-0.15769929865655996,-0.03986625512540942,-0.8146149372515588,-0.20400653582682843,0.5143884892086331,0.9928571428571429,840.0
GBP/JPY,binary,8,"Probit (statsmodels, PCA)",0.5166666666666667,-0.1939935006918446,-0.048483558752869915,-0.8177108639133019,-0.24984757506282868,0.5156626506024097,0.9880952380952381,840.0
GBP/JPY,binary,8,MLP neural net,0.5142857142857142,-0.2502530352995925,-0.06040182628864488,-0.8386934299431451,-0.30718632420164327,0.5203045685279187,0.9380952380952381,840.0
GBP/JPY,binary,9,Random forest,0.5166666666666667,0.1999475927872774,0.05612353811887627,-0.7621680208506825,0.26556358242767797,0.516867469879518,0.9880952380952381,840.0
GBP/JPY,binary,9,Gradient boosting (sklearn),0.5178571428571429,0.11557958011880276,0.032214724803277583,-0.5920853662965424,0.15614963997813344,0.5173652694610779,0.9940476190476191,840.0
GBP/JPY,binary,9,MLP neural net,0.5095238095238095,0.09122783935839465,0.024840398227364613,-0.840451769879042,0.11381294242802657,0.5132075471698113,0.9464285714285714,840.0
GBP/JPY,binary,9,SVM (RBF),0.5142857142857142,0.08265456166084773,0.022843837668253153,-0.519847198088834,0.11543587784185401,0.5120192307692307,0.9904761904761905,840.0
GBP/JPY,binary,9,XGBoost,0.4880952380952381,-0.6550947436678801,-0.1637678361600563,-0.8260408764097645,-0.8779489190405427,0.4909963985594238,0.9916666666666667,840.0
GBP/JPY,binary,9,Ensemble (mean proba),0.4845238095238095,-0.8501791389106393,-0.20602496518531155,-0.8237051298992193,-1.1283666746962415,0.4891041162227603,0.9833333333333333,840.0
GBP/JPY,binary,9,Ensemble (weighted train acc),0.48928571428571427,-0.8614817070774208,-0.21001250965782214,-0.8304040972286912,-1.1500407079833475,0.4879518072289157,0.9880952380952381,840.0
GBP/JPY,binary,9,"Logistic (sklearn, on global PCA)",0.4654761904761905,-0.9882507979235693,-0.23718471541811503,-0.8013106039307188,-1.437251939068783,0.4658682634730539,0.9940476190476191,840.0
GBP/JPY,binary,9,"Logit (statsmodels, PCA)",0.47619047619047616,-1.1972852991023015,-0.27909850377588674,-0.8356714710337017,-1.63097604532305,0.477326968973747,0.9976190476190476,840.0
GBP/JPY,binary,9,Hist gradient boosting,0.47619047619047616,-1.4014652302225616,-0.3185821388993353,-0.863734744416749,-1.8503389249625246,0.4755661501787843,0.9988095238095238,840.0
GBP/JPY,binary,9,"Probit (statsmodels, PCA)",0.46904761904761905,-1.4133174956330692,-0.3181826120374358,-0.8580949737880409,-1.923594614208063,0.46690734055354993,0.9892857142857143,840.0
GBP/JPY,binary,10,SVM (RBF),0.5095238095238095,0.26896984524815704,0.08119599277824752,-0.5072510080537607,0.39770679744651594,0.5101311084624554,0.9988095238095238,840.0
GBP/JPY,binary,10,MLP neural net,0.5154761904761904,0.09105366491632311,0.02626948180380473,-0.8539783994794385,0.11529475890903543,0.514030612244898,0.9333333333333333,840.0
GBP/JPY,binary,10,"Logistic (sklearn, on global PCA)",0.48095238095238096,-0.2369205754383995,-0.06625432701641631,-0.8103207425586199,-0.3480380972404132,0.4830917874396135,0.9857142857142858,840.0
GBP/JPY,binary,10,"Probit (statsmodels, PCA)",0.49047619047619045,-0.6269049631035942,-0.16318926413179835,-0.8419896121204169,-0.8468630289821829,0.4891566265060241,0.9880952380952381,840.0
GBP/JPY,binary,10,"Logit (statsmodels, PCA)",0.4880952380952381,-0.6971750457813497,-0.18073559032124575,-0.8430531915232158,-0.9448222946141416,0.4855421686746988,0.9880952380952381,840.0
GBP/JPY,binary,10,Gradient boosting (sklearn),0.5178571428571429,-1.0239316909954372,-0.25466064922870724,-0.884242829546146,-1.2765725373730088,0.5155875299760192,0.9928571428571429,840.0
GBP/JPY,binary,10,Random forest,0.47619047619047616,-1.2651674062990137,-0.3000767578264276,-0.9010339986096679,-1.6160562958415172,0.4749082007343941,0.9726190476190476,840.0
GBP/JPY,binary,10,Ensemble (mean proba),0.4738095238095238,-1.3669541304967177,-0.3265748966949037,-0.9041451319292239,-1.7995914153325538,0.47305389221556887,0.9940476190476191,840.0
GBP/JPY,binary,10,Ensemble (weighted train acc),0.475,-1.409404643411432,-0.3336278380203076,-0.9089994656851649,-1.8455030558950065,0.472289156626506,0.9880952380952381,840.0
GBP/JPY,binary,10,Hist gradient boosting,0.4654761904761905,-2.001353043934371,-0.4379053635855571,-0.9538511176528199,-2.5844623008286978,0.4658682634730539,0.9940476190476191,840.0
GBP/JPY,binary,10,XGBoost,0.44642857142857145,-2.1565262483219474,-0.4619333643421454,-0.9483676774178452,-2.8005976896690314,0.44752714113389624,0.986904761904762,840.0
GBP/JPY,ternary,1,Hist gradient boosting,0.5928571428571429,0.05039447089374718,0.0025547281254443277,-0.08723090314746196,0.03581153286797574,0.5,0.2761904761904762,840.0
GBP/JPY,ternary,1,MLP neural net,0.7380952380952381,-0.033113229972157064,-0.0001531563468289976,-0.0062178786323641155,,0.5,0.002380952380952381,840.0
GBP/JPY,ternary,1,XGBoost,0.6440476190476191,-0.2772441607086888,-0.011187000726292307,-0.06615579489256673,-0.14677349792235475,0.4838709677419355,0.14761904761904762,840.0
GBP/JPY,ternary,1,Gradient boosting (sklearn),0.5904761904761905,-0.4733975393523785,-0.02694828146103312,-0.13985794700517096,-0.3565343484428331,0.476,0.2976190476190476,840.0
GBP/JPY,ternary,1,"MNLogit (statsmodels, PCA)",0.6833333333333333,-0.7951088924185639,-0.03028421314050722,-0.1125554584451347,-0.3095623228573009,0.4470588235294118,0.10119047619047619,840.0
GBP/JPY,ternary,1,Ensemble (weighted train acc),0.6833333333333333,-0.8086298243014837,-0.02130121557167375,-0.09570067930429615,-0.2862806614708379,0.4393939393939394,0.07857142857142857,840.0
GBP/JPY,ternary,1,Ensemble (mean proba),0.6964285714285714,-1.0460586605278825,-0.023101709030741158,-0.07994502355969324,-0.32165626383678547,0.38,0.05952380952380952,840.0
GBP/JPY,ternary,1,"Logistic (sklearn, on global PCA)",0.32142857142857145,-1.2238458205416318,-0.07270919514704033,-0.2599206991329902,-1.0809138888158336,0.46683673469387754,0.4666666666666667,840.0
GBP/JPY,ternary,1,Random forest,0.7261904761904762,,0.0,0.0,,,0.0,840.0
GBP/JPY,ternary,1,SVM (RBF),0.736904761904762,,0.0,0.0,,,0.0,840.0
GBP/JPY,ternary,2,Hist gradient boosting,0.4166666666666667,0.22234446539273447,0.017341599553111875,-0.17932485841675427,0.18665106888010324,0.5287356321839081,0.4142857142857143,840.0
GBP/JPY,ternary,2,Gradient boosting (sklearn),0.42738095238095236,-0.2968030270678439,-0.026943031159029296,-0.23373885750936219,-0.2846077321500954,0.4654255319148936,0.44761904761904764,840.0
GBP/JPY,ternary,2,XGBoost,0.43452380952380953,-0.4139659466501271,-0.026713836331424767,-0.15724947217575236,-0.2776600437643088,0.4896265560165975,0.2869047619047619,840.0
GBP/JPY,ternary,2,SVM (RBF),0.5511904761904762,-0.5169434904022923,-0.004973213155257894,-0.028319385223045668,-0.10696003516750716,0.4444444444444444,0.02142857142857143,840.0
GBP/JPY,ternary,2,Ensemble (mean proba),0.45357142857142857,-0.6682733526466682,-0.03610052183774304,-0.1460939659792151,-0.33317583653901073,0.47435897435897434,0.18571428571428572,840.0
GBP/JPY,ternary,2,MLP neural net,0.5726190476190476,-0.7290398083209175,-0.0018243750065285447,-0.006078725829937626,-0.05553181756766439,0.0,0.0035714285714285713,840.0
GBP/JPY,ternary,2,Random forest,0.5011904761904762,-0.7535809414172875,-0.032536675696463346,-0.13696963734352696,-0.23865164583305348,0.43283582089552236,0.07976190476190476,840.0
GBP/JPY,ternary,2,Ensemble (weighted train acc),0.4583333333333333,-0.7623511979021935,-0.042903267264821965,-0.16640593706556572,-0.4160023703303898,0.4502923976608187,0.20357142857142857,840.0
GBP/JPY,ternary,2,"Logistic (sklearn, on global PCA)",0.33095238095238094,-0.8798990100106667,-0.06710867655715458,-0.3209288348202183,-0.7285012133073983,0.4731182795698925,0.44285714285714284,840.0
GBP/JPY,ternary,2,"MNLogit (statsmodels, PCA)",0.4511904761904762,-1.333741186178069,-0.062283937981458704,-0.23129280753543657,-0.7084644179332058,0.42038216560509556,0.1869047619047619,840.0
GBP/JPY,ternary,3,MLP neural net,0.4035714285714286,0.4578995142953817,0.01099288721947378,-0.022466880030620917,0.15689309950083405,0.6206896551724138,0.034523809523809526,840.0
GBP/JPY,ternary,3,"MNLogit (statsmodels, PCA)",0.36547619047619045,-0.5204472180658222,-0.05065675776512646,-0.3895431656455133,-0.3940157260605792,0.5033557046979866,0.3547619047619048,840.0
GBP/JPY,ternary,3,"Logistic (sklearn, on global PCA)",0.33095238095238094,-0.5443600946203109,-0.05843048245626503,-0.41391830801114315,-0.49356190857906956,0.5023923444976076,0.4976190476190476,840.0
GBP/JPY,ternary,3,Hist gradient boosting,0.3630952380952381,-0.8273886519450193,-0.08793321560020173,-0.3211176344128148,-0.8466672913947322,0.4682352941176471,0.5059523809523809,840.0
GBP/JPY,ternary,3,XGBoost,0.3607142857142857,-0.9438745910281032,-0.09659474099244092,-0.38175501270591106,-0.8589304113329431,0.46900269541778977,0.44166666666666665,840.0
GBP/JPY,ternary,3,Random forest,0.38452380952380955,-1.2031362574040472,-0.09452208182826916,-0.32851858964304625,-0.7906445076529384,0.445,0.23809523809523808,840.0
GBP/JPY,ternary,3,SVM (RBF),0.37976190476190474,-1.2059177590906107,-0.06025076092530246,-0.277642516612831,-0.6365771235852078,0.46551724137931033,0.1380952380952381,840.0
GBP/JPY,ternary,3,Ensemble (mean proba),0.3607142857142857,-1.3312942432723722,-0.11361878716899665,-0.4057742444591006,-1.0437058630741398,0.44404332129963897,0.32976190476190476,840.0
GBP/JPY,ternary,3,Ensemble (weighted train acc),0.375,-1.3840541656675982,-0.12109071194991272,-0.4029110177652838,-1.1159079710258553,0.4511784511784512,0.3535714285714286,840.0
GBP/JPY,ternary,3,Gradient boosting (sklearn),0.37023809523809526,-1.5117774408788636,-0.1675437927843857,-0.514577981215742,-1.4786036153671047,0.4564755838641189,0.5607142857142857,840.0
GBP/JPY,ternary,4,MLP neural net,0.3547619047619048,0.028865547467115678,0.0011417103303177356,-0.08037070454324002,0.014266733183946239,0.4642857142857143,0.06666666666666667,840.0
GBP/JPY,ternary,4,SVM (RBF),0.3416666666666667,-0.47653121687361655,-0.042909254834944344,-0.30340332461051644,-0.2788669402097383,0.5049019607843137,0.24285714285714285,840.0
GBP/JPY,ternary,4,Hist gradient boosting,0.32976190476190476,-0.5854981166482933,-0.07659605774778366,-0.3914263682747102,-0.6516499736147574,0.46975806451612906,0.5904761904761905,840.0
GBP/JPY,ternary,4,XGBoost,0.3535714285714286,-0.6526605835248175,-0.08240113201481059,-0.43661761847974934,-0.650051066987602,0.484304932735426,0.530952380952381,840.0
GBP/JPY,ternary,4,Ensemble (weighted train acc),0.33690476190476193,-0.6935045565292693,-0.07955663652846023,-0.40876713288216626,-0.6055071440811067,0.49333333333333335,0.44642857142857145,840.0
GBP/JPY,ternary,4,Random forest,0.34285714285714286,-0.7727884608623675,-0.0713399557644151,-0.3322010083006469,-0.5896867377456017,0.4838709677419355,0.29523809523809524,840.0
GBP/JPY,ternary,4,Ensemble (mean proba),0.3416666666666667,-0.847804394941703,-0.09738762279281066,-0.4272911578339461,-0.7257870907639518,0.48626373626373626,0.43333333333333335,840.0
GBP/JPY,ternary,4,"Logistic (sklearn, on global PCA)",0.3047619047619048,-1.0497593054292875,-0.12707760835756965,-0.538079795446619,-1.0171739166968379,0.4789915966386555,0.5666666666666667,840.0
GBP/JPY,ternary,4,"MNLogit (statsmodels, PCA)",0.305952380952381,-1.1089577680812366,-0.12936087778349603,-0.56188910470379,-0.9813039773148277,0.48325358851674644,0.4976190476190476,840.0
GBP/JPY,ternary,4,Gradient boosting (sklearn),0.3416666666666667,-1.2054929829935888,-0.16025296716927762,-0.48231944108396674,-1.244635106309374,0.4572025052192067,0.5702380952380952,840.0
GBP/JPY,ternary,5,MLP neural net,0.3595238095238095,0.5596675608137199,0.054150764597883594,-0.2991718369681665,0.3705132317840105,0.5168539325842697,0.2119047619047619,840.0
GBP/JPY,ternary,5,SVM (RBF),0.37023809523809526,-0.5595610897403102,-0.06968962809495904,-0.3690421234395004,-0.45468651095304585,0.5,0.430952380952381,840.0
GBP/JPY,ternary,5,Gradient boosting (sklearn),0.33690476190476193,-0.801303339611123,-0.12174293015593363,-0.6185618971984204,-0.8132460065185029,0.49604743083003955,0.6023809523809524,840.0
GBP/JPY,ternary,5,Ensemble (weighted train acc),0.32142857142857145,-0.9933337244500905,-0.14096562798903323,-0.6393507118496634,-0.9496569584190109,0.4904862579281184,0.5630952380952381,840.0
GBP/JPY,ternary,5,Ensemble (mean proba),0.3202380952380952,-1.020537081587303,-0.14518670758692198,-0.6423020562226162,-0.9575214491877934,0.49356223175965663,0.5547619047619048,840.0
GBP/JPY,ternary,5,"MNLogit (statsmodels, PCA)",0.33214285714285713,-1.0792643972107936,-0.16541161200773247,-0.6655301608628723,-1.106426822291232,0.49165120593692024,0.6416666666666667,840.0
GBP/JPY,ternary,5,Hist gradient boosting,0.30952380952380953,-1.132194235266893,-0.170050425632445,-0.652025491340957,-1.2505115731276595,0.4749568221070812,0.6892857142857143,840.0
GBP/JPY,ternary,5,XGBoost,0.305952380952381,-1.1659251538444877,-0.17569451439637385,-0.6961251098337873,-1.1789484101393637,0.49552772808586765,0.6654761904761904,840.0
GBP/JPY,ternary,5,"Logistic (sklearn, on global PCA)",0.319047619047619,-1.2130030397814622,-0.17808538634026094,-0.6376601729406383,-1.2286495880406298,0.4875239923224568,0.6202380952380953,840.0
GBP/JPY,ternary,5,Random forest,0.3333333333333333,-1.5205846425608414,-0.18738109602417397,-0.6453994862895833,-1.2600121567637934,0.46285714285714286,0.4166666666666667,840.0
GBP/JPY,ternary,6,"Logistic (sklearn, on global PCA)",0.34285714285714286,-0.43526044746703213,-0.08061906958088427,-0.5804887072546729,-0.47261142994838456,0.5143884892086331,0.6619047619047619,840.0
GBP/JPY,ternary,6,MLP neural net,0.3416666666666667,-0.6819380015701505,-0.08831068125212205,-0.503062189021714,-0.5159539096210276,0.4756554307116105,0.31785714285714284,840.0
GBP/JPY,ternary,6,Hist gradient boosting,0.319047619047619,-0.7866119952413927,-0.14070996175574646,-0.5940444796807205,-0.8930265037969731,0.4905982905982906,0.6964285714285714,840.0
GBP/JPY,ternary,6,"MNLogit (statsmodels, PCA)",0.32857142857142857,-0.7977220667978102,-0.1443808181248465,-0.6196179469377119,-0.8941924933926086,0.5,0.7,840.0
GBP/JPY,ternary,6,XGBoost,0.3357142857142857,-0.873675636659123,-0.15044546988555552,-0.5759001010230478,-1.0188591194256584,0.4732142857142857,0.6666666666666666,840.0
GBP/JPY,ternary,6,SVM (RBF),0.3488095238095238,-0.9160598408461493,-0.1375150520171785,-0.5083608234775049,-0.8550655923617038,0.5,0.5571428571428572,840.0
GBP/JPY,ternary,6,Ensemble (mean proba),0.3357142857142857,-1.0498928162439867,-0.17384378651087407,-0.6283302872561614,-1.0872421763112956,0.49510763209393344,0.6083333333333333,840.0
GBP/JPY,ternary,6,Ensemble (weighted train acc),0.32976190476190476,-1.125923873227663,-0.18612882781789464,-0.6446734300050834,-1.1830867327453591,0.4894433781190019,0.6202380952380953,840.0
GBP/JPY,ternary,6,Random forest,0.33095238095238094,-1.3892032241450478,-0.19148268859927076,-0.5765148635814821,-1.2032059342452266,0.4792176039119804,0.4869047619047619,840.0
GBP/JPY,ternary,6,Gradient boosting (sklearn),0.32142857142857145,-1.87326312533154,-0.30447008112828033,-0.7814880210158992,-2.07538716085754,0.4619289340101523,0.7035714285714286,840.0
GBP/JPY,ternary,7,Gradient boosting (sklearn),0.36904761904761907,0.7766727256038085,0.18594229925245997,-0.5497240520620641,0.9658365631370016,0.5246913580246914,0.7714285714285715,840.0
GBP/JPY,ternary,7,XGBoost,0.3523809523809524,-0.26296831971103396,-0.05494091381910493,-0.6511972869811464,-0.308756454399615,0.5120772946859904,0.7392857142857143,840.0
GBP/JPY,ternary,7,"Logistic (sklearn, on global PCA)",0.3392857142857143,-0.3491592402845728,-0.07279821823184562,-0.60441417440768,-0.4207114530476276,0.4855687606112054,0.7011904761904761,840.0
GBP/JPY,ternary,7,Random forest,0.35,-0.37130212588932915,-0.06027155174941479,-0.46966535536252874,-0.383617422305295,0.49443207126948774,0.5345238095238095,840.0
GBP/JPY,ternary,7,Ensemble (weighted train acc),0.3547619047619048,-0.3855581910101246,-0.07777940717520548,-0.6691723648414993,-0.41181114844304095,0.5245901639344263,0.6535714285714286,840.0
GBP/JPY,ternary,7,SVM (RBF),0.3488095238095238,-0.42266040401376365,-0.07442234607854914,-0.5164570791305212,-0.44032457017709387,0.5086705202312138,0.6178571428571429,840.0
GBP/JPY,ternary,7,Hist gradient boosting,0.3619047619047619,-0.4261032527713175,-0.08966693798484504,-0.6803377576552154,-0.4946697361744859,0.5235109717868338,0.7595238095238095,840.0
GBP/JPY,ternary,7,"MNLogit (statsmodels, PCA)",0.34285714285714286,-0.43018627557450884,-0.09018588308163855,-0.7037219067464715,-0.502243933257299,0.49331103678929766,0.7119047619047619,840.0
GBP/JPY,ternary,7,MLP neural net,0.3761904761904762,-0.459599279293434,-0.06951220689186932,-0.540462225842669,-0.3710620969638977,0.4691358024691358,0.38571428571428573,840.0
GBP/JPY,ternary,7,Ensemble (mean proba),0.3535714285714286,-0.48197442866775136,-0.09660568630668276,-0.6956875163615208,-0.5065158246133045,0.5242537313432836,0.638095238095238,840.0
GBP/JPY,ternary,8,Gradient boosting (sklearn),0.38571428571428573,1.336294220415887,0.3728527941613726,-0.4629380446829843,1.7968164321415234,0.5392749244712991,0.7880952380952381,840.0
GBP/JPY,ternary,8,XGBoost,0.3821428571428571,0.5298354661298996,0.1286944169657811,-0.555309849640947,0.6679957119157212,0.5195195195195195,0.7928571428571428,840.0
GBP/JPY,ternary,8,"Logistic (sklearn, on global PCA)",0.34404761904761905,0.02508073153244865,0.00588192732081283,-0.6943500887403883,0.03056884942118229,0.5083333333333333,0.7142857142857143,840.0
GBP/JPY,ternary,8,Hist gradient boosting,0.39166666666666666,0.015207575950624209,0.003624224295033729,-0.7264625813162584,0.01782006676166411,0.5449275362318841,0.8214285714285714,840.0
GBP/JPY,ternary,8,"MNLogit (statsmodels, PCA)",0.36904761904761907,-0.025478801934399213,-0.006014063073975673,-0.7002995224633595,-0.031023362588398093,0.5168,0.7440476190476191,840.0
GBP/JPY,ternary,8,SVM (RBF),0.3821428571428571,-0.09767221130141886,-0.019134194371499547,-0.48722015710075806,-0.10363353626508284,0.5295202952029521,0.6452380952380953,840.0
GBP/JPY,ternary,8,Ensemble (weighted train acc),0.3821428571428571,-0.12740418204884632,-0.02859581582723425,-0.6515786169164539,-0.14232733371042056,0.5247863247863248,0.6964285714285714,840.0
GBP/JPY,ternary,8,Ensemble (mean proba),0.3761904761904762,-0.12843277658651903,-0.028562601868108772,-0.6396208362461102,-0.14272220570100966,0.5242214532871973,0.6880952380952381,840.0
GBP/JPY,ternary,8,MLP neural net,0.35714285714285715,-0.3819701463514823,-0.06144057555981741,-0.5984063739744325,-0.2943402962825137,0.5,0.3976190476190476,840.0
GBP/JPY,ternary,8,Random forest,0.4011904761904762,-0.5364171743358085,-0.09476691696680828,-0.5690998262392251,-0.5329023352927499,0.49583333333333335,0.5714285714285714,840.0
GBP/JPY,ternary,9,SVM (RBF),0.36666666666666664,0.36359137339742387,0.07701624030661014,-0.5465313579620912,0.3916367759991051,0.5378787878787878,0.6285714285714286,840.0
GBP/JPY,ternary,9,"Logistic (sklearn, on global PCA)",0.32976190476190476,0.1052081263472627,0.02628475046107792,-0.6902603005434287,0.12722480390435234,0.5090311986863711,0.725,840.0
GBP/JPY,ternary,9,"MNLogit (statsmodels, PCA)",0.35714285714285715,-0.014652426369034011,-0.0037886893316636527,-0.6817771493953313,-0.017999950787085002,0.5083207261724659,0.7869047619047619,840.0
GBP/JPY,ternary,9,Gradient boosting (sklearn),0.3488095238095238,-0.02737230392917983,-0.007155829657736201,-0.7489192869602079,-0.032871534547965715,0.5261744966442953,0.8869047619047619,840.0
GBP/JPY,ternary,9,Random forest,0.35833333333333334,-0.5035329760394269,-0.10222768550289285,-0.6393421043713332,-0.48720256385757604,0.5153374233128835,0.5821428571428572,840.0
GBP/JPY,ternary,9,XGBoost,0.3392857142857143,-0.8069479887702429,-0.1858605293780916,-0.7806760601203934,-0.9458067378699319,0.5,0.8380952380952381,840.0
GBP/JPY,ternary,9,Ensemble (weighted train acc),0.34523809523809523,-0.8492016498489529,-0.1915084621864963,-0.7502102636254123,-0.9611916063985059,0.5007656967840735,0.7773809523809524,840.0
GBP/JPY,ternary,9,Ensemble (mean proba),0.3488095238095238,-0.900765343047491,-0.19874831266010073,-0.7508969348879565,-1.0073661407887329,0.49763779527559054,0.7559523809523809,840.0
GBP/JPY,ternary,9,MLP neural net,0.32976190476190476,-1.0138135039506808,-0.16144897463632057,-0.7371271371696131,-0.7712821546751502,0.47928994082840237,0.4023809523809524,840.0
GBP/JPY,ternary,9,Hist gradient boosting,0.3345238095238095,-1.3898644563581308,-0.30123881474686975,-0.8540541383416336,-1.6480895390960046,0.48324022346368717,0.8523809523809524,840.0
GBP/JPY,ternary,10,SVM (RBF),0.375,0.760920919061661,0.17226187691314832,-0.5810975854593157,0.8262614902079248,0.5345528455284553,0.5857142857142857,840.0
GBP/JPY,ternary,10,Gradient boosting (sklearn),0.3488095238095238,-0.15680751127940934,-0.040631943428310224,-0.76496801872592,-0.18077849556875145,0.5249621785173979,0.7869047619047619,840.0
GBP/JPY,ternary,10,"Logistic (sklearn, on global PCA)",0.3476190476190476,-0.22905233223769983,-0.05758587020676387,-0.7745552398328629,-0.2780325354687698,0.4974271012006861,0.694047619047619,840.0
GBP/JPY,ternary,10,Ensemble (mean proba),0.3476190476190476,-0.26705993216352375,-0.06506486455131766,-0.7092866215487499,-0.29398569672922903,0.514480408858603,0.6988095238095238,840.0
GBP/JPY,ternary,10,MLP neural net,0.34523809523809523,-0.39509174827678684,-0.06813954531069588,-0.7054396597927908,-0.3177714228025566,0.5129682997118156,0.41309523809523807,840.0
GBP/JPY,ternary,10,Ensemble (weighted train acc),0.3464285714285714,-0.4092881451580027,-0.09688745511216634,-0.7450059110117102,-0.44962741889166385,0.5091514143094842,0.7154761904761905,840.0
GBP/JPY,ternary,10,"MNLogit (statsmodels, PCA)",0.34285714285714286,-0.49252524723146757,-0.12073306360553282,-0.764651890838838,-0.5710900496482156,0.5024232633279483,0.736904761904762,840.0
GBP/JPY,ternary,10,Random forest,0.34285714285714286,-0.7258242316548091,-0.14684990962737354,-0.7429339806505426,-0.6649448686016871,0.505307855626327,0.5607142857142857,840.0
GBP/JPY,ternary,10,XGBoost,0.3464285714285714,-1.2118590897384285,-0.2733728932051621,-0.8739563162802291,-1.4516596239607793,0.4645441389290883,0.8226190476190476,840.0
GBP/JPY,ternary,10,Hist gradient boosting,0.3047619047619048,-1.642132984115478,-0.352452576467293,-0.8948286195251729,-2.0082676541128666,0.45161290322580644,0.8488095238095238,840.0
